customer_id,age,job,marital,education,default,balance,home_loan,personal_loan,contact,deposit
1,65,retired,divorced,secondary,no,744,no,no,cellular,no
2,38,blue-collar,married,secondary,no,1627,no,no,unknown,yes
3,35,blue-collar,single,secondary,no,4963,yes,no,cellular,yes
4,47,blue-collar,married,secondary,no,8229,no,no,cellular,yes
5,35,technician,married,tertiary,no,1473,yes,no,unknown,no
6,30,management,single,tertiary,no,119,no,no,cellular,no
7,47,admin.,married,secondary,no,3434,yes,yes,telephone,no
8,56,blue-collar,married,secondary,no,771,yes,yes,unknown,no
9,35,self-employed,divorced,secondary,no,3443,no,no,cellular,no
10,26,student,single,tertiary,no,10086,no,no,cellular,no
11,55,technician,married,secondary,no,0,no,no,cellular,no
12,49,management,married,tertiary,no,20,yes,no,cellular,no
13,26,technician,single,secondary,no,507,no,no,cellular,yes
14,46,blue-collar,divorced,primary,no,219,yes,no,cellular,yes
15,27,admin.,single,secondary,no,4745,no,no,telephone,yes
16,35,management,married,secondary,no,97,yes,no,unknown,no
17,29,admin.,single,secondary,no,464,no,no,cellular,yes
18,29,technician,single,secondary,no,113,no,no,cellular,yes
19,56,admin.,married,secondary,no,5310,no,no,unknown,no
20,37,admin.,married,secondary,no,1049,no,no,cellular,no
21,27,technician,single,secondary,no,204,no,no,cellular,yes
22,22,student,single,secondary,no,254,no,no,cellular,yes
23,43,technician,single,secondary,no,593,yes,no,unknown,no
24,27,student,single,secondary,no,2614,no,no,cellular,yes
25,43,technician,married,secondary,no,0,no,yes,cellular,no
26,53,blue-collar,married,secondary,yes,-634,no,no,cellular,no
27,28,management,single,tertiary,no,9314,no,no,cellular,yes
28,47,admin.,married,secondary,no,1387,yes,no,cellular,no
29,38,management,married,tertiary,no,613,no,no,cellular,yes
30,57,blue-collar,married,unknown,no,3196,no,no,cellular,no
31,35,blue-collar,married,primary,no,102,yes,no,unknown,yes
32,34,blue-collar,single,secondary,no,550,yes,no,cellular,no
33,28,technician,single,secondary,no,250,no,yes,cellular,no
34,39,entrepreneur,married,secondary,no,11887,no,no,cellular,yes
35,31,management,single,tertiary,no,2016,no,no,cellular,yes
36,26,entrepreneur,married,tertiary,yes,144,no,yes,cellular,no
37,31,blue-collar,married,secondary,no,671,yes,no,unknown,yes
38,33,management,single,tertiary,no,1304,yes,no,cellular,yes
39,28,services,single,secondary,no,1636,yes,no,cellular,no
40,23,technician,single,secondary,no,598,no,no,cellular,yes
41,87,retired,married,primary,no,230,no,no,cellular,yes
42,27,admin.,married,secondary,no,1595,no,no,cellular,yes
43,33,services,married,secondary,no,1697,no,no,cellular,yes
44,44,technician,married,secondary,no,7649,no,no,cellular,no
45,32,blue-collar,single,primary,no,1426,yes,no,cellular,no
46,28,admin.,single,tertiary,no,832,no,no,telephone,yes
47,32,services,married,secondary,no,3839,yes,no,cellular,no
48,45,technician,divorced,unknown,yes,-25,no,yes,unknown,no
49,34,housemaid,married,secondary,no,390,yes,no,cellular,no
50,43,blue-collar,married,primary,no,-181,yes,no,cellular,no
51,32,technician,single,tertiary,no,723,no,no,cellular,no
52,59,technician,married,secondary,no,316,no,no,cellular,no
53,42,admin.,married,secondary,no,445,yes,no,unknown,no
54,27,management,single,secondary,no,178,yes,no,unknown,yes
55,26,blue-collar,married,secondary,no,2770,yes,no,unknown,no
56,29,blue-collar,single,secondary,no,322,no,no,unknown,yes
57,29,management,single,tertiary,no,92,no,no,cellular,no
58,32,management,married,tertiary,no,1270,no,no,cellular,yes
59,33,management,married,tertiary,no,728,yes,no,cellular,no
60,38,technician,single,secondary,no,-242,yes,no,cellular,yes
61,31,services,married,secondary,no,447,no,no,cellular,yes
62,41,blue-collar,single,primary,no,0,yes,no,unknown,no
63,34,admin.,divorced,secondary,no,627,yes,no,unknown,no
64,25,unemployed,single,primary,no,129,no,no,cellular,yes
65,53,management,married,tertiary,no,583,no,no,cellular,yes
66,54,management,married,unknown,no,24,no,no,cellular,no
67,24,admin.,single,tertiary,no,0,yes,no,cellular,yes
68,80,retired,married,secondary,no,8304,no,no,telephone,yes
69,25,admin.,single,secondary,no,82,no,yes,cellular,yes
70,41,technician,single,unknown,no,356,yes,no,unknown,no
71,29,blue-collar,married,secondary,no,246,yes,no,cellular,no
72,25,technician,single,secondary,no,1298,no,no,cellular,no
73,55,management,married,primary,no,19,yes,no,unknown,no
74,48,blue-collar,married,primary,no,214,yes,yes,cellular,no
75,56,blue-collar,married,primary,no,3498,no,no,cellular,yes
76,34,admin.,single,secondary,no,673,yes,no,cellular,no
77,52,unemployed,married,secondary,no,1416,no,no,cellular,yes
78,54,management,divorced,tertiary,no,12018,yes,no,cellular,yes
79,32,blue-collar,single,secondary,no,15341,no,no,unknown,no
80,30,admin.,divorced,secondary,no,83,yes,yes,unknown,no
81,73,retired,married,primary,no,508,no,no,cellular,yes
82,34,admin.,single,secondary,no,1880,yes,no,unknown,no
83,51,entrepreneur,married,secondary,no,-799,no,yes,cellular,yes
84,39,management,married,secondary,no,2981,no,no,cellular,yes
85,43,technician,married,secondary,no,4056,no,no,cellular,no
86,31,admin.,married,secondary,no,1130,yes,no,cellular,no
87,31,management,married,tertiary,no,1384,yes,no,cellular,no
88,42,unknown,single,unknown,yes,61,no,no,unknown,no
89,41,technician,married,tertiary,no,-15,yes,no,cellular,no
90,39,blue-collar,single,secondary,no,169,yes,no,unknown,no
91,29,technician,single,tertiary,no,0,yes,no,cellular,yes
92,54,technician,married,unknown,no,240,yes,no,cellular,yes
93,26,blue-collar,single,secondary,no,428,no,yes,cellular,no
94,45,admin.,married,secondary,no,3006,no,no,cellular,yes
95,37,management,married,tertiary,no,7100,no,no,cellular,no
96,30,management,married,tertiary,no,1221,yes,no,telephone,yes
97,29,entrepreneur,married,secondary,no,714,yes,yes,cellular,yes
98,51,blue-collar,married,secondary,no,33,no,yes,unknown,yes
99,41,entrepreneur,married,primary,no,39,yes,no,cellular,yes
100,36,technician,single,secondary,no,1228,yes,no,cellular,yes
101,78,retired,married,unknown,no,3208,no,no,telephone,yes
102,31,management,single,tertiary,no,9421,no,no,cellular,yes
103,30,management,single,tertiary,no,3779,no,no,cellular,yes
104,36,management,single,tertiary,no,442,yes,yes,cellular,no
105,44,technician,married,primary,no,755,no,yes,cellular,yes
106,77,retired,married,primary,no,3324,no,no,cellular,yes
107,46,technician,divorced,secondary,no,111,yes,no,cellular,no
108,25,technician,single,secondary,no,1199,no,no,cellular,yes
109,32,housemaid,married,primary,no,-184,yes,no,cellular,no
110,53,services,divorced,secondary,no,0,no,no,cellular,yes
111,36,services,married,secondary,no,526,yes,no,cellular,no
112,37,management,married,tertiary,no,2283,no,no,cellular,yes
113,41,entrepreneur,married,secondary,no,707,no,no,unknown,yes
114,34,blue-collar,divorced,secondary,no,1125,yes,yes,cellular,no
115,32,management,married,tertiary,no,1388,yes,no,cellular,yes
116,30,entrepreneur,single,primary,no,0,yes,yes,unknown,yes
117,49,blue-collar,married,secondary,no,141,no,no,cellular,no
118,25,student,single,secondary,no,348,no,no,cellular,yes
119,37,blue-collar,married,secondary,no,374,yes,no,unknown,no
120,50,technician,married,secondary,no,416,yes,no,unknown,yes
121,46,technician,married,unknown,no,605,yes,no,cellular,no
122,52,unemployed,married,secondary,no,5091,no,no,cellular,no
123,30,blue-collar,single,secondary,no,148,no,no,cellular,no
124,42,management,married,tertiary,no,144,no,no,cellular,yes
125,48,blue-collar,married,secondary,no,7408,no,yes,cellular,no
126,47,technician,married,secondary,no,0,no,no,unknown,no
127,31,technician,single,secondary,no,2388,no,no,cellular,no
128,25,blue-collar,single,primary,no,2483,no,no,cellular,yes
129,24,student,single,tertiary,no,834,no,no,cellular,yes
130,60,management,married,secondary,no,0,no,no,cellular,no
131,55,retired,married,primary,no,2,no,no,unknown,no
132,58,unemployed,married,secondary,no,687,yes,no,cellular,yes
133,42,management,married,tertiary,no,294,no,no,cellular,yes
134,43,management,divorced,unknown,no,7702,no,no,cellular,yes
135,34,management,married,tertiary,no,520,yes,no,cellular,yes
136,34,management,married,tertiary,no,118,no,yes,telephone,no
137,30,blue-collar,single,secondary,no,228,no,no,cellular,no
138,62,retired,married,secondary,no,3114,no,no,cellular,yes
139,33,management,married,tertiary,no,22867,yes,no,cellular,no
140,35,services,married,tertiary,no,4564,no,no,cellular,no
141,40,blue-collar,divorced,secondary,no,-426,no,yes,unknown,no
142,32,admin.,single,secondary,no,4344,yes,no,cellular,no
143,59,retired,married,primary,no,0,yes,no,cellular,no
144,60,retired,divorced,secondary,no,514,no,no,cellular,yes
145,54,blue-collar,married,secondary,no,506,yes,no,cellular,no
146,55,unemployed,married,secondary,no,1436,yes,no,cellular,no
147,29,unemployed,single,secondary,no,1055,no,no,cellular,yes
148,46,technician,married,secondary,no,536,yes,no,unknown,yes
149,86,retired,divorced,unknown,no,157,no,no,telephone,no
150,32,blue-collar,married,secondary,yes,-238,yes,no,unknown,no
151,40,blue-collar,married,secondary,no,10,yes,no,unknown,yes
152,35,blue-collar,married,primary,no,105,yes,no,unknown,no
153,60,management,married,tertiary,no,79,no,no,unknown,no
154,77,retired,married,primary,no,2590,no,no,telephone,yes
155,42,services,single,secondary,no,3403,yes,no,cellular,yes
156,30,admin.,single,secondary,no,313,yes,no,cellular,yes
157,40,admin.,married,secondary,no,-666,yes,no,unknown,no
158,34,blue-collar,single,primary,no,79,no,no,telephone,yes
159,53,retired,married,secondary,no,665,yes,no,cellular,yes
160,23,student,single,secondary,no,1809,no,no,cellular,yes
161,30,management,single,tertiary,yes,35,no,no,cellular,no
162,40,technician,divorced,tertiary,no,568,yes,no,unknown,yes
163,30,management,married,tertiary,no,1942,yes,yes,cellular,yes
164,32,entrepreneur,married,tertiary,no,0,yes,yes,cellular,no
165,32,blue-collar,single,secondary,no,435,yes,no,unknown,no
166,47,admin.,single,secondary,no,594,yes,no,unknown,no
167,54,management,divorced,tertiary,no,5475,no,no,cellular,yes
168,44,services,married,secondary,no,191,yes,yes,cellular,no
169,35,technician,married,tertiary,no,432,no,no,cellular,no
170,30,technician,married,secondary,no,289,yes,no,cellular,yes
171,28,technician,single,tertiary,no,0,yes,no,cellular,no
172,53,blue-collar,married,secondary,no,-76,no,no,cellular,no
173,37,blue-collar,married,unknown,no,-1050,yes,no,unknown,no
174,38,technician,single,tertiary,no,0,no,no,cellular,no
175,42,management,married,tertiary,no,6060,yes,no,cellular,yes
176,25,services,single,secondary,no,594,no,no,cellular,yes
177,58,housemaid,married,primary,no,1310,yes,yes,cellular,no
178,35,technician,single,secondary,no,1227,no,no,cellular,yes
179,38,blue-collar,single,secondary,no,-56,yes,yes,unknown,no
180,52,management,married,tertiary,no,4675,no,no,cellular,yes
181,32,management,single,tertiary,no,3283,no,no,cellular,yes
182,35,management,divorced,tertiary,no,26,no,no,cellular,yes
183,24,admin.,single,secondary,no,166,no,no,cellular,yes
184,26,self-employed,single,tertiary,no,2857,no,no,cellular,yes
185,52,admin.,married,secondary,no,722,no,no,cellular,no
186,32,management,single,tertiary,no,0,no,no,cellular,no
187,50,management,married,tertiary,no,3463,no,yes,cellular,yes
188,43,services,married,tertiary,no,4216,no,no,cellular,yes
189,41,unknown,single,tertiary,no,1567,no,no,cellular,no
190,43,blue-collar,single,secondary,no,740,yes,no,unknown,yes
191,56,blue-collar,married,primary,no,827,yes,no,telephone,yes
192,33,technician,single,secondary,no,18,no,no,cellular,no
193,56,management,married,tertiary,no,12356,yes,no,cellular,yes
194,28,admin.,single,unknown,no,24,yes,no,cellular,yes
195,32,services,married,secondary,no,250,yes,no,unknown,no
196,38,housemaid,divorced,secondary,no,70,no,no,cellular,yes
197,80,retired,divorced,primary,no,235,no,no,cellular,yes
198,45,services,single,secondary,no,1515,no,no,unknown,no
199,34,services,single,secondary,no,528,yes,no,cellular,yes
200,56,admin.,married,secondary,no,510,yes,no,cellular,no
201,30,blue-collar,divorced,secondary,yes,457,yes,no,unknown,no
202,18,student,single,primary,no,608,no,no,cellular,yes
203,33,blue-collar,married,primary,no,3868,yes,no,unknown,no
204,37,blue-collar,married,secondary,no,-97,yes,no,unknown,no
205,36,blue-collar,married,primary,no,408,yes,yes,unknown,yes
206,62,housemaid,married,unknown,no,2021,no,no,telephone,yes
207,36,management,divorced,tertiary,no,81,no,yes,cellular,yes
208,60,management,married,tertiary,no,2281,no,no,cellular,yes
209,38,technician,single,tertiary,no,110,no,no,unknown,yes
210,36,management,single,tertiary,no,1379,no,no,cellular,yes
211,52,blue-collar,married,secondary,no,1319,no,no,telephone,no
212,48,blue-collar,divorced,primary,no,2677,no,no,unknown,no
213,61,retired,married,tertiary,no,2557,yes,no,cellular,yes
214,55,technician,married,tertiary,no,1320,no,no,cellular,yes
215,38,services,married,tertiary,no,0,yes,no,cellular,no
216,41,technician,married,secondary,no,10438,yes,no,telephone,no
217,38,technician,single,tertiary,no,5122,yes,no,cellular,no
218,46,management,married,secondary,no,5127,no,no,cellular,no
219,36,services,married,secondary,no,11650,yes,no,telephone,yes
220,31,blue-collar,married,secondary,no,1660,yes,no,cellular,no
221,44,self-employed,married,unknown,no,680,yes,no,telephone,no
222,55,management,married,unknown,no,1504,yes,no,cellular,yes
223,72,self-employed,married,tertiary,no,132,no,no,cellular,yes
224,59,retired,single,secondary,no,2,no,no,telephone,yes
225,33,technician,married,tertiary,no,16992,yes,no,unknown,no
226,59,retired,married,tertiary,no,1296,no,no,cellular,no
227,54,technician,divorced,secondary,no,2156,yes,no,cellular,yes
228,40,unemployed,single,tertiary,no,7968,no,no,cellular,yes
229,36,unemployed,divorced,secondary,no,8267,no,no,unknown,no
230,26,student,single,tertiary,no,10086,no,no,cellular,yes
231,28,services,single,secondary,no,373,yes,no,cellular,no
232,31,admin.,single,secondary,no,523,no,yes,cellular,no
233,48,services,divorced,secondary,no,62,yes,no,cellular,no
234,30,services,divorced,secondary,no,1336,yes,no,cellular,no
235,52,blue-collar,married,secondary,no,5275,no,yes,cellular,no
236,57,unknown,married,unknown,no,19268,no,no,unknown,yes
237,60,blue-collar,married,primary,no,631,no,no,cellular,yes
238,48,management,divorced,tertiary,no,1401,yes,no,unknown,no
239,47,management,single,tertiary,no,86,no,no,cellular,yes
240,26,technician,married,secondary,no,370,no,yes,cellular,yes
241,36,technician,single,secondary,no,301,yes,yes,cellular,no
242,34,technician,married,tertiary,no,100,no,no,cellular,no
243,57,unemployed,married,secondary,no,3754,no,no,cellular,yes
244,36,self-employed,single,tertiary,no,-103,yes,yes,telephone,yes
245,42,self-employed,married,secondary,no,0,no,no,cellular,no
246,21,student,single,primary,no,8278,no,no,cellular,yes
247,30,services,single,secondary,no,1824,yes,no,cellular,no
248,54,management,married,tertiary,no,203,no,no,cellular,no
249,38,management,single,tertiary,no,633,no,no,cellular,no
250,59,management,married,primary,no,396,yes,no,unknown,no
251,31,blue-collar,divorced,secondary,no,1125,no,yes,unknown,no
252,37,management,single,tertiary,no,2173,no,no,cellular,no
253,30,management,single,tertiary,no,3473,no,no,cellular,yes
254,32,services,divorced,tertiary,no,376,yes,no,unknown,no
255,49,management,married,tertiary,no,1,no,no,telephone,yes
256,52,housemaid,married,secondary,no,234,no,no,cellular,no
257,30,management,single,tertiary,no,222,no,yes,cellular,no
258,49,services,married,secondary,no,280,yes,no,telephone,no
259,46,technician,single,secondary,no,5862,no,no,cellular,yes
260,35,management,single,tertiary,no,1750,yes,no,cellular,yes
261,38,management,married,tertiary,yes,327,yes,yes,cellular,yes
262,51,blue-collar,married,primary,no,3764,no,no,telephone,yes
263,30,technician,single,tertiary,no,3,yes,no,unknown,no
264,38,blue-collar,married,primary,no,3419,yes,no,unknown,no
265,35,technician,married,secondary,no,128,no,yes,cellular,no
266,31,services,married,secondary,no,2050,yes,no,cellular,no
267,48,admin.,single,secondary,no,479,yes,yes,unknown,no
268,29,services,single,primary,no,339,no,no,unknown,yes
269,37,housemaid,married,secondary,no,7433,no,yes,cellular,yes
270,45,admin.,married,secondary,no,111,yes,no,cellular,no
271,28,self-employed,single,tertiary,no,160,no,no,unknown,yes
272,25,student,single,secondary,no,2354,no,no,cellular,yes
273,31,self-employed,married,tertiary,no,168,no,no,cellular,yes
274,43,blue-collar,married,secondary,no,833,no,no,cellular,no
275,31,services,married,secondary,no,428,yes,no,unknown,no
276,24,admin.,single,tertiary,no,674,yes,no,cellular,yes
277,36,technician,married,primary,no,1653,yes,yes,unknown,no
278,52,entrepreneur,single,tertiary,no,3469,yes,no,cellular,yes
279,43,self-employed,married,tertiary,no,3157,no,no,cellular,no
280,53,blue-collar,single,secondary,no,1004,no,no,cellular,yes
281,50,blue-collar,divorced,primary,no,15,yes,no,cellular,no
282,50,management,married,tertiary,no,400,no,no,cellular,no
283,56,technician,married,tertiary,no,1181,no,no,cellular,yes
284,37,technician,married,secondary,no,480,no,no,cellular,yes
285,28,management,single,secondary,no,703,yes,no,cellular,yes
286,41,blue-collar,married,primary,no,201,yes,no,cellular,yes
287,32,technician,single,secondary,no,287,yes,no,unknown,no
288,61,retired,married,secondary,no,523,no,no,cellular,yes
289,24,admin.,single,secondary,no,1295,no,no,cellular,yes
290,26,admin.,single,secondary,yes,-930,yes,no,cellular,yes
291,32,technician,single,tertiary,no,0,yes,yes,cellular,yes
292,58,admin.,married,secondary,no,1464,yes,yes,unknown,no
293,25,blue-collar,single,secondary,no,0,no,no,cellular,yes
294,31,services,married,secondary,no,71,yes,no,cellular,no
295,31,blue-collar,married,secondary,no,43,yes,no,unknown,no
296,29,admin.,divorced,secondary,no,1320,yes,yes,unknown,no
297,50,management,married,tertiary,no,5969,no,no,cellular,yes
298,49,services,single,secondary,no,459,yes,no,unknown,no
299,56,self-employed,married,unknown,no,0,no,no,cellular,no
300,39,entrepreneur,married,tertiary,no,350,yes,no,cellular,no
301,68,retired,divorced,primary,no,250,no,no,cellular,yes
302,45,entrepreneur,married,tertiary,no,20138,yes,no,cellular,yes
303,54,unemployed,married,secondary,no,1561,no,no,cellular,yes
304,45,management,married,tertiary,no,212,no,no,cellular,yes
305,34,technician,married,tertiary,no,7050,no,no,cellular,yes
306,55,blue-collar,married,primary,no,512,no,no,cellular,yes
307,59,technician,married,secondary,no,10925,no,no,cellular,yes
308,81,retired,divorced,primary,no,4321,no,no,cellular,no
309,39,services,married,secondary,no,2758,no,no,cellular,yes
310,36,management,divorced,secondary,no,1655,yes,no,cellular,no
311,30,admin.,single,secondary,no,915,yes,no,unknown,yes
312,57,blue-collar,married,secondary,no,2887,no,no,cellular,yes
313,60,housemaid,married,primary,no,517,no,no,unknown,no
314,44,management,married,tertiary,no,-1636,yes,yes,cellular,no
315,56,blue-collar,married,primary,no,1137,no,no,telephone,yes
316,29,admin.,single,secondary,no,2768,yes,no,unknown,no
317,30,technician,single,secondary,no,656,no,yes,unknown,no
318,25,student,single,secondary,no,3090,no,no,cellular,no
319,47,blue-collar,married,primary,no,4157,no,no,unknown,no
320,50,services,married,primary,no,5024,yes,yes,cellular,yes
321,31,management,married,tertiary,no,2344,yes,no,cellular,no
322,39,blue-collar,married,primary,no,-50,yes,no,cellular,no
323,60,blue-collar,married,primary,no,29184,no,no,telephone,no
324,37,admin.,married,tertiary,no,0,yes,no,cellular,no
325,37,blue-collar,single,secondary,no,292,no,no,unknown,no
326,32,management,single,tertiary,no,935,no,no,cellular,yes
327,35,management,married,tertiary,no,193,yes,no,cellular,yes
328,31,management,divorced,tertiary,no,-547,yes,yes,cellular,no
329,37,management,married,tertiary,no,1125,yes,no,unknown,no
330,40,services,divorced,primary,no,4,yes,no,cellular,no
331,36,blue-collar,married,secondary,no,536,yes,no,cellular,yes
332,37,management,divorced,tertiary,no,481,yes,no,cellular,no
333,31,housemaid,single,tertiary,no,596,no,no,telephone,no
334,66,retired,married,secondary,no,780,no,no,cellular,no
335,56,management,married,tertiary,no,563,yes,no,cellular,no
336,39,blue-collar,married,primary,no,-119,no,no,unknown,no
337,31,technician,single,secondary,no,373,no,no,cellular,no
338,30,services,married,secondary,no,292,yes,yes,cellular,no
339,55,technician,divorced,secondary,yes,284,yes,no,cellular,no
340,32,management,single,tertiary,no,311,no,no,unknown,yes
341,41,technician,married,secondary,no,978,no,no,cellular,no
342,41,blue-collar,single,primary,no,1618,yes,no,unknown,yes
343,51,blue-collar,married,primary,no,0,no,no,unknown,no
344,34,admin.,married,secondary,no,384,yes,no,cellular,no
345,34,technician,single,tertiary,no,2658,yes,no,cellular,no
346,29,technician,single,secondary,no,1612,yes,no,unknown,no
347,25,blue-collar,single,secondary,no,189,no,yes,cellular,yes
348,52,blue-collar,married,secondary,no,2230,no,no,cellular,yes
349,37,management,divorced,tertiary,no,122,yes,no,unknown,yes
350,49,management,married,secondary,no,1601,no,no,cellular,no
351,31,technician,single,secondary,no,253,no,no,cellular,no
352,42,management,married,tertiary,no,9916,yes,no,cellular,no
353,56,blue-collar,divorced,primary,no,-9,yes,yes,cellular,yes
354,44,management,single,tertiary,no,5063,no,no,cellular,yes
355,35,services,divorced,secondary,no,-504,no,no,cellular,no
356,46,management,married,tertiary,no,7331,no,no,cellular,yes
357,25,blue-collar,single,secondary,no,2007,no,no,cellular,yes
358,56,technician,married,secondary,no,1938,no,yes,cellular,yes
359,58,blue-collar,married,primary,no,73,no,no,unknown,no
360,41,entrepreneur,single,secondary,no,663,no,no,cellular,yes
361,26,technician,single,secondary,no,181,no,no,cellular,yes
362,32,technician,single,secondary,no,1279,yes,no,unknown,yes
363,34,technician,single,secondary,no,1279,yes,no,cellular,yes
364,41,technician,married,secondary,no,2990,yes,no,unknown,no
365,38,services,married,tertiary,no,1018,no,no,unknown,no
366,54,admin.,married,unknown,no,140,no,no,telephone,yes
367,57,management,married,primary,no,6900,no,no,cellular,yes
368,64,management,married,tertiary,no,5112,no,no,telephone,yes
369,57,unemployed,married,primary,no,0,yes,no,cellular,no
370,56,blue-collar,married,primary,no,826,yes,no,cellular,no
371,44,entrepreneur,married,secondary,no,860,yes,yes,cellular,no
372,32,self-employed,married,primary,no,286,yes,no,cellular,no
373,22,services,single,secondary,no,129,no,no,cellular,yes
374,32,blue-collar,single,secondary,no,413,yes,no,cellular,no
375,46,management,divorced,secondary,no,361,yes,no,unknown,no
376,26,services,single,secondary,no,110,no,no,cellular,yes
377,56,admin.,married,secondary,no,602,no,no,cellular,yes
378,40,management,married,tertiary,no,0,no,no,cellular,no
379,30,management,single,tertiary,no,533,no,no,cellular,yes
380,73,retired,married,primary,no,542,no,no,telephone,no
381,44,admin.,married,secondary,no,1696,no,no,unknown,no
382,49,admin.,married,secondary,no,3608,yes,no,cellular,yes
383,34,management,married,tertiary,no,250,no,no,cellular,no
384,39,technician,divorced,tertiary,yes,3,no,no,cellular,yes
385,41,blue-collar,married,primary,no,512,yes,no,unknown,no
386,40,blue-collar,married,secondary,no,1808,yes,no,cellular,yes
387,49,blue-collar,married,primary,no,399,no,no,cellular,no
388,30,admin.,single,secondary,no,255,no,no,cellular,yes
389,51,admin.,single,secondary,no,895,no,no,cellular,yes
390,24,self-employed,single,tertiary,no,2376,no,no,cellular,yes
391,37,management,married,primary,no,4721,no,no,telephone,no
392,32,management,single,tertiary,no,537,no,no,unknown,no
393,40,housemaid,married,secondary,no,949,no,no,cellular,no
394,29,student,single,tertiary,no,5,no,no,cellular,yes
395,40,blue-collar,married,primary,no,0,no,no,cellular,no
396,58,retired,married,secondary,no,255,no,no,unknown,no
397,48,services,married,secondary,no,2597,yes,no,cellular,no
398,39,technician,single,secondary,no,4646,yes,no,cellular,yes
399,33,technician,married,secondary,no,348,yes,no,cellular,no
400,42,technician,single,secondary,no,0,yes,no,unknown,no
401,32,blue-collar,single,secondary,no,118,yes,no,cellular,yes
402,44,blue-collar,married,secondary,no,776,yes,no,unknown,no
403,29,management,single,tertiary,no,2753,no,no,cellular,yes
404,49,technician,divorced,secondary,no,5,no,no,cellular,no
405,23,student,single,secondary,no,107,no,no,cellular,yes
406,36,services,married,secondary,no,394,no,no,cellular,yes
407,46,self-employed,married,secondary,no,548,no,no,cellular,yes
408,32,management,single,tertiary,no,1882,no,no,cellular,yes
409,41,self-employed,married,secondary,no,3123,yes,no,cellular,yes
410,22,student,single,secondary,no,216,no,no,cellular,yes
411,75,retired,married,tertiary,no,6027,no,no,cellular,yes
412,34,admin.,divorced,secondary,no,661,yes,no,cellular,yes
413,29,technician,married,secondary,no,1180,yes,no,cellular,yes
414,47,admin.,divorced,secondary,no,295,yes,no,unknown,yes
415,38,blue-collar,married,primary,no,178,yes,no,unknown,no
416,42,unemployed,married,secondary,no,1289,no,no,cellular,yes
417,21,blue-collar,single,secondary,no,2265,no,no,cellular,yes
418,36,services,married,secondary,no,380,yes,no,unknown,no
419,29,self-employed,single,tertiary,no,476,yes,no,cellular,yes
420,39,technician,married,tertiary,no,94,no,no,cellular,no
421,50,management,single,tertiary,no,3537,no,no,unknown,yes
422,58,services,married,secondary,no,818,no,no,cellular,no
423,48,admin.,married,secondary,no,156,no,no,cellular,yes
424,24,technician,single,secondary,no,135,yes,yes,cellular,no
425,40,admin.,married,secondary,no,0,yes,no,cellular,no
426,55,management,divorced,tertiary,no,9756,yes,no,cellular,yes
427,80,retired,married,primary,no,1021,no,no,telephone,no
428,51,technician,married,secondary,no,337,yes,no,cellular,no
429,54,technician,married,secondary,no,-315,no,yes,cellular,yes
430,43,management,married,tertiary,no,1379,yes,no,unknown,no
431,31,admin.,single,secondary,no,410,no,no,cellular,yes
432,31,admin.,married,secondary,no,728,yes,yes,cellular,no
433,36,management,single,tertiary,no,1373,yes,no,unknown,no
434,37,technician,married,secondary,no,5115,yes,no,cellular,yes
435,35,management,married,tertiary,no,802,yes,no,cellular,yes
436,81,retired,married,primary,no,243,no,no,cellular,yes
437,32,admin.,divorced,secondary,no,-241,no,yes,unknown,yes
438,52,unknown,married,unknown,no,5361,no,no,cellular,yes
439,24,technician,married,secondary,no,556,yes,no,cellular,yes
440,58,management,married,tertiary,no,256,no,no,cellular,yes
441,48,technician,married,secondary,no,335,no,no,unknown,no
442,30,technician,single,secondary,no,175,no,no,cellular,no
443,38,admin.,divorced,secondary,no,19,yes,no,cellular,yes
444,47,technician,married,tertiary,no,545,yes,no,cellular,no
445,53,blue-collar,married,secondary,no,21522,no,no,unknown,no
446,49,technician,divorced,tertiary,no,596,yes,no,telephone,yes
447,47,technician,married,secondary,no,0,yes,no,cellular,no
448,63,retired,married,primary,no,12067,no,no,telephone,yes
449,59,admin.,married,secondary,no,3735,no,no,cellular,yes
450,62,management,married,tertiary,no,557,no,no,cellular,yes
451,28,admin.,single,secondary,no,1076,yes,no,unknown,no
452,42,technician,married,tertiary,no,757,no,no,cellular,yes
453,57,management,married,tertiary,no,5,yes,no,cellular,no
454,30,admin.,married,secondary,no,1310,no,no,telephone,no
455,47,unemployed,single,tertiary,no,2500,no,no,cellular,no
456,55,entrepreneur,married,tertiary,no,323,yes,yes,cellular,no
457,47,technician,divorced,tertiary,no,694,yes,no,cellular,no
458,30,management,single,tertiary,no,5359,no,no,cellular,yes
459,32,blue-collar,married,primary,no,634,no,no,cellular,yes
460,50,housemaid,married,secondary,no,388,no,no,cellular,yes
461,33,blue-collar,single,secondary,no,1794,yes,no,cellular,no
462,35,technician,married,tertiary,no,25,no,no,cellular,no
463,50,blue-collar,married,primary,no,280,yes,no,unknown,no
464,33,technician,married,secondary,no,390,no,no,cellular,no
465,27,management,single,tertiary,no,107,no,no,cellular,yes
466,28,unemployed,single,secondary,yes,-353,yes,no,unknown,no
467,57,technician,divorced,tertiary,no,126,no,no,telephone,yes
468,37,blue-collar,married,secondary,no,168,yes,no,cellular,no
469,29,management,single,tertiary,no,1808,no,no,cellular,yes
470,31,blue-collar,married,secondary,no,1664,yes,no,cellular,no
471,57,management,divorced,unknown,no,0,no,no,cellular,no
472,39,services,divorced,secondary,no,0,yes,no,cellular,yes
473,31,management,married,tertiary,no,1343,yes,yes,unknown,no
474,37,self-employed,single,primary,no,235,yes,no,cellular,no
475,37,management,single,tertiary,no,230,yes,yes,cellular,no
476,53,unknown,married,unknown,no,0,no,no,cellular,no
477,45,blue-collar,single,secondary,no,615,yes,no,cellular,no
478,57,retired,married,primary,no,3518,yes,no,cellular,yes
479,36,management,married,tertiary,no,1352,no,no,unknown,yes
480,29,management,married,tertiary,no,0,yes,no,telephone,no
481,42,management,married,primary,no,860,yes,no,unknown,no
482,32,admin.,single,tertiary,no,328,yes,yes,unknown,no
483,57,management,married,secondary,no,657,yes,no,telephone,no
484,34,admin.,single,secondary,no,151,yes,no,cellular,yes
485,56,admin.,married,secondary,no,2087,yes,no,unknown,no
486,52,technician,single,secondary,no,436,no,yes,unknown,yes
487,42,technician,married,tertiary,no,13410,no,yes,cellular,no
488,40,admin.,divorced,secondary,no,2129,no,no,cellular,yes
489,31,student,single,secondary,no,216,no,no,cellular,no
490,37,management,married,tertiary,no,347,yes,no,cellular,no
491,38,admin.,single,secondary,no,77,no,no,cellular,no
492,92,retired,married,unknown,no,775,no,no,cellular,yes
493,55,services,divorced,secondary,no,322,yes,no,cellular,no
494,29,blue-collar,married,secondary,no,940,yes,yes,cellular,yes
495,52,technician,divorced,secondary,no,204,no,no,cellular,no
496,41,unknown,single,unknown,no,942,no,no,cellular,yes
497,32,services,married,secondary,no,914,no,no,cellular,yes
498,59,retired,married,secondary,no,1035,yes,yes,cellular,no
499,50,admin.,married,secondary,no,159,yes,no,unknown,no
500,35,admin.,married,secondary,no,725,yes,no,cellular,no
501,50,services,married,tertiary,no,218,yes,no,unknown,no
502,51,admin.,married,primary,no,658,yes,no,unknown,no
503,40,retired,single,secondary,no,1734,yes,no,unknown,no
504,60,services,single,primary,no,313,yes,no,unknown,yes
505,54,blue-collar,married,primary,no,-636,yes,no,unknown,no
506,57,technician,married,secondary,no,589,yes,no,cellular,yes
507,37,entrepreneur,married,tertiary,no,189,no,no,cellular,yes
508,37,services,married,secondary,no,217,yes,no,cellular,no
509,53,management,married,tertiary,no,232,yes,no,telephone,no
510,25,student,single,secondary,no,108,no,no,cellular,yes
511,50,admin.,single,secondary,no,133,no,no,cellular,yes
512,27,admin.,married,secondary,no,941,yes,no,cellular,no
513,38,blue-collar,divorced,primary,no,-258,yes,no,cellular,no
514,32,technician,single,unknown,no,491,no,no,cellular,yes
515,31,technician,married,secondary,yes,-367,yes,no,cellular,yes
516,67,unknown,married,tertiary,no,7687,no,no,telephone,no
517,40,self-employed,married,secondary,yes,-754,yes,yes,unknown,yes
518,37,admin.,married,secondary,no,36,yes,no,unknown,no
519,40,management,married,secondary,no,643,yes,no,cellular,no
520,27,housemaid,married,primary,no,275,yes,no,cellular,no
521,34,management,married,tertiary,no,160,yes,yes,cellular,no
522,58,admin.,married,secondary,no,4348,yes,no,cellular,yes
523,31,technician,married,secondary,no,183,no,no,cellular,yes
524,33,services,divorced,secondary,yes,339,yes,no,unknown,no
525,34,management,married,tertiary,no,273,yes,no,cellular,yes
526,40,admin.,divorced,secondary,no,274,yes,yes,cellular,no
527,58,unemployed,married,secondary,no,687,yes,no,cellular,yes
528,37,housemaid,single,secondary,no,465,yes,no,cellular,yes
529,40,services,married,secondary,no,5807,yes,no,unknown,no
530,29,unemployed,single,tertiary,no,1311,no,no,cellular,yes
531,56,unemployed,married,secondary,no,0,no,no,telephone,yes
532,46,blue-collar,married,primary,no,557,no,no,unknown,no
533,54,unemployed,single,secondary,no,3611,yes,no,cellular,no
534,25,services,married,secondary,no,0,yes,no,cellular,yes
535,39,blue-collar,single,secondary,no,175,no,no,cellular,no
536,38,admin.,divorced,secondary,yes,0,no,yes,cellular,no
537,38,technician,married,secondary,no,557,yes,no,cellular,yes
538,32,technician,single,tertiary,no,2340,no,no,cellular,yes
539,34,admin.,divorced,secondary,no,479,yes,no,cellular,yes
540,37,blue-collar,married,secondary,no,-57,yes,yes,cellular,no
541,31,services,married,primary,no,997,yes,no,cellular,no
542,40,management,married,tertiary,no,0,no,no,cellular,yes
543,77,retired,divorced,tertiary,no,4659,no,no,cellular,yes
544,30,technician,single,secondary,no,893,no,no,cellular,no
545,48,blue-collar,married,primary,no,418,yes,no,unknown,no
546,52,admin.,single,secondary,no,-528,yes,yes,cellular,yes
547,55,management,married,tertiary,no,3848,yes,no,cellular,yes
548,39,management,married,tertiary,no,1423,yes,no,telephone,yes
549,23,entrepreneur,single,primary,no,4,yes,no,unknown,yes
550,50,management,married,tertiary,no,6739,yes,no,cellular,no
551,21,entrepreneur,single,tertiary,no,2077,no,no,cellular,yes
552,38,blue-collar,married,primary,no,1852,yes,no,cellular,yes
553,37,admin.,married,secondary,no,68,yes,yes,cellular,no
554,55,housemaid,married,primary,no,3680,no,no,unknown,no
555,26,technician,single,tertiary,no,401,no,no,cellular,yes
556,49,blue-collar,married,secondary,no,298,yes,no,cellular,no
557,40,entrepreneur,married,secondary,no,6403,no,no,cellular,yes
558,42,services,divorced,secondary,no,83,no,no,cellular,no
559,34,services,single,secondary,no,267,no,no,cellular,yes
560,35,management,single,tertiary,no,644,yes,no,unknown,no
561,35,blue-collar,single,secondary,no,885,yes,no,cellular,yes
562,30,blue-collar,married,secondary,no,61,yes,no,cellular,yes
563,53,management,married,tertiary,no,1356,yes,no,cellular,no
564,52,blue-collar,married,tertiary,no,297,yes,no,cellular,no
565,31,technician,married,secondary,no,-302,no,no,cellular,no
566,59,management,married,tertiary,no,2764,no,no,cellular,no
567,59,unemployed,married,secondary,no,1625,no,no,cellular,yes
568,33,unemployed,single,secondary,no,233,yes,no,unknown,no
569,51,housemaid,married,unknown,no,2337,yes,no,cellular,yes
570,38,admin.,single,secondary,no,262,no,no,cellular,yes
571,59,admin.,married,secondary,no,1365,no,no,unknown,no
572,34,management,single,tertiary,no,612,no,no,cellular,no
573,64,retired,divorced,secondary,no,4833,no,no,cellular,yes
574,55,management,married,tertiary,no,-375,no,no,cellular,yes
575,33,admin.,married,tertiary,no,640,no,no,cellular,no
576,38,management,married,tertiary,no,2656,no,no,cellular,no
577,47,technician,married,secondary,no,568,yes,no,cellular,yes
578,29,admin.,single,secondary,no,-309,yes,yes,unknown,no
579,29,blue-collar,single,secondary,no,-20,yes,no,unknown,yes
580,40,technician,divorced,tertiary,no,4736,yes,no,cellular,yes
581,56,technician,married,secondary,no,589,yes,no,unknown,yes
582,40,technician,married,tertiary,no,1293,no,no,cellular,yes
583,28,student,single,secondary,no,231,yes,no,cellular,no
584,44,housemaid,single,primary,no,1059,no,no,unknown,yes
585,30,admin.,single,tertiary,no,305,no,no,cellular,yes
586,24,management,single,tertiary,no,736,yes,no,cellular,yes
587,35,management,married,tertiary,no,-547,yes,no,cellular,no
588,38,blue-collar,married,primary,no,132,yes,no,cellular,no
589,51,blue-collar,married,primary,no,42,yes,no,cellular,no
590,41,blue-collar,married,secondary,no,598,yes,no,cellular,no
591,33,entrepreneur,single,tertiary,no,300,yes,yes,cellular,yes
592,42,management,married,tertiary,no,27696,no,no,cellular,yes
593,43,technician,divorced,secondary,no,0,yes,no,cellular,no
594,35,blue-collar,married,primary,no,0,yes,no,cellular,no
595,37,student,single,unknown,no,444,no,no,cellular,yes
596,32,services,single,secondary,no,152,yes,no,cellular,yes
597,60,retired,married,tertiary,no,846,no,no,telephone,yes
598,35,management,married,secondary,no,339,yes,no,unknown,no
599,59,technician,married,secondary,no,7766,yes,no,cellular,yes
600,54,blue-collar,divorced,primary,no,4401,no,no,telephone,yes
601,35,technician,single,secondary,no,144,no,no,cellular,no
602,48,management,married,secondary,no,0,yes,yes,cellular,yes
603,39,admin.,married,tertiary,no,1108,no,no,cellular,yes
604,42,admin.,single,secondary,no,684,no,no,cellular,yes
605,30,management,single,tertiary,no,720,no,no,cellular,yes
606,44,entrepreneur,married,secondary,no,692,no,no,unknown,no
607,20,student,single,unknown,no,829,no,no,cellular,yes
608,53,management,married,secondary,no,90,yes,no,telephone,no
609,46,admin.,married,secondary,no,-522,yes,no,cellular,yes
610,60,retired,divorced,secondary,no,1099,no,no,cellular,yes
611,31,technician,married,secondary,no,2363,yes,no,unknown,no
612,51,unemployed,married,primary,no,1162,yes,no,cellular,yes
613,52,housemaid,married,secondary,no,3923,yes,no,unknown,yes
614,31,technician,married,secondary,no,318,no,no,cellular,yes
615,45,management,single,tertiary,no,1411,no,no,cellular,yes
616,36,admin.,divorced,secondary,no,592,no,no,cellular,yes
617,51,blue-collar,married,secondary,no,2007,yes,no,cellular,yes
618,28,student,single,tertiary,no,844,no,no,cellular,yes
619,44,self-employed,single,tertiary,no,1367,yes,no,cellular,yes
620,35,technician,single,secondary,no,-54,yes,no,unknown,no
621,30,management,single,tertiary,no,5561,yes,no,cellular,yes
622,32,technician,single,secondary,no,5205,no,no,cellular,no
623,43,management,married,tertiary,no,240,yes,no,cellular,yes
624,54,technician,married,secondary,no,0,no,no,telephone,no
625,46,management,divorced,tertiary,no,507,yes,no,cellular,yes
626,57,blue-collar,single,primary,no,739,yes,no,cellular,no
627,31,technician,single,secondary,no,354,no,yes,cellular,no
628,42,unknown,married,unknown,no,222,no,no,cellular,no
629,37,housemaid,married,secondary,no,187,no,no,unknown,no
630,53,technician,single,secondary,no,-165,yes,no,cellular,no
631,46,entrepreneur,married,secondary,no,122,no,no,cellular,no
632,32,blue-collar,single,secondary,no,70,yes,no,unknown,no
633,30,unknown,single,unknown,no,6929,no,no,cellular,no
634,33,technician,married,tertiary,no,0,no,no,cellular,yes
635,53,management,married,tertiary,no,1945,no,no,telephone,no
636,43,management,married,tertiary,no,182,no,no,cellular,no
637,60,technician,divorced,secondary,no,367,no,no,cellular,yes
638,45,unemployed,divorced,primary,yes,11,no,no,cellular,yes
639,49,blue-collar,married,primary,no,67,no,yes,cellular,no
640,50,technician,married,secondary,no,797,yes,no,unknown,no
641,39,blue-collar,single,secondary,no,522,yes,no,telephone,no
642,34,technician,single,secondary,no,194,yes,yes,cellular,yes
643,34,admin.,married,secondary,no,36,no,no,cellular,no
644,28,services,single,tertiary,no,128,no,no,cellular,yes
645,36,admin.,single,secondary,no,60,yes,no,cellular,yes
646,50,blue-collar,married,primary,no,334,no,no,cellular,no
647,26,management,single,tertiary,no,-3,no,no,cellular,yes
648,31,management,single,tertiary,no,11821,no,no,cellular,yes
649,58,management,married,secondary,no,37,no,no,cellular,no
650,46,management,married,tertiary,no,460,no,no,cellular,no
651,35,unemployed,single,secondary,no,2116,yes,no,cellular,no
652,48,blue-collar,married,primary,no,559,yes,no,unknown,no
653,69,retired,single,tertiary,no,2144,no,no,cellular,yes
654,42,entrepreneur,married,secondary,no,2959,yes,no,telephone,yes
655,24,admin.,single,secondary,no,1235,yes,yes,unknown,no
656,35,blue-collar,married,tertiary,no,2999,no,no,unknown,yes
657,45,management,married,tertiary,no,226,yes,no,cellular,yes
658,31,technician,married,tertiary,no,0,no,no,cellular,no
659,40,technician,married,secondary,no,192,yes,yes,cellular,no
660,59,technician,married,primary,no,4198,no,no,cellular,yes
661,53,unemployed,married,secondary,no,94,no,no,cellular,yes
662,48,blue-collar,divorced,secondary,no,-314,yes,no,cellular,no
663,28,admin.,single,secondary,no,4745,no,no,telephone,yes
664,30,student,single,secondary,no,2046,no,no,telephone,yes
665,42,blue-collar,single,secondary,no,625,no,no,unknown,yes
666,30,technician,single,secondary,no,151,no,no,cellular,no
667,31,technician,single,tertiary,no,2807,no,no,unknown,yes
668,32,technician,single,tertiary,no,1246,yes,no,cellular,yes
669,48,self-employed,married,secondary,no,1559,no,no,cellular,no
670,31,technician,single,tertiary,no,703,yes,no,unknown,yes
671,30,technician,divorced,secondary,no,3100,yes,no,cellular,no
672,49,services,married,primary,no,1830,yes,no,cellular,yes
673,55,blue-collar,married,secondary,no,93,no,yes,cellular,no
674,29,management,single,tertiary,no,3846,no,no,cellular,yes
675,42,management,married,tertiary,no,4,yes,no,cellular,yes
676,42,technician,single,tertiary,no,-411,yes,no,cellular,no
677,36,management,divorced,tertiary,no,-978,yes,no,cellular,no
678,36,blue-collar,married,secondary,no,6699,yes,no,cellular,no
679,34,admin.,married,secondary,no,1474,no,no,cellular,yes
680,69,services,married,unknown,no,23592,no,no,cellular,no
681,41,services,single,secondary,no,-675,yes,yes,cellular,yes
682,47,unknown,married,unknown,no,1880,no,no,unknown,no
683,31,services,single,secondary,no,629,yes,no,unknown,no
684,19,student,single,primary,no,103,no,no,cellular,yes
685,29,services,divorced,secondary,no,84,yes,no,cellular,yes
686,56,retired,divorced,primary,no,694,no,no,cellular,yes
687,58,management,divorced,secondary,no,3161,no,no,telephone,yes
688,31,blue-collar,married,secondary,no,64,yes,no,cellular,no
689,83,retired,divorced,primary,no,46,no,no,cellular,yes
690,52,blue-collar,divorced,primary,no,0,no,no,cellular,no
691,30,services,single,secondary,no,245,no,yes,cellular,no
692,42,management,married,tertiary,no,27696,no,no,cellular,yes
693,26,management,single,tertiary,no,170,no,no,cellular,yes
694,49,management,divorced,secondary,no,-46,yes,no,unknown,yes
695,35,unemployed,married,secondary,no,2228,no,no,unknown,no
696,30,technician,single,tertiary,no,0,no,no,cellular,no
697,46,technician,married,secondary,no,1590,yes,no,cellular,no
698,83,retired,married,primary,no,425,no,no,telephone,yes
699,34,management,married,secondary,no,369,no,no,cellular,yes
700,37,management,married,tertiary,no,5,no,no,cellular,no
701,60,retired,married,secondary,no,18967,yes,no,cellular,yes
702,29,management,single,tertiary,no,502,no,no,cellular,no
703,48,management,married,tertiary,no,1147,no,no,cellular,yes
704,28,blue-collar,married,secondary,no,173,no,no,cellular,yes
705,27,technician,single,secondary,no,643,no,no,telephone,yes
706,39,services,married,primary,no,1951,yes,no,unknown,no
707,30,technician,married,secondary,no,743,no,no,cellular,no
708,37,admin.,single,tertiary,no,3954,yes,no,cellular,no
709,33,admin.,single,secondary,no,61,no,no,cellular,no
710,44,management,married,unknown,no,282,no,no,cellular,yes
711,81,retired,married,primary,no,1154,no,no,telephone,yes
712,37,services,divorced,secondary,no,319,yes,no,unknown,yes
713,30,services,single,unknown,no,138,yes,no,cellular,no
714,23,blue-collar,single,secondary,no,105,yes,no,unknown,no
715,27,management,married,tertiary,no,159,yes,no,cellular,no
716,42,services,married,tertiary,no,4216,no,no,cellular,yes
717,38,entrepreneur,single,secondary,no,2543,no,no,cellular,yes
718,52,management,married,tertiary,no,601,yes,no,unknown,no
719,40,blue-collar,married,secondary,no,750,yes,yes,cellular,no
720,39,management,married,tertiary,no,0,no,no,cellular,no
721,32,admin.,single,secondary,no,212,no,no,cellular,yes
722,49,technician,married,secondary,no,12531,no,no,cellular,no
723,29,blue-collar,married,primary,no,111,yes,no,cellular,no
724,27,services,single,secondary,no,339,no,no,cellular,yes
725,60,retired,married,secondary,no,2722,no,no,cellular,yes
726,32,management,married,tertiary,no,4733,no,no,cellular,yes
727,29,management,single,tertiary,no,637,yes,no,cellular,yes
728,30,services,single,secondary,no,1268,yes,no,cellular,yes
729,37,blue-collar,married,primary,no,1322,yes,no,cellular,no
730,56,admin.,married,primary,no,202,yes,no,unknown,no
731,34,admin.,married,secondary,no,2374,yes,no,cellular,yes
732,50,entrepreneur,married,primary,no,431,yes,no,cellular,no
733,58,management,divorced,tertiary,no,50,yes,no,unknown,no
734,45,technician,single,tertiary,no,2033,no,no,cellular,yes
735,59,retired,married,unknown,no,178,yes,no,telephone,no
736,38,unemployed,married,tertiary,no,2812,yes,no,cellular,yes
737,62,unemployed,married,secondary,no,780,no,no,cellular,yes
738,33,admin.,single,secondary,no,3160,no,no,unknown,no
739,46,technician,married,secondary,no,9299,no,no,cellular,yes
740,20,student,single,unknown,no,2785,no,no,cellular,yes
741,39,services,married,secondary,no,0,yes,no,unknown,no
742,51,admin.,single,secondary,no,726,yes,no,cellular,yes
743,30,unemployed,single,secondary,no,2424,no,no,cellular,yes
744,43,retired,married,secondary,no,860,no,no,telephone,yes
745,22,student,single,secondary,no,0,no,no,cellular,yes
746,59,retired,divorced,secondary,no,514,no,no,cellular,yes
747,32,technician,married,primary,no,62,yes,yes,unknown,no
748,41,technician,married,secondary,no,2490,yes,no,unknown,no
749,51,entrepreneur,single,tertiary,no,0,no,no,cellular,no
750,27,technician,single,secondary,no,16,no,no,unknown,no
751,33,blue-collar,married,secondary,no,0,yes,no,telephone,no
752,26,blue-collar,single,secondary,no,249,yes,no,cellular,no
753,38,technician,married,secondary,no,497,no,no,unknown,yes
754,40,management,single,tertiary,no,0,no,no,cellular,no
755,37,management,married,tertiary,no,40,no,no,cellular,yes
756,93,retired,married,unknown,no,775,no,no,cellular,yes
757,47,technician,divorced,secondary,no,191,no,no,cellular,no
758,31,services,married,secondary,no,414,yes,no,unknown,no
759,37,entrepreneur,married,tertiary,yes,-456,yes,yes,unknown,no
760,36,blue-collar,single,secondary,no,1127,yes,no,cellular,no
761,25,services,single,secondary,no,801,no,no,cellular,yes
762,47,management,divorced,tertiary,no,8226,yes,no,cellular,no
763,47,management,married,secondary,no,623,yes,no,cellular,no
764,39,technician,single,tertiary,no,21,yes,no,unknown,no
765,85,retired,married,unknown,no,1934,no,no,telephone,no
766,55,retired,married,secondary,no,1279,yes,no,cellular,no
767,32,management,single,secondary,no,2018,no,no,cellular,yes
768,34,blue-collar,single,secondary,no,1156,yes,no,unknown,no
769,42,blue-collar,married,secondary,no,-972,yes,no,unknown,no
770,38,admin.,divorced,secondary,no,3834,yes,no,cellular,no
771,45,admin.,divorced,unknown,no,857,no,no,telephone,no
772,53,management,married,tertiary,no,597,no,no,unknown,yes
773,31,admin.,married,secondary,no,23,no,no,cellular,no
774,46,management,married,tertiary,no,125,yes,no,telephone,no
775,58,self-employed,married,primary,no,1013,yes,no,cellular,yes
776,28,blue-collar,single,secondary,no,-127,yes,no,cellular,yes
777,36,blue-collar,married,secondary,no,29,yes,yes,cellular,no
778,56,admin.,single,secondary,no,-273,no,no,cellular,no
779,30,services,married,secondary,no,637,yes,no,cellular,no
780,47,services,married,secondary,no,367,yes,no,cellular,yes
781,25,services,married,secondary,no,50,yes,no,unknown,no
782,47,services,married,secondary,no,0,yes,no,cellular,no
783,62,retired,married,tertiary,no,2557,yes,no,cellular,yes
784,48,management,divorced,tertiary,no,-244,yes,no,unknown,no
785,38,blue-collar,divorced,secondary,no,1686,yes,no,unknown,no
786,61,management,married,secondary,no,544,no,no,cellular,yes
787,23,admin.,married,secondary,no,299,yes,no,unknown,no
788,51,blue-collar,married,primary,no,541,no,no,cellular,yes
789,32,management,married,tertiary,no,2213,no,no,cellular,no
790,21,student,single,primary,no,423,no,no,telephone,yes
791,40,technician,divorced,secondary,no,311,no,no,cellular,yes
792,55,management,married,tertiary,no,655,no,no,cellular,no
793,44,management,married,unknown,no,2724,no,no,cellular,yes
794,41,unemployed,single,tertiary,no,79,no,no,telephone,yes
795,22,student,single,unknown,no,466,no,no,cellular,yes
796,44,technician,divorced,secondary,no,1262,yes,no,unknown,yes
797,57,management,married,tertiary,no,1660,no,no,cellular,yes
798,52,housemaid,divorced,secondary,no,131,yes,yes,cellular,no
799,45,management,married,tertiary,no,1199,no,no,telephone,no
800,36,technician,single,secondary,no,27,yes,no,cellular,yes
801,51,management,single,unknown,no,1277,no,no,cellular,no
802,83,retired,single,primary,no,1965,no,no,telephone,yes
803,33,services,single,secondary,no,133,no,no,cellular,yes
804,29,management,single,tertiary,no,437,no,no,cellular,yes
805,34,management,single,tertiary,no,268,no,no,cellular,yes
806,56,admin.,single,secondary,no,2815,yes,no,cellular,yes
807,55,management,married,tertiary,no,73,yes,no,unknown,no
808,58,retired,married,tertiary,no,1425,no,no,cellular,yes
809,55,admin.,married,secondary,no,1102,yes,no,unknown,no
810,46,services,divorced,secondary,no,4329,no,no,cellular,yes
811,31,management,married,tertiary,no,859,yes,yes,cellular,no
812,28,admin.,married,secondary,no,934,yes,no,unknown,no
813,30,management,divorced,tertiary,no,46,no,no,cellular,no
814,26,student,single,unknown,no,2503,no,no,cellular,no
815,49,blue-collar,married,unknown,no,51,yes,no,unknown,no
816,47,blue-collar,married,secondary,yes,-614,yes,no,unknown,no
817,28,student,single,secondary,no,205,no,no,cellular,yes
818,32,management,single,tertiary,no,1781,no,no,cellular,yes
819,46,blue-collar,married,tertiary,no,993,yes,no,unknown,no
820,31,blue-collar,single,secondary,no,2137,no,no,unknown,no
821,30,management,single,tertiary,no,502,no,yes,cellular,yes
822,37,admin.,married,secondary,yes,0,no,no,unknown,no
823,45,blue-collar,married,primary,no,789,no,yes,cellular,no
824,44,technician,married,unknown,yes,-375,yes,yes,telephone,no
825,38,management,married,tertiary,no,1722,yes,no,cellular,yes
826,56,management,married,tertiary,no,2551,yes,no,cellular,no
827,37,unemployed,single,secondary,no,2722,no,no,telephone,yes
828,24,student,single,secondary,no,382,no,no,cellular,yes
829,35,technician,single,tertiary,no,992,yes,no,cellular,no
830,37,management,divorced,tertiary,no,0,yes,no,cellular,no
831,28,management,single,tertiary,no,1287,yes,no,cellular,yes
832,28,blue-collar,single,primary,no,426,yes,no,cellular,no
833,58,blue-collar,married,secondary,no,3027,yes,no,cellular,yes
834,36,technician,single,tertiary,no,197,no,no,cellular,yes
835,44,services,married,secondary,no,1450,yes,no,cellular,no
836,51,blue-collar,married,unknown,no,41,yes,no,telephone,no
837,47,blue-collar,married,secondary,no,1568,yes,no,cellular,yes
838,35,entrepreneur,married,secondary,no,2971,no,no,cellular,yes
839,33,management,married,tertiary,no,0,yes,no,cellular,no
840,26,management,single,tertiary,no,800,yes,no,cellular,no
841,72,retired,married,primary,no,1612,no,no,cellular,yes
842,37,self-employed,married,secondary,no,744,yes,yes,cellular,no
843,30,self-employed,single,secondary,no,1031,no,no,unknown,no
844,25,management,married,secondary,no,2228,yes,no,cellular,yes
845,34,self-employed,single,tertiary,no,462,no,no,cellular,yes
846,30,technician,married,secondary,no,2278,no,yes,telephone,no
847,44,self-employed,divorced,tertiary,no,1070,yes,no,cellular,yes
848,35,blue-collar,married,primary,no,2878,yes,no,cellular,no
849,28,blue-collar,single,secondary,no,3430,yes,no,unknown,no
850,25,blue-collar,single,secondary,no,1857,yes,no,cellular,yes
851,62,self-employed,divorced,secondary,no,0,yes,no,cellular,yes
852,34,blue-collar,single,secondary,no,1759,no,yes,cellular,yes
853,41,entrepreneur,married,tertiary,no,121,yes,no,cellular,no
854,35,blue-collar,married,unknown,no,1201,no,no,unknown,yes
855,34,technician,married,secondary,no,883,no,no,telephone,no
856,72,retired,married,tertiary,no,0,no,no,cellular,yes
857,57,management,divorced,unknown,no,2986,no,no,cellular,yes
858,55,services,married,secondary,no,2476,yes,no,unknown,yes
859,32,admin.,married,secondary,no,205,no,no,cellular,no
860,35,technician,married,secondary,no,1,yes,yes,unknown,no
861,29,entrepreneur,single,tertiary,no,219,yes,no,cellular,no
862,48,admin.,married,secondary,no,476,no,no,unknown,no
863,53,retired,divorced,tertiary,no,-309,yes,no,cellular,yes
864,42,blue-collar,married,secondary,no,1297,yes,no,cellular,no
865,37,technician,divorced,secondary,no,141,yes,no,cellular,yes
866,22,unemployed,single,tertiary,no,993,no,no,cellular,yes
867,47,technician,married,secondary,no,3466,yes,no,cellular,yes
868,49,management,married,tertiary,no,0,no,no,telephone,yes
869,39,management,single,tertiary,no,1515,yes,no,cellular,yes
870,29,management,married,tertiary,no,941,yes,no,unknown,no
871,33,management,married,tertiary,no,148,no,no,unknown,no
872,55,admin.,married,secondary,no,183,yes,no,unknown,no
873,37,services,single,secondary,no,50,no,no,cellular,no
874,33,management,single,tertiary,no,224,no,no,cellular,yes
875,54,blue-collar,married,primary,no,532,no,no,telephone,no
876,49,management,married,tertiary,no,3237,yes,no,unknown,no
877,34,blue-collar,married,primary,no,695,yes,yes,unknown,yes
878,30,management,single,tertiary,no,985,yes,no,cellular,yes
879,44,admin.,single,secondary,no,4492,no,yes,cellular,no
880,38,technician,divorced,secondary,no,1294,yes,no,unknown,no
881,55,housemaid,married,primary,no,10,no,no,cellular,no
882,34,management,married,tertiary,no,828,no,yes,cellular,yes
883,37,management,married,secondary,no,80,no,no,cellular,no
884,28,blue-collar,single,secondary,no,38,yes,no,unknown,no
885,37,services,married,secondary,no,1,no,no,unknown,no
886,26,technician,single,secondary,no,124,yes,no,unknown,no
887,60,services,married,tertiary,no,4256,yes,no,cellular,yes
888,46,management,married,tertiary,no,349,no,no,cellular,yes
889,41,management,married,tertiary,no,30,no,no,cellular,no
890,38,blue-collar,married,secondary,no,602,yes,no,unknown,no
891,29,blue-collar,single,secondary,no,2891,yes,no,cellular,no
892,35,blue-collar,married,secondary,no,-701,yes,yes,cellular,no
893,40,management,married,secondary,no,2596,no,no,unknown,no
894,45,technician,divorced,secondary,no,-357,yes,yes,cellular,yes
895,35,admin.,married,tertiary,no,318,yes,yes,cellular,no
896,35,technician,married,secondary,no,294,yes,no,cellular,no
897,26,self-employed,married,tertiary,no,479,yes,no,cellular,no
898,39,blue-collar,married,primary,no,275,yes,no,unknown,no
899,32,technician,married,secondary,no,253,yes,no,cellular,no
900,36,management,single,tertiary,no,2032,no,yes,cellular,yes
901,34,blue-collar,married,secondary,no,965,yes,no,cellular,no
902,58,management,married,tertiary,no,3228,no,no,cellular,no
903,35,entrepreneur,married,tertiary,no,1859,yes,no,cellular,no
904,45,blue-collar,married,secondary,no,192,yes,no,cellular,no
905,54,services,married,secondary,no,171,no,yes,cellular,no
906,47,management,married,unknown,no,4567,no,no,telephone,no
907,35,admin.,married,secondary,no,1286,yes,no,cellular,yes
908,50,technician,married,secondary,no,3176,no,no,cellular,yes
909,41,management,married,tertiary,no,2781,yes,no,cellular,no
910,38,technician,divorced,tertiary,no,304,yes,no,cellular,no
911,34,admin.,married,secondary,no,1406,yes,no,cellular,yes
912,39,services,divorced,secondary,no,687,yes,no,cellular,yes
913,47,retired,single,primary,no,3033,no,no,cellular,yes
914,31,management,single,tertiary,no,617,no,no,cellular,yes
915,30,management,single,tertiary,no,640,no,no,cellular,no
916,31,services,single,secondary,no,2038,yes,no,unknown,no
917,31,admin.,married,secondary,no,35,no,no,cellular,yes
918,50,services,married,secondary,no,1321,no,no,unknown,no
919,33,blue-collar,single,secondary,no,706,yes,no,cellular,no
920,77,retired,married,primary,no,1385,no,no,telephone,no
921,59,unemployed,married,secondary,no,1047,no,no,cellular,yes
922,50,self-employed,single,secondary,no,766,yes,no,cellular,no
923,57,admin.,married,unknown,no,0,yes,no,unknown,no
924,32,services,married,secondary,no,109,yes,no,unknown,no
925,34,management,single,tertiary,no,1310,no,yes,cellular,no
926,36,blue-collar,married,primary,no,49,yes,no,cellular,no
927,36,blue-collar,married,primary,no,21,no,no,telephone,no
928,45,admin.,single,secondary,no,-11,yes,no,cellular,no
929,70,retired,married,secondary,no,2626,no,no,cellular,yes
930,37,blue-collar,married,primary,no,152,yes,no,cellular,no
931,47,technician,divorced,secondary,no,1013,no,no,cellular,no
932,48,management,married,tertiary,no,1949,yes,no,unknown,yes
933,57,management,married,primary,no,687,yes,yes,telephone,no
934,58,technician,married,secondary,no,4299,yes,no,unknown,no
935,32,technician,single,secondary,no,40,no,no,cellular,yes
936,57,retired,married,primary,no,9367,no,no,cellular,yes
937,55,admin.,married,secondary,no,-2,no,no,cellular,no
938,54,retired,married,secondary,no,3538,no,no,cellular,yes
939,41,technician,married,secondary,no,-274,yes,no,unknown,no
940,34,blue-collar,married,primary,no,479,no,no,cellular,no
941,45,services,married,unknown,no,8319,no,no,cellular,no
942,44,blue-collar,married,secondary,no,-448,yes,no,unknown,no
943,47,blue-collar,married,secondary,no,1388,yes,no,cellular,no
944,29,services,single,secondary,no,192,no,no,cellular,no
945,53,management,married,secondary,no,2693,no,no,cellular,yes
946,35,management,single,secondary,yes,-202,yes,no,unknown,no
947,59,retired,divorced,secondary,no,5845,no,no,cellular,yes
948,45,entrepreneur,divorced,tertiary,no,1273,yes,yes,cellular,no
949,47,technician,married,primary,no,235,no,no,cellular,yes
950,26,blue-collar,single,primary,no,16,no,yes,cellular,no
951,54,management,married,tertiary,no,0,yes,no,cellular,no
952,32,management,married,tertiary,no,169,no,yes,cellular,no
953,24,student,single,secondary,no,1123,no,no,cellular,yes
954,28,management,married,tertiary,yes,84,no,yes,cellular,no
955,32,management,married,tertiary,no,663,no,yes,cellular,no
956,35,management,married,tertiary,no,-468,yes,no,cellular,yes
957,31,management,single,tertiary,no,1675,no,no,cellular,no
958,36,admin.,married,secondary,no,286,yes,no,cellular,no
959,51,management,married,primary,yes,57,yes,yes,unknown,no
960,42,technician,married,secondary,no,994,yes,no,cellular,yes
961,52,blue-collar,married,secondary,no,2087,yes,no,cellular,yes
962,54,technician,married,tertiary,yes,337,yes,no,unknown,no
963,44,management,divorced,tertiary,no,5773,no,no,unknown,yes
964,36,blue-collar,married,secondary,no,1088,yes,no,cellular,no
965,70,housemaid,divorced,primary,no,1311,no,no,cellular,yes
966,29,blue-collar,single,secondary,no,2806,no,no,cellular,no
967,59,retired,married,tertiary,no,148,yes,yes,cellular,yes
968,42,services,married,secondary,no,154,yes,no,telephone,no
969,31,management,married,tertiary,no,1164,yes,yes,cellular,no
970,30,technician,single,tertiary,no,880,yes,yes,unknown,yes
971,37,technician,single,secondary,no,-242,yes,no,cellular,yes
972,43,management,single,tertiary,no,2081,no,no,cellular,yes
973,39,blue-collar,married,primary,no,2303,yes,no,unknown,yes
974,53,technician,married,primary,no,44,no,no,unknown,no
975,26,services,single,secondary,no,1347,no,no,telephone,yes
976,29,admin.,single,secondary,no,464,no,no,cellular,yes
977,29,management,single,tertiary,no,119,yes,no,unknown,no
978,34,admin.,single,tertiary,no,4254,yes,no,cellular,yes
979,51,blue-collar,married,primary,no,7098,no,no,cellular,yes
980,50,admin.,married,secondary,no,3608,yes,no,cellular,yes
981,44,blue-collar,married,primary,no,1265,yes,no,cellular,yes
982,57,management,married,tertiary,no,3431,yes,no,unknown,no
983,36,blue-collar,married,primary,no,448,yes,no,unknown,no
984,52,blue-collar,married,secondary,no,2276,no,no,unknown,no
985,70,retired,divorced,primary,no,275,no,no,cellular,yes
986,35,services,married,secondary,no,1728,yes,no,cellular,no
987,36,technician,single,secondary,no,265,yes,yes,unknown,no
988,34,retired,married,primary,no,4499,no,no,unknown,yes
989,43,admin.,married,secondary,no,2682,no,no,cellular,no
990,59,unemployed,single,secondary,no,865,no,no,cellular,no
991,60,blue-collar,married,primary,no,14,yes,yes,cellular,no
992,51,entrepreneur,divorced,tertiary,no,2109,no,no,cellular,no
993,31,admin.,married,secondary,no,8781,yes,no,cellular,yes
994,37,technician,married,secondary,no,432,yes,no,cellular,yes
995,33,blue-collar,married,primary,no,141,yes,no,unknown,no
996,31,management,married,secondary,no,8629,yes,no,cellular,yes
997,26,admin.,single,secondary,no,96,no,no,cellular,no
998,26,technician,single,secondary,no,1231,yes,no,cellular,yes
999,59,entrepreneur,married,primary,no,222,no,no,cellular,no
1000,42,blue-collar,divorced,primary,no,419,yes,yes,unknown,no
1001,34,technician,married,tertiary,no,197,no,no,cellular,yes
1002,56,blue-collar,married,primary,no,0,no,no,cellular,no
1003,40,admin.,married,secondary,no,4775,no,no,cellular,yes
1004,34,blue-collar,married,secondary,no,2308,yes,no,unknown,no
1005,53,blue-collar,married,secondary,no,1777,yes,no,cellular,yes
1006,31,blue-collar,married,secondary,no,812,yes,no,cellular,no
1007,51,technician,divorced,secondary,no,0,yes,no,unknown,no
1008,67,retired,married,unknown,no,2540,no,no,telephone,yes
1009,35,management,single,tertiary,no,1120,no,no,unknown,no
1010,38,entrepreneur,married,secondary,no,593,yes,yes,cellular,yes
1011,63,retired,married,secondary,no,2896,no,no,cellular,yes
1012,26,student,single,secondary,no,100,no,no,cellular,yes
1013,34,management,married,tertiary,no,73,no,no,cellular,yes
1014,44,services,divorced,secondary,no,-368,yes,no,cellular,yes
1015,34,management,single,tertiary,no,682,no,no,cellular,no
1016,35,management,married,tertiary,no,2161,no,no,cellular,yes
1017,31,blue-collar,married,secondary,no,92,yes,no,unknown,yes
1018,33,technician,married,secondary,no,4790,yes,no,cellular,no
1019,27,management,single,secondary,no,924,yes,no,cellular,no
1020,42,entrepreneur,married,secondary,no,169,yes,no,telephone,no
1021,37,blue-collar,married,secondary,no,13849,yes,no,unknown,no
1022,34,management,married,tertiary,no,606,no,no,cellular,yes
1023,32,technician,married,tertiary,no,-1053,yes,no,cellular,no
1024,36,blue-collar,single,primary,no,3214,yes,no,unknown,no
1025,30,admin.,married,tertiary,no,4168,no,no,cellular,no
1026,34,management,married,tertiary,no,0,no,no,cellular,no
1027,59,technician,married,secondary,no,2308,no,no,cellular,yes
1028,41,services,married,secondary,no,2085,yes,no,unknown,no
1029,29,technician,divorced,secondary,no,328,yes,yes,cellular,no
1030,32,services,married,secondary,no,1844,yes,yes,cellular,no
1031,47,technician,divorced,secondary,no,236,no,no,cellular,no
1032,25,blue-collar,single,secondary,no,-191,yes,no,unknown,yes
1033,32,management,single,tertiary,no,312,no,no,cellular,yes
1034,59,management,married,tertiary,no,296,no,yes,cellular,yes
1035,43,technician,single,secondary,no,1195,yes,no,unknown,no
1036,53,services,married,secondary,no,341,no,no,cellular,yes
1037,48,management,divorced,tertiary,no,503,no,yes,unknown,yes
1038,68,retired,married,secondary,no,1146,no,no,cellular,yes
1039,40,admin.,single,secondary,no,90,yes,no,unknown,no
1040,31,technician,single,secondary,no,1819,yes,no,unknown,no
1041,44,technician,single,tertiary,no,678,no,no,cellular,no
1042,35,entrepreneur,married,secondary,no,2971,no,no,cellular,no
1043,48,management,single,tertiary,no,830,no,no,cellular,yes
1044,49,admin.,married,secondary,no,3608,yes,no,unknown,yes
1045,37,admin.,married,tertiary,no,3221,no,no,cellular,yes
1046,31,technician,single,tertiary,no,1109,no,no,cellular,yes
1047,50,management,married,secondary,no,0,yes,no,unknown,no
1048,31,self-employed,single,secondary,no,762,no,no,cellular,no
1049,40,housemaid,married,tertiary,no,795,yes,no,unknown,no
1050,49,admin.,divorced,secondary,no,169,yes,no,unknown,no
1051,23,services,single,secondary,no,488,no,no,cellular,yes
1052,28,technician,single,tertiary,no,676,no,no,cellular,yes
1053,36,management,single,tertiary,no,13,no,yes,cellular,no
1054,35,blue-collar,married,secondary,no,80,yes,yes,cellular,no
1055,34,admin.,married,tertiary,no,69,no,yes,cellular,yes
1056,32,services,married,secondary,no,1273,yes,no,cellular,yes
1057,47,unemployed,married,primary,no,324,no,no,cellular,yes
1058,46,blue-collar,married,secondary,no,922,yes,no,telephone,no
1059,32,services,divorced,secondary,no,454,yes,no,cellular,yes
1060,38,technician,single,secondary,no,0,no,no,cellular,no
1061,61,retired,married,tertiary,no,32685,no,no,cellular,yes
1062,19,student,single,secondary,no,329,no,no,cellular,yes
1063,38,services,single,primary,no,3715,yes,no,telephone,no
1064,27,technician,single,tertiary,no,1075,no,no,cellular,yes
1065,57,management,married,tertiary,no,4929,yes,no,telephone,no
1066,35,blue-collar,married,primary,no,624,yes,no,unknown,no
1067,30,blue-collar,married,secondary,no,321,yes,no,cellular,no
1068,26,services,divorced,primary,no,633,yes,no,unknown,no
1069,29,self-employed,single,tertiary,no,3290,no,no,cellular,yes
1070,23,student,single,unknown,no,854,yes,no,unknown,yes
1071,37,management,married,tertiary,no,89,yes,no,unknown,no
1072,46,entrepreneur,married,secondary,no,0,no,yes,cellular,no
1073,48,blue-collar,married,primary,no,595,no,no,cellular,no
1074,33,management,married,tertiary,no,158,no,no,cellular,yes
1075,36,services,married,secondary,no,981,no,no,unknown,yes
1076,55,retired,divorced,secondary,no,-268,no,yes,cellular,yes
1077,31,blue-collar,married,secondary,no,30,yes,no,unknown,no
1078,34,admin.,married,secondary,no,1467,yes,no,cellular,no
1079,30,admin.,married,secondary,no,8781,yes,no,cellular,yes
1080,55,housemaid,married,primary,no,0,yes,no,cellular,yes
1081,58,retired,married,secondary,no,2714,no,no,cellular,yes
1082,37,services,married,secondary,no,4017,no,no,cellular,yes
1083,20,student,single,secondary,no,215,no,no,cellular,yes
1084,48,management,married,tertiary,no,1600,no,no,cellular,no
1085,31,admin.,single,tertiary,no,383,no,yes,cellular,no
1086,31,management,single,tertiary,no,4331,yes,no,cellular,no
1087,35,management,single,tertiary,no,1750,yes,no,cellular,no
1088,46,self-employed,married,tertiary,no,-80,yes,no,unknown,no
1089,57,retired,single,primary,no,604,no,no,cellular,no
1090,62,retired,married,tertiary,no,2557,yes,no,cellular,yes
1091,64,retired,divorced,secondary,no,630,no,no,cellular,no
1092,54,blue-collar,married,secondary,no,1636,no,no,telephone,yes
1093,27,admin.,single,tertiary,no,832,no,no,cellular,no
1094,75,retired,married,secondary,no,291,no,no,cellular,yes
1095,52,technician,married,secondary,no,136,no,no,cellular,no
1096,42,technician,single,secondary,no,-321,no,no,cellular,no
1097,32,entrepreneur,single,tertiary,no,-34,yes,no,cellular,yes
1098,55,blue-collar,divorced,unknown,no,103,yes,no,cellular,no
1099,55,blue-collar,married,secondary,no,467,no,no,cellular,no
1100,20,student,single,secondary,no,215,no,no,cellular,yes
1101,35,technician,single,secondary,no,4645,yes,no,cellular,no
1102,32,technician,single,tertiary,no,5514,no,no,telephone,yes
1103,58,blue-collar,married,secondary,no,544,no,no,unknown,no
1104,44,technician,married,tertiary,no,1818,yes,yes,cellular,yes
1105,37,technician,single,secondary,no,3665,no,no,cellular,yes
1106,31,management,married,tertiary,no,546,no,no,cellular,no
1107,38,management,divorced,tertiary,no,547,yes,no,unknown,no
1108,31,technician,married,secondary,no,450,no,yes,cellular,no
1109,47,entrepreneur,married,tertiary,no,0,no,no,telephone,no
1110,48,technician,married,secondary,no,178,yes,no,unknown,no
1111,52,management,married,secondary,no,5193,no,no,cellular,no
1112,28,admin.,single,secondary,no,2,yes,no,cellular,yes
1113,24,self-employed,single,tertiary,no,931,yes,no,unknown,no
1114,32,blue-collar,single,primary,no,398,yes,no,cellular,yes
1115,31,blue-collar,married,secondary,no,41,yes,no,unknown,no
1116,31,admin.,single,tertiary,no,355,yes,no,cellular,yes
1117,32,services,married,secondary,no,315,no,no,cellular,no
1118,44,blue-collar,married,primary,no,2657,yes,no,unknown,no
1119,29,self-employed,married,tertiary,no,1,no,no,cellular,no
1120,29,unemployed,single,tertiary,no,497,yes,no,cellular,yes
1121,23,management,single,tertiary,no,1807,no,no,cellular,yes
1122,37,management,married,tertiary,no,203,no,no,cellular,yes
1123,34,entrepreneur,married,tertiary,no,1076,yes,no,cellular,yes
1124,46,management,married,secondary,no,21,yes,no,cellular,no
1125,49,technician,married,tertiary,no,523,yes,no,cellular,yes
1126,36,self-employed,married,tertiary,no,4515,yes,no,unknown,no
1127,33,technician,married,secondary,no,256,yes,no,cellular,no
1128,56,admin.,married,primary,no,0,yes,no,cellular,no
1129,30,technician,married,secondary,no,207,yes,no,unknown,no
1130,56,retired,married,secondary,no,1894,yes,no,unknown,no
1131,36,management,single,tertiary,no,8,no,no,cellular,no
1132,37,management,married,tertiary,no,5432,yes,yes,unknown,no
1133,36,management,single,secondary,no,1511,yes,no,cellular,yes
1134,33,self-employed,single,tertiary,no,658,yes,no,cellular,no
1135,34,housemaid,married,tertiary,no,1265,yes,no,unknown,no
1136,35,technician,married,tertiary,no,944,no,no,cellular,no
1137,42,blue-collar,married,secondary,no,366,yes,no,cellular,yes
1138,29,admin.,single,secondary,no,163,yes,yes,unknown,yes
1139,58,admin.,divorced,secondary,no,3337,yes,no,telephone,yes
1140,37,unemployed,single,secondary,no,443,no,no,cellular,yes
1141,78,retired,married,tertiary,no,1204,no,no,telephone,yes
1142,44,services,married,secondary,no,522,no,yes,unknown,yes
1143,40,admin.,married,secondary,no,767,yes,no,cellular,no
1144,40,blue-collar,single,unknown,no,24,yes,no,unknown,no
1145,49,management,married,tertiary,no,1167,yes,yes,cellular,yes
1146,35,management,divorced,tertiary,no,538,yes,no,unknown,no
1147,33,services,married,secondary,no,930,no,yes,cellular,no
1148,44,management,married,tertiary,no,1451,yes,no,cellular,no
1149,35,management,single,tertiary,no,1496,yes,no,cellular,no
1150,47,management,married,tertiary,no,866,no,no,unknown,no
1151,33,blue-collar,single,tertiary,no,700,no,no,cellular,yes
1152,31,technician,married,tertiary,no,1570,yes,no,cellular,yes
1153,38,technician,married,secondary,no,381,yes,no,unknown,no
1154,45,entrepreneur,married,secondary,no,242,no,yes,cellular,no
1155,37,admin.,single,primary,no,912,yes,no,cellular,yes
1156,48,services,divorced,primary,no,2805,no,yes,cellular,no
1157,59,management,married,tertiary,no,1,yes,no,cellular,yes
1158,68,retired,divorced,primary,no,2027,no,no,cellular,yes
1159,33,services,single,unknown,no,2297,no,no,cellular,yes
1160,40,blue-collar,married,primary,no,1758,yes,no,unknown,yes
1161,60,technician,married,primary,no,65,yes,no,unknown,yes
1162,30,blue-collar,single,secondary,no,49,no,no,cellular,yes
1163,37,technician,married,secondary,no,0,yes,no,cellular,no
1164,33,technician,single,tertiary,no,127,yes,no,cellular,yes
1165,39,management,married,unknown,no,76,no,no,cellular,yes
1166,27,blue-collar,married,secondary,no,4333,no,no,cellular,yes
1167,27,services,single,secondary,no,167,no,yes,cellular,no
1168,62,blue-collar,married,secondary,no,180,no,no,cellular,yes
1169,36,management,married,tertiary,no,242,yes,no,cellular,no
1170,40,admin.,single,secondary,no,100,yes,no,cellular,yes
1171,21,student,single,secondary,no,224,no,no,cellular,yes
1172,57,technician,divorced,secondary,no,3105,yes,no,unknown,no
1173,22,management,single,tertiary,no,104,no,yes,cellular,yes
1174,31,student,single,tertiary,no,64,no,no,cellular,yes
1175,61,admin.,married,secondary,no,4608,no,no,cellular,yes
1176,36,entrepreneur,divorced,tertiary,no,776,no,yes,cellular,yes
1177,37,services,married,secondary,no,483,yes,no,cellular,no
1178,46,management,married,secondary,no,-27,yes,no,cellular,no
1179,50,management,married,tertiary,yes,72,no,no,cellular,no
1180,41,technician,single,tertiary,no,-89,yes,no,cellular,no
1181,40,retired,single,secondary,no,1400,no,no,unknown,no
1182,44,admin.,married,tertiary,no,348,yes,yes,cellular,yes
1183,39,self-employed,married,tertiary,no,1047,no,no,unknown,yes
1184,27,technician,married,secondary,no,7102,yes,no,unknown,no
1185,33,technician,married,secondary,no,0,no,no,cellular,no
1186,33,management,single,tertiary,no,2485,yes,no,cellular,no
1187,47,technician,married,secondary,no,2246,yes,no,cellular,no
1188,28,admin.,single,secondary,no,762,no,no,cellular,yes
1189,29,services,married,secondary,no,376,no,yes,telephone,no
1190,41,blue-collar,married,secondary,no,2717,yes,yes,cellular,no
1191,35,management,married,tertiary,no,2161,no,no,cellular,yes
1192,32,student,single,unknown,no,1583,yes,no,unknown,no
1193,36,blue-collar,single,secondary,no,111,yes,no,cellular,no
1194,37,technician,married,secondary,no,157,yes,no,unknown,no
1195,34,self-employed,single,tertiary,no,36,no,no,telephone,no
1196,43,management,divorced,tertiary,no,2367,no,no,cellular,yes
1197,36,management,single,tertiary,no,876,yes,no,unknown,no
1198,27,admin.,married,secondary,no,-97,yes,no,unknown,yes
1199,55,management,divorced,tertiary,no,2383,no,no,cellular,yes
1200,46,unemployed,divorced,secondary,no,41,yes,no,unknown,no
1201,54,management,married,tertiary,no,1411,no,no,cellular,no
1202,34,technician,single,secondary,no,1313,no,no,cellular,no
1203,38,technician,married,unknown,no,90,yes,yes,unknown,no
1204,33,admin.,divorced,secondary,no,661,yes,no,cellular,no
1205,74,retired,married,tertiary,no,1843,no,no,cellular,yes
1206,40,admin.,married,tertiary,no,764,yes,no,unknown,yes
1207,32,admin.,single,secondary,no,131,yes,no,cellular,yes
1208,32,blue-collar,single,primary,no,1918,yes,no,cellular,no
1209,25,admin.,married,secondary,no,894,yes,no,unknown,no
1210,40,management,married,tertiary,no,2487,no,no,cellular,no
1211,30,student,single,tertiary,no,3300,no,no,cellular,yes
1212,69,retired,married,unknown,no,426,no,no,telephone,yes
1213,68,retired,married,tertiary,no,2812,no,no,cellular,yes
1214,45,admin.,divorced,secondary,no,2353,yes,no,cellular,yes
1215,51,management,divorced,tertiary,no,0,yes,no,cellular,no
1216,36,technician,married,tertiary,no,4596,yes,no,cellular,yes
1217,31,unemployed,single,secondary,no,284,yes,no,cellular,yes
1218,24,student,single,secondary,no,423,yes,no,unknown,no
1219,58,management,divorced,primary,no,5914,no,no,unknown,no
1220,59,retired,married,secondary,no,163,no,no,cellular,no
1221,46,self-employed,married,secondary,no,567,no,no,cellular,no
1222,79,retired,married,primary,no,8556,no,no,telephone,yes
1223,38,admin.,divorced,secondary,no,0,no,no,unknown,no
1224,71,retired,married,tertiary,no,653,no,no,telephone,yes
1225,53,self-employed,married,tertiary,no,20,yes,no,cellular,no
1226,35,technician,single,secondary,no,27,yes,no,cellular,yes
1227,27,admin.,single,secondary,no,3,yes,no,cellular,no
1228,36,technician,single,secondary,no,651,no,no,cellular,yes
1229,50,technician,divorced,secondary,no,8016,no,no,cellular,no
1230,31,entrepreneur,single,secondary,no,0,no,no,telephone,yes
1231,53,blue-collar,married,unknown,no,2509,no,no,telephone,yes
1232,23,unemployed,single,primary,no,1003,no,no,telephone,yes
1233,47,entrepreneur,divorced,secondary,no,186,no,no,cellular,no
1234,57,management,married,tertiary,no,3431,yes,no,cellular,no
1235,27,student,single,tertiary,no,5291,no,no,cellular,yes
1236,44,management,married,primary,no,558,no,no,cellular,yes
1237,30,management,single,tertiary,no,-218,yes,no,cellular,no
1238,49,blue-collar,married,primary,no,23,yes,no,unknown,no
1239,56,retired,married,primary,no,9367,no,no,cellular,yes
1240,46,technician,divorced,secondary,no,-90,no,yes,telephone,yes
1241,47,technician,divorced,secondary,no,84,no,no,cellular,no
1242,35,blue-collar,married,unknown,no,1084,yes,no,cellular,no
1243,46,management,married,tertiary,no,699,no,no,cellular,yes
1244,59,retired,married,primary,no,1423,yes,no,unknown,no
1245,29,blue-collar,single,secondary,no,734,yes,yes,cellular,yes
1246,55,retired,married,secondary,no,241,yes,no,unknown,no
1247,34,unemployed,single,secondary,no,15,no,no,cellular,yes
1248,49,admin.,married,secondary,no,197,yes,no,cellular,yes
1249,31,management,married,tertiary,no,1812,no,no,cellular,yes
1250,59,retired,divorced,secondary,no,914,no,no,cellular,no
1251,47,management,single,tertiary,no,372,no,no,cellular,yes
1252,56,technician,single,primary,no,145,yes,no,telephone,no
1253,33,management,single,tertiary,no,30,yes,no,cellular,yes
1254,41,management,married,tertiary,no,27696,no,no,cellular,yes
1255,49,technician,married,tertiary,no,503,no,no,unknown,no
1256,18,student,single,primary,no,608,no,no,cellular,yes
1257,31,management,single,secondary,no,360,yes,no,cellular,yes
1258,48,technician,married,secondary,no,568,yes,no,cellular,yes
1259,46,services,married,primary,no,437,yes,no,cellular,yes
1260,31,technician,single,tertiary,no,882,no,no,cellular,yes
1261,44,blue-collar,single,secondary,no,712,yes,yes,cellular,yes
1262,69,management,married,tertiary,no,840,no,no,telephone,yes
1263,30,unemployed,single,secondary,no,2424,no,no,cellular,yes
1264,28,admin.,married,secondary,no,0,yes,no,cellular,no
1265,35,entrepreneur,married,tertiary,no,-31,yes,no,cellular,no
1266,37,entrepreneur,divorced,tertiary,no,66,no,no,cellular,yes
1267,48,unemployed,divorced,secondary,no,201,no,no,cellular,yes
1268,33,technician,single,secondary,no,-479,no,no,cellular,no
1269,30,management,married,tertiary,no,131,yes,no,cellular,yes
1270,33,unemployed,married,secondary,no,1211,no,no,cellular,yes
1271,54,services,married,unknown,no,0,yes,no,cellular,yes
1272,39,self-employed,single,tertiary,no,2298,yes,yes,cellular,no
1273,41,management,married,tertiary,no,141,yes,yes,unknown,no
1274,28,management,single,tertiary,no,185,no,no,cellular,no
1275,36,admin.,single,secondary,no,206,yes,no,unknown,no
1276,84,retired,married,secondary,no,81204,no,no,telephone,yes
1277,31,technician,divorced,secondary,no,304,no,no,cellular,no
1278,48,management,married,primary,no,1513,no,no,cellular,no
1279,41,technician,married,secondary,no,128,yes,no,cellular,no
1280,26,admin.,single,tertiary,no,2532,yes,yes,cellular,yes
1281,30,management,married,tertiary,no,0,no,no,cellular,no
1282,23,self-employed,single,tertiary,no,780,no,no,cellular,yes
1283,37,admin.,married,secondary,no,1110,yes,no,telephone,yes
1284,39,services,married,tertiary,no,1493,no,no,cellular,yes
1285,35,management,married,tertiary,no,244,yes,no,cellular,no
1286,32,blue-collar,married,secondary,no,783,yes,no,unknown,yes
1287,27,management,single,tertiary,no,1720,no,no,cellular,yes
1288,35,technician,divorced,secondary,no,3549,yes,no,cellular,no
1289,25,blue-collar,single,secondary,no,389,no,no,cellular,yes
1290,39,blue-collar,divorced,secondary,no,36,yes,no,unknown,no
1291,34,blue-collar,married,primary,no,329,yes,no,cellular,yes
1292,57,blue-collar,married,primary,no,630,yes,no,unknown,no
1293,60,retired,divorced,secondary,no,514,no,no,cellular,yes
1294,34,services,single,secondary,no,2257,no,yes,telephone,no
1295,45,services,single,primary,no,1893,yes,no,unknown,yes
1296,60,retired,married,primary,no,566,no,yes,cellular,no
1297,35,admin.,married,secondary,no,-244,yes,yes,cellular,no
1298,60,retired,married,tertiary,no,2557,yes,no,cellular,yes
1299,50,technician,divorced,secondary,no,0,no,no,cellular,yes
1300,45,management,single,tertiary,no,997,no,yes,cellular,no
1301,48,management,married,tertiary,yes,0,no,yes,cellular,no
1302,34,management,married,tertiary,no,8000,no,no,cellular,yes
1303,56,management,married,primary,no,405,no,no,cellular,no
1304,52,blue-collar,married,secondary,no,1117,yes,no,cellular,no
1305,47,management,single,tertiary,no,159,no,no,telephone,yes
1306,30,services,single,secondary,no,773,yes,yes,unknown,no
1307,49,blue-collar,married,primary,no,361,yes,no,unknown,yes
1308,46,blue-collar,married,primary,no,-388,yes,yes,cellular,no
1309,36,student,single,secondary,no,17,no,no,cellular,yes
1310,42,blue-collar,married,primary,no,-97,yes,no,cellular,no
1311,55,blue-collar,married,secondary,no,0,no,no,unknown,yes
1312,42,technician,single,secondary,yes,-1129,yes,no,unknown,yes
1313,42,blue-collar,married,primary,no,201,yes,no,cellular,yes
1314,53,admin.,single,secondary,no,291,no,no,unknown,no
1315,43,unemployed,single,tertiary,no,983,yes,no,cellular,yes
1316,37,technician,married,secondary,no,28,no,no,cellular,no
1317,31,technician,single,secondary,no,200,no,no,cellular,no
1318,49,blue-collar,married,secondary,no,30,yes,no,unknown,no
1319,56,admin.,divorced,primary,no,0,no,yes,cellular,no
1320,26,management,divorced,tertiary,no,667,no,no,telephone,no
1321,35,admin.,married,secondary,no,0,no,no,cellular,no
1322,32,blue-collar,married,secondary,no,476,yes,no,cellular,yes
1323,40,admin.,married,secondary,no,824,yes,no,cellular,no
1324,38,technician,married,tertiary,no,202,no,no,cellular,yes
1325,59,admin.,divorced,secondary,no,-41,yes,yes,unknown,no
1326,34,services,married,secondary,no,1337,no,no,cellular,yes
1327,43,technician,married,secondary,no,3723,yes,no,cellular,no
1328,55,self-employed,married,secondary,no,2408,no,no,telephone,no
1329,24,student,single,secondary,no,1234,no,no,cellular,yes
1330,48,services,divorced,unknown,no,973,no,no,cellular,yes
1331,38,technician,married,secondary,no,185,no,yes,cellular,no
1332,32,technician,married,tertiary,no,514,yes,no,unknown,no
1333,50,admin.,married,secondary,no,10250,yes,no,cellular,yes
1334,45,management,married,tertiary,no,547,no,no,cellular,yes
1335,24,student,single,secondary,no,387,no,no,telephone,yes
1336,34,entrepreneur,married,secondary,no,223,no,yes,cellular,no
1337,29,services,divorced,secondary,no,-7,yes,no,cellular,yes
1338,27,blue-collar,single,secondary,no,3792,no,no,cellular,yes
1339,32,management,married,tertiary,no,2204,no,no,cellular,no
1340,42,technician,married,secondary,no,314,no,no,cellular,no
1341,31,self-employed,married,tertiary,no,2666,no,no,telephone,yes
1342,30,technician,married,secondary,no,394,no,no,cellular,no
1343,34,blue-collar,married,primary,no,3,yes,no,telephone,no
1344,26,technician,single,tertiary,no,515,no,no,cellular,yes
1345,40,blue-collar,divorced,unknown,no,528,yes,no,cellular,no
1346,31,unemployed,single,secondary,no,2616,no,no,cellular,yes
1347,34,technician,divorced,secondary,no,8,yes,no,cellular,no
1348,32,management,single,tertiary,no,1742,no,no,unknown,no
1349,46,blue-collar,married,secondary,no,640,yes,no,cellular,yes
1350,36,blue-collar,single,secondary,no,-175,yes,no,unknown,no
1351,34,technician,married,tertiary,no,2069,no,no,cellular,no
1352,47,blue-collar,married,primary,no,673,yes,yes,unknown,no
1353,47,technician,married,secondary,no,-9,no,no,cellular,no
1354,51,services,married,secondary,no,122,no,yes,cellular,no
1355,38,admin.,married,secondary,no,755,yes,no,cellular,yes
1356,56,blue-collar,married,unknown,no,665,yes,no,unknown,no
1357,36,admin.,married,tertiary,no,586,yes,no,cellular,no
1358,44,technician,single,secondary,no,250,no,no,telephone,yes
1359,45,management,married,tertiary,no,210,yes,no,cellular,no
1360,43,blue-collar,married,primary,no,232,no,yes,cellular,no
1361,45,admin.,divorced,primary,no,429,yes,no,cellular,yes
1362,32,management,married,tertiary,no,169,no,no,telephone,yes
1363,37,entrepreneur,single,secondary,no,-22,yes,no,cellular,yes
1364,46,admin.,divorced,secondary,no,1342,yes,no,cellular,no
1365,52,services,married,secondary,no,2081,yes,no,unknown,no
1366,59,blue-collar,married,unknown,no,337,no,no,unknown,no
1367,55,technician,married,secondary,no,276,yes,no,unknown,no
1368,50,management,divorced,primary,no,-6,yes,no,unknown,no
1369,37,services,married,secondary,no,0,yes,no,cellular,no
1370,43,housemaid,married,primary,no,25,no,no,cellular,no
1371,29,management,single,tertiary,no,36252,yes,no,cellular,yes
1372,18,student,single,unknown,no,108,no,no,cellular,yes
1373,30,student,single,unknown,no,4468,no,no,cellular,yes
1374,39,services,married,secondary,no,304,yes,yes,unknown,no
1375,41,management,married,tertiary,no,298,no,no,cellular,no
1376,29,blue-collar,married,secondary,no,3310,no,no,cellular,no
1377,26,technician,single,secondary,no,354,no,no,cellular,yes
1378,49,blue-collar,single,primary,no,2146,yes,no,cellular,yes
1379,32,technician,single,tertiary,no,569,no,yes,cellular,no
1380,47,technician,married,secondary,no,568,yes,no,telephone,no
1381,49,management,single,tertiary,no,1556,yes,no,cellular,no
1382,37,management,divorced,tertiary,no,-42,yes,no,cellular,yes
1383,40,admin.,married,secondary,no,1327,yes,yes,unknown,no
1384,44,technician,divorced,secondary,no,982,yes,no,unknown,yes
1385,49,management,married,tertiary,yes,-6847,no,yes,cellular,no
1386,45,technician,married,secondary,no,3395,yes,no,cellular,no
1387,51,blue-collar,married,primary,no,0,yes,yes,cellular,yes
1388,60,housemaid,divorced,primary,no,1412,no,no,cellular,no
1389,80,retired,married,primary,no,155,no,no,telephone,yes
1390,32,services,divorced,secondary,no,4612,yes,no,cellular,no
1391,50,management,divorced,tertiary,no,2564,yes,no,cellular,no
1392,58,admin.,married,secondary,no,855,no,no,cellular,no
1393,36,housemaid,divorced,tertiary,no,7296,yes,no,cellular,no
1394,30,student,single,secondary,no,48,no,no,cellular,yes
1395,55,housemaid,married,primary,no,1563,yes,no,cellular,no
1396,32,technician,single,secondary,no,1732,yes,no,cellular,yes
1397,54,technician,married,secondary,no,3967,no,yes,cellular,no
1398,42,entrepreneur,single,primary,no,103,yes,no,unknown,no
1399,32,self-employed,married,tertiary,no,1214,no,no,cellular,no
1400,35,technician,divorced,secondary,no,515,yes,yes,cellular,no
1401,26,self-employed,single,secondary,no,467,yes,yes,unknown,no
1402,36,blue-collar,married,secondary,no,1193,no,no,cellular,yes
1403,45,services,divorced,secondary,no,396,yes,yes,cellular,no
1404,30,services,divorced,secondary,no,0,no,no,cellular,no
1405,28,self-employed,single,tertiary,no,4579,no,no,cellular,yes
1406,36,admin.,married,secondary,no,162,yes,yes,cellular,no
1407,30,blue-collar,single,secondary,no,906,yes,yes,unknown,no
1408,45,blue-collar,married,secondary,no,0,no,no,cellular,no
1409,60,entrepreneur,married,primary,no,83,yes,no,cellular,no
1410,31,management,married,tertiary,no,877,no,no,cellular,yes
1411,34,blue-collar,married,secondary,no,261,yes,no,cellular,no
1412,53,blue-collar,married,secondary,no,4380,no,no,telephone,no
1413,44,services,married,secondary,no,3536,no,no,cellular,no
1414,44,self-employed,married,secondary,no,706,no,no,unknown,yes
1415,31,self-employed,married,tertiary,no,229,no,no,cellular,no
1416,35,entrepreneur,divorced,secondary,no,80,no,no,cellular,no
1417,61,management,married,tertiary,no,477,yes,no,cellular,yes
1418,37,management,single,tertiary,no,0,no,no,cellular,no
1419,28,blue-collar,single,secondary,no,759,yes,no,unknown,yes
1420,27,technician,single,tertiary,no,11862,no,no,cellular,yes
1421,75,retired,married,primary,no,3324,no,no,cellular,no
1422,25,admin.,single,secondary,no,483,no,yes,cellular,no
1423,29,blue-collar,single,unknown,no,694,yes,yes,cellular,yes
1424,26,technician,single,secondary,no,2,yes,yes,unknown,no
1425,33,technician,married,secondary,no,133,no,no,cellular,yes
1426,25,student,single,secondary,no,1747,yes,no,cellular,yes
1427,50,admin.,married,secondary,no,1575,no,no,cellular,no
1428,26,management,single,tertiary,no,222,no,no,cellular,yes
1429,49,management,married,tertiary,no,395,no,no,cellular,yes
1430,67,retired,married,tertiary,no,1341,no,no,cellular,yes
1431,43,entrepreneur,married,secondary,no,0,no,no,unknown,yes
1432,30,technician,married,secondary,no,-280,yes,no,cellular,no
1433,37,technician,married,tertiary,no,341,no,no,cellular,yes
1434,48,management,married,primary,no,427,no,no,cellular,no
1435,35,blue-collar,married,unknown,no,4822,yes,no,unknown,yes
1436,40,management,married,tertiary,no,-17,yes,yes,cellular,yes
1437,53,blue-collar,married,secondary,no,3079,no,no,cellular,no
1438,34,management,single,tertiary,no,681,no,no,cellular,yes
1439,54,admin.,divorced,secondary,no,0,yes,yes,cellular,no
1440,30,technician,married,secondary,no,2326,no,no,cellular,yes
1441,39,management,divorced,tertiary,no,4692,yes,no,telephone,no
1442,34,blue-collar,married,secondary,no,157,yes,no,cellular,no
1443,41,management,divorced,tertiary,no,1757,no,no,cellular,yes
1444,64,retired,married,unknown,no,679,no,no,telephone,yes
1445,49,blue-collar,married,primary,no,247,no,yes,cellular,no
1446,49,technician,married,secondary,no,808,yes,no,cellular,yes
1447,35,management,married,tertiary,no,178,no,no,cellular,no
1448,63,blue-collar,married,secondary,no,641,no,no,cellular,yes
1449,80,retired,married,primary,no,1468,no,no,cellular,yes
1450,36,entrepreneur,single,tertiary,no,145,yes,no,cellular,no
1451,31,management,single,tertiary,no,3,no,no,cellular,no
1452,35,unemployed,single,tertiary,no,154,no,no,cellular,yes
1453,60,self-employed,married,tertiary,no,10861,no,no,cellular,yes
1454,43,management,divorced,tertiary,no,2367,no,no,cellular,yes
1455,64,retired,married,secondary,no,1612,no,no,cellular,yes
1456,24,admin.,married,secondary,no,230,yes,no,cellular,no
1457,37,management,married,tertiary,no,658,yes,no,cellular,yes
1458,32,admin.,married,tertiary,no,0,yes,no,unknown,no
1459,45,technician,married,secondary,no,1998,no,no,cellular,yes
1460,46,technician,married,secondary,no,68,yes,yes,unknown,no
1461,31,blue-collar,married,primary,no,605,yes,no,unknown,no
1462,28,technician,single,tertiary,no,4513,yes,no,unknown,no
1463,42,admin.,married,secondary,no,1133,yes,no,cellular,no
1464,32,student,single,tertiary,no,1138,no,no,cellular,yes
1465,38,technician,married,tertiary,no,88,no,no,cellular,yes
1466,34,blue-collar,married,secondary,no,-436,yes,no,unknown,no
1467,61,self-employed,divorced,tertiary,no,6,yes,no,cellular,yes
1468,41,blue-collar,divorced,secondary,no,-104,yes,no,unknown,no
1469,42,blue-collar,married,primary,no,2103,yes,no,cellular,yes
1470,36,management,married,tertiary,no,1113,no,no,cellular,yes
1471,32,student,single,secondary,no,1102,no,no,telephone,yes
1472,55,retired,married,secondary,no,1431,no,yes,cellular,no
1473,52,admin.,married,primary,no,204,no,no,cellular,no
1474,33,management,married,tertiary,no,621,no,no,cellular,no
1475,38,unemployed,married,secondary,no,0,no,no,cellular,no
1476,28,technician,single,tertiary,no,1628,yes,no,cellular,yes
1477,56,blue-collar,married,primary,no,136,no,no,cellular,no
1478,39,admin.,married,unknown,no,378,no,no,unknown,no
1479,34,management,married,tertiary,no,362,yes,no,unknown,no
1480,41,services,divorced,secondary,no,-19,yes,no,unknown,no
1481,32,management,married,tertiary,no,794,yes,yes,cellular,yes
1482,83,retired,divorced,primary,no,1097,no,no,telephone,yes
1483,52,technician,divorced,secondary,no,152,no,no,cellular,yes
1484,46,services,married,primary,no,4343,yes,no,unknown,yes
1485,30,services,single,primary,no,5746,yes,no,telephone,no
1486,57,retired,married,primary,no,207,yes,no,unknown,no
1487,38,admin.,single,secondary,no,100,yes,no,unknown,yes
1488,54,retired,divorced,tertiary,no,3076,no,no,cellular,yes
1489,24,student,single,secondary,no,597,yes,no,cellular,yes
1490,54,self-employed,married,secondary,no,203,yes,no,telephone,no
1491,46,blue-collar,married,secondary,no,524,yes,no,telephone,no
1492,28,technician,single,tertiary,no,4987,no,no,cellular,yes
1493,28,technician,single,tertiary,no,558,yes,no,cellular,no
1494,38,technician,married,secondary,no,5115,yes,no,cellular,yes
1495,38,management,married,tertiary,no,179,no,no,unknown,yes
1496,33,management,married,tertiary,no,6513,yes,no,cellular,yes
1497,24,admin.,single,secondary,no,1295,no,no,cellular,yes
1498,39,blue-collar,single,secondary,no,29,yes,no,unknown,no
1499,34,admin.,married,secondary,no,3185,yes,no,unknown,no
1500,33,management,single,tertiary,no,0,no,no,cellular,yes
1501,57,housemaid,married,primary,no,2785,no,no,cellular,yes
1502,43,admin.,divorced,secondary,no,729,yes,no,unknown,no
1503,59,management,married,primary,no,2769,yes,no,cellular,no
1504,27,admin.,married,secondary,no,1596,no,no,cellular,yes
1505,31,technician,single,tertiary,no,-749,yes,yes,cellular,no
1506,31,admin.,married,secondary,no,97,yes,no,unknown,yes
1507,59,management,married,tertiary,no,3342,no,no,cellular,yes
1508,29,management,single,tertiary,no,841,no,no,cellular,no
1509,41,housemaid,married,primary,no,0,no,no,cellular,yes
1510,30,unemployed,single,secondary,no,0,yes,no,cellular,no
1511,27,services,single,tertiary,no,1501,yes,no,cellular,no
1512,36,technician,single,secondary,no,818,yes,yes,cellular,no
1513,47,blue-collar,married,secondary,no,238,yes,yes,cellular,yes
1514,27,services,married,secondary,no,0,yes,no,cellular,yes
1515,36,self-employed,single,tertiary,no,353,no,no,cellular,yes
1516,27,admin.,single,secondary,no,18188,yes,no,unknown,yes
1517,40,admin.,single,unknown,no,355,yes,no,cellular,no
1518,60,blue-collar,married,unknown,no,104,yes,no,unknown,no
1519,47,blue-collar,married,primary,no,2,yes,yes,cellular,no
1520,60,retired,married,primary,no,1588,no,no,cellular,yes
1521,59,retired,divorced,tertiary,no,3444,no,no,cellular,yes
1522,66,retired,married,primary,no,2883,no,no,cellular,yes
1523,39,admin.,married,secondary,no,130,yes,yes,cellular,yes
1524,32,technician,single,tertiary,no,0,no,no,cellular,no
1525,32,technician,married,tertiary,no,0,yes,no,cellular,no
1526,41,entrepreneur,married,tertiary,no,306,yes,no,unknown,no
1527,34,management,single,tertiary,no,1228,no,no,cellular,yes
1528,42,admin.,single,unknown,no,22,no,no,unknown,no
1529,57,entrepreneur,divorced,tertiary,no,873,no,no,unknown,no
1530,41,admin.,single,secondary,no,882,yes,yes,unknown,no
1531,31,management,married,tertiary,no,596,no,no,cellular,no
1532,28,services,single,secondary,no,47,no,no,cellular,no
1533,34,unemployed,married,secondary,no,978,no,no,cellular,yes
1534,78,retired,divorced,primary,no,1389,no,no,cellular,yes
1535,40,services,divorced,secondary,no,687,yes,no,cellular,yes
1536,32,services,married,secondary,no,289,yes,no,cellular,no
1537,39,self-employed,married,tertiary,no,2630,no,no,unknown,yes
1538,42,unemployed,married,secondary,no,356,yes,no,cellular,yes
1539,46,technician,married,secondary,no,57,no,no,unknown,yes
1540,57,retired,single,tertiary,no,842,no,no,cellular,yes
1541,32,management,single,tertiary,no,154,no,yes,cellular,no
1542,45,admin.,married,unknown,no,2033,no,no,cellular,no
1543,41,admin.,married,secondary,no,1395,yes,yes,cellular,no
1544,36,technician,married,tertiary,no,202,no,no,cellular,no
1545,57,technician,married,tertiary,no,1181,no,no,cellular,yes
1546,25,technician,single,secondary,no,0,no,yes,cellular,yes
1547,30,services,single,tertiary,no,-477,no,yes,cellular,yes
1548,39,admin.,divorced,secondary,no,765,no,no,unknown,no
1549,60,retired,married,secondary,no,523,no,no,cellular,yes
1550,29,technician,single,secondary,no,1165,no,no,cellular,yes
1551,38,management,married,unknown,no,3576,no,no,cellular,yes
1552,57,entrepreneur,married,secondary,no,905,no,no,cellular,no
1553,53,management,married,tertiary,no,1624,no,no,cellular,yes
1554,38,technician,married,secondary,no,6728,no,no,cellular,yes
1555,36,management,single,tertiary,no,579,no,no,unknown,yes
1556,43,management,married,tertiary,no,1336,yes,yes,cellular,no
1557,31,unemployed,single,primary,no,163,no,no,cellular,yes
1558,21,services,single,secondary,no,361,no,no,telephone,no
1559,39,housemaid,married,primary,no,267,no,no,unknown,no
1560,31,management,married,tertiary,no,1514,no,no,cellular,no
1561,78,management,married,unknown,no,1780,yes,no,cellular,yes
1562,31,management,single,tertiary,no,0,yes,no,cellular,no
1563,60,admin.,married,secondary,no,3735,no,no,cellular,yes
1564,43,management,single,tertiary,no,1046,no,no,unknown,yes
1565,42,management,divorced,tertiary,no,742,yes,no,unknown,no
1566,48,management,single,tertiary,no,159,no,no,telephone,yes
1567,46,entrepreneur,married,tertiary,no,4726,yes,no,cellular,no
1568,39,management,married,tertiary,no,1363,no,no,cellular,no
1569,61,admin.,married,unknown,no,4629,yes,no,cellular,yes
1570,54,management,married,tertiary,no,1014,no,yes,cellular,yes
1571,51,blue-collar,married,secondary,no,4695,no,no,cellular,no
1572,54,management,married,tertiary,no,284,yes,yes,telephone,no
1573,26,student,single,secondary,no,2572,yes,no,cellular,no
1574,38,technician,divorced,tertiary,no,1805,no,no,unknown,yes
1575,46,admin.,married,secondary,no,186,yes,no,cellular,no
1576,28,management,single,tertiary,no,41,yes,no,cellular,yes
1577,34,blue-collar,married,secondary,no,113,yes,no,cellular,no
1578,35,blue-collar,married,secondary,no,1330,no,no,cellular,yes
1579,30,blue-collar,single,secondary,no,573,yes,no,unknown,no
1580,66,management,married,unknown,no,2149,yes,no,cellular,yes
1581,47,self-employed,married,tertiary,no,0,no,no,telephone,no
1582,35,blue-collar,married,primary,no,147,yes,no,cellular,no
1583,40,services,divorced,primary,no,1937,yes,no,unknown,no
1584,36,student,single,tertiary,no,129,no,no,cellular,yes
1585,51,management,married,tertiary,no,2635,no,no,cellular,yes
1586,36,housemaid,single,secondary,no,1015,yes,no,cellular,yes
1587,41,unemployed,married,secondary,no,0,yes,yes,cellular,yes
1588,83,retired,married,primary,no,425,no,no,telephone,yes
1589,27,student,single,secondary,no,111,no,no,cellular,yes
1590,49,services,married,secondary,no,66,yes,yes,cellular,no
1591,53,housemaid,married,unknown,no,0,no,no,cellular,no
1592,28,admin.,married,secondary,no,330,no,no,cellular,yes
1593,37,technician,married,secondary,no,1,yes,no,unknown,yes
1594,59,management,married,secondary,no,4412,no,no,cellular,yes
1595,36,management,married,tertiary,no,673,yes,no,cellular,yes
1596,40,management,married,tertiary,no,0,yes,no,cellular,no
1597,43,blue-collar,single,primary,no,548,yes,no,unknown,no
1598,33,management,married,tertiary,no,968,no,yes,cellular,no
1599,46,blue-collar,married,secondary,no,668,yes,no,unknown,yes
1600,56,technician,married,secondary,no,6619,yes,no,telephone,yes
1601,54,technician,married,secondary,no,0,no,no,telephone,yes
1602,33,blue-collar,married,secondary,no,215,no,no,cellular,no
1603,30,self-employed,single,secondary,no,5223,no,no,cellular,no
1604,36,services,single,secondary,no,365,no,no,cellular,yes
1605,59,unemployed,married,secondary,no,957,no,no,cellular,yes
1606,34,admin.,married,secondary,no,641,yes,yes,unknown,no
1607,72,retired,married,secondary,no,1533,no,no,cellular,yes
1608,40,unemployed,single,secondary,no,334,no,no,cellular,yes
1609,50,management,married,tertiary,no,-516,yes,no,unknown,no
1610,48,admin.,divorced,secondary,no,-407,yes,no,cellular,no
1611,27,blue-collar,single,secondary,no,535,no,no,cellular,yes
1612,49,admin.,married,secondary,no,0,no,no,cellular,yes
1613,37,blue-collar,married,secondary,no,362,yes,no,unknown,no
1614,27,management,single,tertiary,no,616,yes,no,cellular,yes
1615,28,technician,single,tertiary,no,4987,no,no,cellular,yes
1616,55,services,married,secondary,no,841,yes,no,cellular,no
1617,36,blue-collar,married,secondary,no,928,no,no,cellular,no
1618,58,retired,married,primary,no,565,no,no,telephone,yes
1619,32,self-employed,single,tertiary,no,386,yes,no,cellular,yes
1620,49,services,married,secondary,no,1314,no,no,cellular,yes
1621,46,self-employed,married,tertiary,no,137,yes,yes,unknown,no
1622,46,management,married,tertiary,no,4,no,no,cellular,yes
1623,33,admin.,single,tertiary,no,490,yes,no,cellular,no
1624,64,management,married,unknown,no,2352,no,no,cellular,yes
1625,33,admin.,married,secondary,no,920,no,no,cellular,yes
1626,38,services,married,secondary,no,934,yes,no,cellular,yes
1627,37,entrepreneur,married,tertiary,no,310,no,no,cellular,no
1628,44,technician,single,secondary,no,29,yes,no,unknown,no
1629,60,retired,divorced,primary,no,-79,yes,yes,cellular,no
1630,38,entrepreneur,married,primary,no,350,yes,no,cellular,no
1631,46,technician,married,secondary,no,966,yes,yes,cellular,no
1632,49,management,divorced,tertiary,no,-2049,yes,no,unknown,no
1633,42,admin.,divorced,secondary,no,2129,no,no,cellular,yes
1634,37,blue-collar,married,secondary,no,1590,no,no,unknown,no
1635,33,management,single,tertiary,no,4128,yes,no,unknown,no
1636,49,self-employed,married,tertiary,no,599,no,no,cellular,no
1637,40,technician,divorced,secondary,no,0,no,no,cellular,yes
1638,36,student,single,unknown,no,417,no,no,cellular,yes
1639,49,management,married,tertiary,no,1808,yes,no,cellular,yes
1640,66,technician,married,secondary,no,0,no,no,cellular,yes
1641,38,services,divorced,secondary,no,61,no,no,unknown,yes
1642,35,management,single,tertiary,no,18111,no,no,cellular,yes
1643,72,retired,married,unknown,no,1940,no,no,telephone,yes
1644,54,management,married,tertiary,no,1303,no,no,cellular,yes
1645,30,services,married,secondary,no,0,yes,no,cellular,yes
1646,33,admin.,single,secondary,no,315,yes,yes,cellular,yes
1647,47,services,married,secondary,no,0,yes,no,telephone,no
1648,39,management,single,tertiary,no,202,yes,no,cellular,no
1649,35,management,single,tertiary,no,805,no,no,cellular,no
1650,31,housemaid,single,primary,no,26965,no,no,cellular,yes
1651,32,management,married,tertiary,no,0,no,no,unknown,no
1652,60,retired,married,secondary,no,11,no,no,cellular,yes
1653,33,management,single,tertiary,no,20,no,no,cellular,no
1654,32,student,married,secondary,no,833,yes,no,telephone,no
1655,41,technician,single,secondary,no,32,yes,no,cellular,no
1656,31,admin.,divorced,secondary,no,217,yes,no,cellular,yes
1657,23,services,single,secondary,no,31,no,no,cellular,yes
1658,39,blue-collar,married,primary,no,867,yes,no,unknown,no
1659,37,management,married,tertiary,no,49,no,yes,cellular,no
1660,38,blue-collar,married,primary,no,2240,yes,no,cellular,no
1661,41,technician,married,unknown,no,30,yes,no,cellular,no
1662,51,blue-collar,married,tertiary,no,2404,yes,no,telephone,no
1663,37,blue-collar,single,secondary,no,197,yes,no,unknown,no
1664,56,housemaid,divorced,primary,yes,1238,no,no,unknown,yes
1665,33,blue-collar,single,primary,no,557,yes,no,cellular,no
1666,32,technician,single,secondary,no,28,yes,no,cellular,no
1667,52,blue-collar,divorced,primary,no,-191,yes,no,unknown,yes
1668,60,technician,married,tertiary,no,91,no,no,cellular,no
1669,31,blue-collar,married,secondary,no,136,no,no,cellular,yes
1670,30,blue-collar,married,secondary,no,246,yes,no,cellular,no
1671,52,admin.,single,unknown,no,872,yes,no,telephone,no
1672,39,blue-collar,single,secondary,no,649,yes,no,cellular,yes
1673,56,blue-collar,married,unknown,no,260,yes,no,telephone,no
1674,38,blue-collar,divorced,secondary,no,1817,yes,no,cellular,yes
1675,33,technician,married,secondary,no,806,no,no,cellular,yes
1676,54,blue-collar,divorced,primary,no,215,yes,no,unknown,no
1677,52,technician,married,unknown,no,425,yes,no,cellular,no
1678,33,management,married,tertiary,no,679,no,no,cellular,yes
1679,30,services,single,secondary,no,-158,yes,no,cellular,yes
1680,43,admin.,married,secondary,no,132,no,no,cellular,yes
1681,24,student,single,secondary,no,431,no,no,cellular,yes
1682,38,admin.,married,secondary,no,1839,no,no,unknown,no
1683,29,management,married,tertiary,no,-6,yes,no,unknown,no
1684,34,management,single,tertiary,no,575,no,no,cellular,yes
1685,38,self-employed,married,secondary,no,173,no,no,cellular,no
1686,36,self-employed,single,secondary,no,1295,no,no,cellular,yes
1687,47,blue-collar,married,primary,no,328,yes,no,cellular,no
1688,54,retired,married,primary,no,11,yes,yes,cellular,no
1689,39,management,married,tertiary,no,3518,yes,no,cellular,no
1690,30,unemployed,married,secondary,no,221,no,no,cellular,no
1691,52,blue-collar,married,secondary,no,580,no,no,cellular,yes
1692,44,services,single,secondary,no,0,yes,no,unknown,no
1693,26,blue-collar,married,primary,no,399,yes,no,cellular,no
1694,50,blue-collar,married,primary,no,12519,yes,no,cellular,yes
1695,46,blue-collar,married,secondary,no,2348,no,no,cellular,no
1696,54,technician,married,tertiary,no,6507,no,no,cellular,no
1697,37,technician,married,secondary,no,1458,no,no,cellular,yes
1698,32,services,married,secondary,no,983,yes,no,cellular,yes
1699,28,blue-collar,married,secondary,no,2788,yes,no,unknown,yes
1700,28,management,single,tertiary,no,9710,no,no,cellular,no
1701,71,retired,married,primary,no,4657,no,no,cellular,yes
1702,54,management,married,primary,no,366,yes,no,unknown,no
1703,30,management,married,tertiary,no,314,no,no,cellular,no
1704,49,services,married,secondary,no,388,no,no,telephone,yes
1705,49,entrepreneur,divorced,unknown,yes,-701,yes,no,cellular,yes
1706,44,blue-collar,married,secondary,no,0,yes,no,cellular,no
1707,46,technician,married,secondary,no,488,no,no,unknown,no
1708,37,management,single,secondary,no,655,no,yes,cellular,no
1709,25,technician,single,tertiary,no,800,yes,no,unknown,no
1710,34,admin.,married,tertiary,no,35,yes,no,cellular,no
1711,67,retired,married,primary,no,2391,no,no,cellular,yes
1712,43,management,married,tertiary,no,-391,yes,no,cellular,no
1713,59,admin.,single,secondary,no,-423,yes,yes,cellular,no
1714,35,blue-collar,married,secondary,no,503,yes,yes,unknown,no
1715,22,management,single,tertiary,no,760,no,no,telephone,no
1716,22,admin.,single,tertiary,no,897,yes,no,cellular,yes
1717,36,technician,single,secondary,no,98,no,no,cellular,yes
1718,23,student,single,unknown,no,2530,no,no,cellular,yes
1719,50,self-employed,married,secondary,no,5312,no,no,cellular,no
1720,41,technician,married,secondary,no,188,no,yes,telephone,no
1721,29,blue-collar,single,secondary,no,2,yes,yes,cellular,yes
1722,38,blue-collar,married,primary,no,4406,yes,no,telephone,yes
1723,43,management,married,tertiary,no,3186,no,no,cellular,yes
1724,53,admin.,divorced,secondary,no,0,yes,yes,cellular,yes
1725,27,technician,single,tertiary,no,372,yes,yes,cellular,yes
1726,26,self-employed,married,secondary,no,492,yes,yes,cellular,no
1727,32,blue-collar,married,secondary,no,328,yes,no,unknown,no
1728,36,blue-collar,married,secondary,no,249,yes,no,cellular,yes
1729,48,unknown,married,unknown,no,558,no,no,cellular,no
1730,46,admin.,divorced,secondary,no,2087,no,no,cellular,no
1731,44,management,married,tertiary,no,-600,yes,no,cellular,no
1732,42,management,married,secondary,no,372,yes,no,telephone,no
1733,18,student,single,unknown,no,3,no,no,cellular,yes
1734,51,management,married,secondary,no,441,yes,no,cellular,no
1735,41,self-employed,single,tertiary,no,3950,yes,no,unknown,no
1736,36,blue-collar,single,secondary,no,2235,yes,no,cellular,no
1737,71,retired,married,tertiary,no,653,no,no,telephone,yes
1738,32,technician,married,secondary,no,1119,no,no,cellular,no
1739,26,technician,married,secondary,no,-119,no,yes,cellular,yes
1740,36,blue-collar,married,secondary,no,2103,no,yes,unknown,no
1741,57,management,divorced,tertiary,no,6468,yes,no,cellular,yes
1742,39,technician,married,tertiary,no,94,yes,yes,unknown,yes
1743,34,technician,married,secondary,no,159,yes,no,cellular,yes
1744,39,technician,married,tertiary,no,108,no,no,cellular,no
1745,50,entrepreneur,married,secondary,no,78,no,no,telephone,no
1746,28,management,single,tertiary,no,223,yes,no,cellular,yes
1747,43,services,divorced,unknown,no,2363,yes,no,cellular,no
1748,44,housemaid,married,primary,no,3706,no,no,unknown,no
1749,59,retired,married,primary,no,3648,no,no,telephone,yes
1750,41,technician,married,tertiary,no,13,no,no,unknown,no
1751,37,blue-collar,married,secondary,no,3884,yes,no,cellular,no
1752,69,retired,divorced,tertiary,no,247,no,no,cellular,yes
1753,60,admin.,married,secondary,no,106,no,no,cellular,yes
1754,27,blue-collar,single,tertiary,no,567,no,no,cellular,yes
1755,49,blue-collar,divorced,secondary,no,23,no,no,cellular,no
1756,31,blue-collar,married,secondary,no,754,yes,no,unknown,yes
1757,51,admin.,married,secondary,no,50,no,no,cellular,no
1758,26,blue-collar,single,primary,no,-295,yes,no,cellular,no
1759,45,admin.,married,secondary,no,925,no,no,cellular,yes
1760,33,management,married,tertiary,no,2071,no,no,cellular,no
1761,36,blue-collar,married,secondary,no,723,yes,no,cellular,no
1762,55,housemaid,divorced,primary,no,77,no,no,cellular,yes
1763,39,housemaid,married,primary,no,13338,no,no,cellular,no
1764,45,technician,divorced,secondary,no,2657,no,no,cellular,yes
1765,42,management,divorced,secondary,no,283,yes,no,cellular,yes
1766,47,management,single,tertiary,no,86,no,no,cellular,yes
1767,43,management,married,tertiary,no,2640,no,no,cellular,yes
1768,40,management,married,secondary,no,406,yes,no,unknown,yes
1769,47,services,married,secondary,no,367,yes,no,cellular,yes
1770,40,blue-collar,divorced,primary,no,54,yes,no,cellular,no
1771,53,services,married,secondary,no,197,yes,no,cellular,no
1772,36,admin.,divorced,secondary,no,437,yes,no,cellular,yes
1773,59,retired,married,secondary,no,5678,yes,no,unknown,no
1774,31,student,single,secondary,no,3511,no,no,cellular,yes
1775,51,blue-collar,married,primary,no,0,no,no,unknown,no
1776,60,management,married,tertiary,no,73,no,no,telephone,yes
1777,53,management,married,secondary,no,51,yes,no,cellular,no
1778,33,blue-collar,married,primary,no,195,no,no,cellular,yes
1779,36,admin.,single,secondary,no,11174,yes,no,cellular,yes
1780,40,technician,married,secondary,no,2266,no,no,cellular,yes
1781,69,retired,married,secondary,no,0,no,no,cellular,yes
1782,44,blue-collar,single,secondary,no,-435,yes,no,unknown,no
1783,32,blue-collar,married,primary,no,1076,yes,no,unknown,no
1784,55,admin.,married,secondary,no,420,yes,no,unknown,no
1785,29,technician,married,secondary,no,0,no,no,unknown,no
1786,31,blue-collar,married,secondary,no,0,yes,no,unknown,no
1787,26,student,single,secondary,no,655,no,no,cellular,yes
1788,51,blue-collar,married,secondary,no,4787,yes,no,cellular,yes
1789,37,admin.,married,tertiary,no,29,no,no,cellular,yes
1790,73,retired,married,primary,no,1388,no,no,telephone,yes
1791,42,technician,married,tertiary,no,-215,no,no,unknown,yes
1792,42,entrepreneur,married,secondary,no,0,yes,no,cellular,yes
1793,46,management,divorced,tertiary,no,14481,yes,no,unknown,yes
1794,42,unemployed,married,unknown,no,190,no,no,cellular,yes
1795,61,retired,married,secondary,no,86,no,no,cellular,yes
1796,30,blue-collar,single,secondary,no,1165,yes,no,cellular,no
1797,56,management,divorced,tertiary,no,2037,no,no,cellular,no
1798,24,student,single,secondary,no,689,no,no,cellular,yes
1799,35,blue-collar,married,secondary,no,0,yes,yes,cellular,no
1800,33,management,single,tertiary,no,952,yes,no,cellular,yes
1801,49,admin.,divorced,secondary,no,168,yes,yes,unknown,yes
1802,42,services,married,secondary,no,1376,yes,no,cellular,yes
1803,50,admin.,married,secondary,no,-195,no,no,cellular,no
1804,53,housemaid,married,primary,no,0,no,no,unknown,no
1805,34,management,single,tertiary,no,747,no,no,cellular,no
1806,46,blue-collar,married,secondary,no,640,yes,no,cellular,yes
1807,58,admin.,married,secondary,no,169,no,no,cellular,yes
1808,29,blue-collar,single,secondary,no,348,yes,no,unknown,no
1809,38,blue-collar,married,secondary,no,622,yes,no,unknown,yes
1810,39,technician,single,unknown,no,45248,yes,no,unknown,yes
1811,57,retired,married,primary,no,333,no,no,unknown,no
1812,30,technician,married,secondary,no,0,yes,no,cellular,no
1813,28,blue-collar,single,secondary,no,1705,no,no,cellular,yes
1814,52,services,married,secondary,no,657,no,no,telephone,yes
1815,40,technician,married,secondary,no,990,yes,no,cellular,no
1816,45,blue-collar,married,secondary,no,154,yes,no,unknown,yes
1817,58,blue-collar,married,primary,no,96,no,no,unknown,no
1818,59,blue-collar,divorced,primary,no,1265,no,yes,cellular,yes
1819,54,housemaid,divorced,tertiary,no,9,no,yes,cellular,no
1820,31,services,single,secondary,no,181,no,no,cellular,yes
1821,57,management,divorced,tertiary,no,8897,yes,no,cellular,yes
1822,29,blue-collar,single,tertiary,no,455,no,no,cellular,yes
1823,28,student,married,tertiary,no,327,yes,no,cellular,no
1824,34,admin.,single,secondary,no,1352,yes,no,cellular,no
1825,55,management,married,secondary,no,0,yes,no,unknown,no
1826,33,management,single,tertiary,no,3143,no,no,cellular,yes
1827,27,student,single,secondary,no,538,no,no,cellular,yes
1828,30,admin.,divorced,secondary,no,419,no,no,cellular,no
1829,46,unemployed,married,secondary,no,-125,yes,no,unknown,no
1830,28,self-employed,single,tertiary,no,805,no,no,cellular,yes
1831,35,management,single,tertiary,no,643,yes,no,unknown,no
1832,30,technician,single,secondary,no,3144,no,no,cellular,yes
1833,39,management,divorced,tertiary,no,30,no,yes,cellular,no
1834,43,unknown,married,primary,no,2113,no,no,cellular,no
1835,68,retired,married,secondary,no,20723,yes,no,cellular,no
1836,31,technician,married,secondary,no,522,yes,yes,cellular,no
1837,30,blue-collar,single,secondary,no,155,yes,yes,cellular,yes
1838,31,admin.,single,secondary,no,50,no,no,cellular,no
1839,28,student,single,secondary,no,1925,no,no,cellular,no
1840,49,technician,married,tertiary,no,80,no,no,cellular,no
1841,39,admin.,single,secondary,no,2345,yes,no,cellular,yes
1842,51,entrepreneur,divorced,tertiary,no,2109,no,no,cellular,yes
1843,81,retired,married,primary,no,5220,no,no,telephone,yes
1844,55,unknown,married,secondary,no,2206,no,no,cellular,yes
1845,25,student,single,secondary,no,8,no,no,cellular,yes
1846,53,entrepreneur,married,secondary,no,288,no,no,unknown,no
1847,30,student,single,tertiary,no,228,yes,no,cellular,yes
1848,26,services,married,secondary,no,199,no,no,cellular,no
1849,33,blue-collar,single,secondary,no,1387,no,no,cellular,no
1850,27,management,single,tertiary,no,20585,no,no,cellular,yes
1851,35,student,single,secondary,no,188,yes,no,cellular,yes
1852,42,blue-collar,married,secondary,no,-755,yes,yes,unknown,no
1853,57,retired,divorced,primary,yes,0,no,yes,cellular,no
1854,35,management,single,tertiary,no,471,no,no,cellular,yes
1855,31,technician,single,secondary,no,846,no,no,cellular,yes
1856,41,management,single,tertiary,no,1253,no,no,cellular,yes
1857,53,technician,married,secondary,no,10185,no,no,cellular,yes
1858,37,management,married,tertiary,no,3737,no,no,cellular,yes
1859,33,admin.,single,secondary,no,1277,yes,no,cellular,yes
1860,25,admin.,single,tertiary,no,220,no,no,cellular,no
1861,46,technician,single,secondary,no,834,yes,no,cellular,no
1862,36,blue-collar,married,primary,no,-20,yes,no,unknown,no
1863,55,housemaid,married,secondary,no,962,yes,no,cellular,yes
1864,35,entrepreneur,married,secondary,no,1163,yes,no,unknown,no
1865,37,blue-collar,married,secondary,no,4321,no,no,cellular,yes
1866,38,blue-collar,single,secondary,no,2580,yes,no,cellular,yes
1867,55,unemployed,married,secondary,no,-246,no,yes,cellular,no
1868,31,technician,single,tertiary,no,882,no,no,cellular,yes
1869,31,unemployed,married,tertiary,no,330,no,no,cellular,yes
1870,26,admin.,married,secondary,no,2469,no,no,cellular,no
1871,28,management,single,tertiary,no,6551,no,no,cellular,yes
1872,49,entrepreneur,married,secondary,no,687,no,no,cellular,no
1873,42,entrepreneur,married,tertiary,no,5345,no,no,unknown,yes
1874,31,management,divorced,tertiary,no,1145,yes,no,unknown,yes
1875,49,admin.,married,tertiary,no,6574,no,no,cellular,yes
1876,36,technician,married,secondary,no,-179,yes,no,cellular,no
1877,34,admin.,married,secondary,no,247,no,no,cellular,yes
1878,26,blue-collar,single,secondary,no,-84,yes,yes,cellular,no
1879,34,self-employed,single,secondary,no,1261,yes,no,cellular,no
1880,30,management,married,tertiary,no,-328,yes,no,unknown,no
1881,25,services,single,secondary,no,111,no,yes,cellular,no
1882,52,retired,divorced,primary,no,353,no,no,cellular,no
1883,41,housemaid,divorced,primary,no,22,yes,no,cellular,no
1884,49,blue-collar,married,primary,no,408,no,no,cellular,yes
1885,32,blue-collar,single,secondary,no,217,yes,no,cellular,yes
1886,52,management,married,tertiary,no,291,no,no,cellular,no
1887,37,management,married,tertiary,no,57,no,no,cellular,no
1888,32,services,single,secondary,no,486,no,no,cellular,yes
1889,28,technician,single,secondary,no,113,no,no,cellular,yes
1890,32,technician,single,tertiary,no,514,yes,yes,cellular,no
1891,28,blue-collar,single,secondary,no,322,no,no,telephone,yes
1892,45,technician,married,secondary,no,999,yes,no,unknown,no
1893,36,management,single,tertiary,no,0,no,yes,cellular,no
1894,27,blue-collar,single,secondary,no,2486,yes,no,unknown,yes
1895,50,blue-collar,married,primary,no,565,yes,yes,cellular,no
1896,57,technician,divorced,secondary,no,3043,no,no,cellular,yes
1897,42,blue-collar,married,secondary,no,1468,yes,no,unknown,no
1898,38,self-employed,married,secondary,no,746,no,no,unknown,no
1899,67,retired,married,unknown,no,2540,no,no,telephone,yes
1900,47,services,married,secondary,no,2597,yes,no,unknown,no
1901,50,management,married,tertiary,no,414,yes,no,cellular,yes
1902,61,retired,married,secondary,no,1058,no,no,cellular,yes
1903,34,blue-collar,married,primary,no,5299,yes,no,unknown,no
1904,38,admin.,single,secondary,no,2600,yes,no,cellular,no
1905,30,services,single,secondary,no,438,yes,no,cellular,no
1906,29,management,single,tertiary,no,1026,no,no,cellular,yes
1907,50,management,divorced,tertiary,no,810,no,no,cellular,yes
1908,28,blue-collar,single,primary,no,-30,yes,no,cellular,no
1909,34,admin.,married,secondary,no,0,yes,no,cellular,no
1910,36,management,married,tertiary,no,396,no,no,cellular,no
1911,33,management,married,tertiary,no,32,no,no,cellular,no
1912,30,unemployed,single,tertiary,no,302,no,no,cellular,yes
1913,31,student,married,primary,no,46,yes,no,cellular,yes
1914,30,blue-collar,single,secondary,no,0,yes,no,cellular,no
1915,63,management,married,unknown,no,2352,no,no,telephone,yes
1916,59,admin.,married,secondary,no,2343,yes,no,unknown,yes
1917,81,retired,divorced,secondary,no,452,no,no,telephone,yes
1918,43,management,married,unknown,no,5172,yes,no,unknown,no
1919,26,technician,single,tertiary,no,-67,yes,no,cellular,yes
1920,33,admin.,single,secondary,no,607,no,no,cellular,yes
1921,30,management,single,tertiary,no,1675,no,no,cellular,no
1922,40,blue-collar,married,secondary,no,1009,yes,yes,unknown,yes
1923,35,technician,married,tertiary,no,108,yes,no,cellular,no
1924,50,retired,married,secondary,no,8648,no,no,cellular,yes
1925,41,management,divorced,tertiary,no,647,yes,no,unknown,no
1926,35,services,married,secondary,no,1279,yes,no,unknown,no
1927,36,admin.,married,tertiary,no,29,no,no,cellular,yes
1928,57,technician,married,secondary,no,295,no,no,cellular,no
1929,32,technician,single,tertiary,no,127,yes,no,cellular,no
1930,38,management,single,tertiary,no,3141,no,no,cellular,yes
1931,64,management,married,unknown,no,2352,no,no,cellular,yes
1932,27,admin.,married,tertiary,no,2855,no,no,cellular,yes
1933,38,management,married,tertiary,no,595,yes,no,cellular,no
1934,37,technician,married,secondary,no,3720,yes,no,cellular,no
1935,33,management,married,tertiary,no,1808,yes,no,unknown,no
1936,56,retired,married,secondary,no,0,no,no,cellular,no
1937,40,admin.,single,secondary,no,877,yes,no,cellular,no
1938,59,technician,married,secondary,no,259,no,no,cellular,yes
1939,30,admin.,married,secondary,no,46,yes,no,unknown,no
1940,31,technician,married,secondary,no,0,yes,yes,cellular,no
1941,52,management,married,tertiary,no,-970,yes,no,cellular,yes
1942,51,housemaid,married,primary,no,108,no,no,unknown,no
1943,24,admin.,married,secondary,no,541,yes,no,unknown,no
1944,37,admin.,married,secondary,no,0,yes,no,cellular,yes
1945,41,management,divorced,tertiary,no,236,no,no,cellular,no
1946,40,blue-collar,married,secondary,no,1023,yes,no,cellular,no
1947,38,blue-collar,married,secondary,no,67,no,no,cellular,no
1948,46,management,married,secondary,no,10,yes,no,cellular,no
1949,29,self-employed,single,tertiary,no,814,no,no,unknown,yes
1950,41,technician,married,secondary,no,965,no,no,cellular,yes
1951,62,retired,married,secondary,no,2801,yes,yes,cellular,yes
1952,57,technician,married,tertiary,no,6822,no,no,cellular,yes
1953,35,technician,married,tertiary,no,703,no,no,cellular,no
1954,43,unemployed,married,secondary,no,775,no,no,cellular,no
1955,35,blue-collar,single,secondary,no,3623,no,no,telephone,yes
1956,30,management,single,tertiary,no,3340,no,no,cellular,yes
1957,38,technician,married,secondary,no,2767,yes,no,cellular,no
1958,75,retired,married,primary,no,2970,no,no,cellular,yes
1959,38,services,married,secondary,no,507,yes,no,cellular,no
1960,76,management,married,unknown,no,1780,yes,no,telephone,yes
1961,86,retired,single,secondary,no,614,no,no,telephone,yes
1962,43,services,divorced,secondary,no,313,yes,no,cellular,no
1963,19,student,single,secondary,no,372,no,no,telephone,yes
1964,42,services,married,tertiary,no,12223,yes,no,cellular,no
1965,33,unemployed,married,secondary,no,1211,no,no,cellular,yes
1966,41,management,married,tertiary,no,3872,no,no,cellular,no
1967,59,admin.,single,secondary,no,2166,yes,yes,cellular,yes
1968,44,technician,married,secondary,no,7863,no,no,cellular,no
1969,62,housemaid,married,tertiary,no,1528,no,no,cellular,yes
1970,35,management,married,tertiary,no,867,yes,no,cellular,no
1971,43,management,married,secondary,no,107,yes,yes,telephone,yes
1972,48,services,divorced,secondary,no,-361,yes,no,cellular,yes
1973,48,entrepreneur,married,secondary,no,4037,no,no,unknown,no
1974,33,blue-collar,married,primary,no,0,no,no,cellular,no
1975,46,services,divorced,secondary,no,5,yes,yes,cellular,no
1976,36,services,married,secondary,no,0,no,no,cellular,yes
1977,38,admin.,single,unknown,no,446,yes,no,unknown,no
1978,50,management,married,tertiary,no,1612,no,no,cellular,yes
1979,49,blue-collar,married,primary,no,1032,yes,no,unknown,no
1980,57,technician,married,secondary,no,589,yes,no,cellular,no
1981,30,services,single,secondary,no,-114,yes,no,cellular,no
1982,43,management,married,tertiary,no,2383,no,no,cellular,yes
1983,53,management,married,tertiary,no,0,yes,no,cellular,no
1984,32,technician,single,tertiary,no,1246,yes,no,cellular,yes
1985,41,self-employed,married,secondary,no,323,yes,no,cellular,yes
1986,24,blue-collar,married,secondary,no,272,no,no,cellular,yes
1987,33,technician,married,secondary,no,73,yes,no,cellular,yes
1988,62,entrepreneur,married,secondary,no,3904,no,no,telephone,yes
1989,56,management,married,primary,no,870,no,no,cellular,yes
1990,48,blue-collar,married,primary,yes,-50,yes,no,cellular,no
1991,41,management,single,tertiary,no,11008,no,no,unknown,yes
1992,36,management,married,tertiary,no,255,no,no,cellular,yes
1993,50,entrepreneur,married,secondary,no,556,yes,no,unknown,no
1994,55,unemployed,married,primary,no,8585,no,no,telephone,no
1995,34,blue-collar,married,primary,no,6718,no,no,cellular,no
1996,40,management,married,tertiary,no,9366,no,no,cellular,yes
1997,45,admin.,divorced,secondary,no,-176,no,yes,cellular,yes
1998,36,admin.,single,secondary,no,449,yes,no,unknown,no
1999,40,unemployed,married,secondary,no,219,yes,no,unknown,no
2000,59,unemployed,married,secondary,no,957,no,no,cellular,yes
2001,24,blue-collar,single,secondary,no,167,no,yes,cellular,yes
2002,36,management,married,tertiary,no,3874,no,no,cellular,no
2003,31,self-employed,married,tertiary,no,5,yes,yes,cellular,yes
2004,36,admin.,single,secondary,no,810,yes,no,unknown,no
2005,33,management,married,tertiary,no,1148,no,no,cellular,no
2006,44,blue-collar,single,primary,no,10984,no,no,unknown,no
2007,47,admin.,divorced,secondary,no,2232,no,no,cellular,yes
2008,51,management,married,tertiary,no,385,no,no,cellular,no
2009,32,blue-collar,married,secondary,no,-208,yes,yes,unknown,no
2010,31,technician,married,tertiary,no,26,no,yes,cellular,yes
2011,31,admin.,single,secondary,no,387,yes,no,cellular,no
2012,46,management,married,tertiary,no,4693,no,yes,cellular,yes
2013,40,blue-collar,married,secondary,no,1451,no,no,cellular,yes
2014,51,management,married,tertiary,no,469,no,no,cellular,yes
2015,34,technician,divorced,secondary,no,27,yes,no,unknown,no
2016,30,management,single,tertiary,no,19358,no,no,cellular,no
2017,29,technician,single,secondary,no,6,no,no,cellular,yes
2018,34,admin.,single,secondary,no,1581,yes,yes,unknown,no
2019,36,management,married,tertiary,no,925,no,no,cellular,yes
2020,20,student,single,unknown,no,829,no,no,cellular,yes
2021,35,services,married,secondary,no,4170,yes,no,unknown,yes
2022,56,retired,divorced,secondary,no,389,yes,no,unknown,no
2023,38,unemployed,married,primary,no,7005,yes,no,cellular,yes
2024,35,technician,married,secondary,no,2779,no,no,cellular,yes
2025,33,blue-collar,married,secondary,no,-346,yes,yes,unknown,no
2026,43,technician,married,secondary,no,-1701,yes,no,unknown,no
2027,53,admin.,divorced,unknown,no,257,no,no,cellular,yes
2028,85,retired,married,primary,no,98,no,no,cellular,yes
2029,36,housemaid,married,primary,no,4324,yes,no,cellular,no
2030,36,technician,married,secondary,no,15485,no,no,cellular,yes
2031,52,technician,married,secondary,no,0,no,no,cellular,yes
2032,43,management,single,tertiary,no,1806,yes,no,cellular,no
2033,32,technician,divorced,tertiary,no,267,no,no,cellular,no
2034,66,retired,married,secondary,no,203,no,no,cellular,yes
2035,43,management,divorced,tertiary,no,580,yes,no,cellular,yes
2036,49,blue-collar,married,secondary,no,553,no,no,cellular,yes
2037,43,blue-collar,married,secondary,no,413,yes,no,cellular,yes
2038,27,technician,single,secondary,no,42,no,no,cellular,no
2039,56,admin.,divorced,secondary,no,1693,no,no,cellular,yes
2040,48,management,married,unknown,no,0,yes,no,cellular,no
2041,49,technician,single,unknown,no,443,no,no,unknown,no
2042,30,management,married,tertiary,no,1239,no,no,cellular,no
2043,38,technician,married,tertiary,no,1042,yes,no,cellular,no
2044,42,management,married,tertiary,no,3713,no,no,cellular,yes
2045,34,technician,single,secondary,no,161,no,yes,cellular,no
2046,30,technician,single,tertiary,no,0,no,no,cellular,no
2047,38,entrepreneur,married,secondary,no,65,no,no,cellular,no
2048,56,admin.,married,secondary,no,1554,yes,yes,cellular,no
2049,37,admin.,divorced,secondary,no,1573,yes,no,cellular,no
2050,60,admin.,divorced,secondary,no,12039,no,no,telephone,yes
2051,50,services,married,secondary,no,1134,no,no,unknown,no
2052,38,technician,single,secondary,no,1655,no,no,cellular,no
2053,51,blue-collar,married,primary,no,1869,no,no,unknown,no
2054,55,technician,divorced,tertiary,no,0,no,no,cellular,yes
2055,44,entrepreneur,single,unknown,no,323,no,no,cellular,yes
2056,33,management,divorced,tertiary,no,990,yes,no,cellular,yes
2057,24,blue-collar,single,secondary,no,476,yes,no,unknown,no
2058,45,management,married,tertiary,no,3643,no,no,cellular,no
2059,54,technician,married,secondary,no,827,no,yes,unknown,no
2060,41,unemployed,married,tertiary,no,0,no,no,cellular,yes
2061,35,admin.,married,secondary,no,-203,yes,no,cellular,yes
2062,39,entrepreneur,married,secondary,no,2139,yes,no,cellular,yes
2063,49,self-employed,divorced,secondary,no,6116,yes,no,cellular,no
2064,56,retired,married,tertiary,no,5769,no,no,unknown,no
2065,34,management,married,tertiary,no,402,no,no,cellular,no
2066,35,management,single,tertiary,no,538,no,no,cellular,yes
2067,39,technician,married,secondary,no,8,no,yes,cellular,no
2068,61,retired,married,tertiary,no,1257,no,no,cellular,yes
2069,36,blue-collar,married,secondary,no,0,no,no,cellular,no
2070,33,admin.,married,tertiary,no,69,no,yes,cellular,no
2071,49,technician,married,secondary,no,5244,no,no,cellular,no
2072,35,blue-collar,married,primary,no,414,no,no,unknown,yes
2073,26,blue-collar,single,secondary,no,2669,yes,no,cellular,no
2074,30,management,single,tertiary,no,349,no,no,cellular,no
2075,30,blue-collar,married,secondary,no,282,yes,yes,unknown,no
2076,45,admin.,single,secondary,no,375,no,yes,unknown,no
2077,36,management,married,tertiary,no,806,yes,no,cellular,no
2078,23,student,single,secondary,no,431,no,no,cellular,yes
2079,42,services,single,unknown,no,410,no,no,cellular,no
2080,50,admin.,divorced,secondary,no,0,yes,no,unknown,no
2081,23,services,married,secondary,no,1309,yes,no,unknown,no
2082,35,entrepreneur,single,tertiary,no,1800,yes,no,unknown,no
2083,30,management,married,tertiary,no,8089,yes,no,cellular,yes
2084,40,technician,single,secondary,no,822,yes,yes,cellular,no
2085,26,services,single,secondary,no,-189,no,yes,cellular,yes
2086,34,management,married,tertiary,no,158,no,no,cellular,yes
2087,31,services,married,unknown,no,-82,yes,no,cellular,no
2088,23,student,single,secondary,no,107,no,no,cellular,yes
2089,59,housemaid,divorced,primary,no,2518,no,no,cellular,yes
2090,42,blue-collar,married,secondary,no,351,yes,no,unknown,no
2091,40,admin.,married,secondary,no,-253,yes,no,cellular,no
2092,43,management,divorced,tertiary,no,-410,no,yes,cellular,no
2093,33,admin.,married,tertiary,no,79,yes,no,cellular,yes
2094,32,technician,single,secondary,no,-1,yes,no,cellular,no
2095,37,management,married,tertiary,no,1594,yes,no,cellular,no
2096,45,admin.,married,secondary,no,25,yes,no,unknown,no
2097,36,technician,divorced,tertiary,no,119,no,no,cellular,no
2098,32,management,married,tertiary,no,2667,yes,no,cellular,yes
2099,45,unemployed,divorced,secondary,no,3354,yes,no,unknown,yes
2100,36,blue-collar,married,primary,no,319,yes,no,cellular,yes
2101,32,blue-collar,married,primary,no,-94,yes,yes,cellular,no
2102,34,management,single,tertiary,no,2159,no,no,unknown,yes
2103,45,technician,married,secondary,no,-312,yes,no,cellular,no
2104,30,housemaid,single,tertiary,no,19,no,no,cellular,yes
2105,26,management,single,tertiary,no,47,yes,no,cellular,no
2106,52,management,married,tertiary,no,576,no,no,cellular,yes
2107,56,retired,divorced,primary,no,48,yes,no,cellular,no
2108,24,management,single,tertiary,no,507,no,no,cellular,yes
2109,35,technician,single,secondary,no,354,no,no,cellular,yes
2110,25,technician,single,tertiary,no,640,yes,no,unknown,no
2111,36,management,married,tertiary,no,3839,no,no,cellular,no
2112,43,blue-collar,single,primary,no,-399,no,yes,cellular,yes
2113,76,retired,married,primary,no,3324,no,no,cellular,yes
2114,58,retired,divorced,secondary,no,0,no,no,unknown,no
2115,77,retired,married,secondary,no,638,no,no,cellular,yes
2116,36,admin.,divorced,tertiary,no,4708,no,no,cellular,no
2117,31,management,married,tertiary,no,3,yes,yes,cellular,yes
2118,33,technician,divorced,secondary,no,801,no,no,cellular,yes
2119,60,management,married,secondary,no,544,no,no,cellular,yes
2120,60,retired,divorced,tertiary,no,2,no,no,cellular,yes
2121,39,housemaid,married,tertiary,no,2990,no,no,telephone,no
2122,47,management,single,tertiary,no,334,yes,no,cellular,yes
2123,34,admin.,single,secondary,no,66,yes,no,unknown,no
2124,31,technician,married,tertiary,no,15,no,no,unknown,no
2125,20,blue-collar,single,secondary,no,76,yes,no,cellular,yes
2126,46,housemaid,married,primary,no,296,yes,no,unknown,no
2127,35,technician,married,secondary,no,1067,no,yes,cellular,no
2128,34,admin.,single,secondary,no,557,no,no,cellular,yes
2129,21,student,single,secondary,no,123,no,no,telephone,yes
2130,44,blue-collar,married,primary,no,4031,yes,no,cellular,yes
2131,31,admin.,single,secondary,no,-302,yes,yes,unknown,no
2132,41,entrepreneur,married,primary,no,0,no,no,unknown,no
2133,35,management,married,secondary,no,53,yes,no,cellular,no
2134,50,technician,married,secondary,no,3654,no,no,cellular,yes
2135,61,retired,married,secondary,no,569,no,no,cellular,yes
2136,48,entrepreneur,single,secondary,no,315,no,no,unknown,yes
2137,45,blue-collar,married,primary,no,-66,yes,no,unknown,no
2138,49,entrepreneur,divorced,secondary,no,2908,no,no,unknown,no
2139,37,admin.,single,tertiary,no,1000,yes,no,cellular,yes
2140,31,admin.,married,secondary,no,2,yes,yes,cellular,yes
2141,43,blue-collar,married,primary,no,-192,yes,no,unknown,yes
2142,39,services,married,secondary,no,-971,yes,yes,unknown,no
2143,41,management,married,tertiary,no,1897,yes,no,unknown,no
2144,33,admin.,married,tertiary,no,205,no,no,unknown,no
2145,60,admin.,married,secondary,no,-396,yes,no,cellular,no
2146,55,retired,married,primary,no,3334,no,no,cellular,yes
2147,41,blue-collar,married,secondary,no,140,yes,no,cellular,no
2148,30,services,married,secondary,no,1256,yes,no,cellular,no
2149,50,entrepreneur,married,secondary,no,2731,no,no,cellular,no
2150,34,blue-collar,married,primary,no,267,yes,no,unknown,no
2151,33,unemployed,married,secondary,no,438,yes,yes,unknown,no
2152,67,retired,married,secondary,no,203,no,no,cellular,yes
2153,26,blue-collar,single,secondary,no,1006,yes,no,cellular,yes
2154,54,unknown,married,unknown,no,390,no,no,cellular,no
2155,28,blue-collar,single,secondary,no,1348,yes,no,cellular,yes
2156,38,management,divorced,tertiary,no,441,yes,no,cellular,no
2157,29,management,married,tertiary,no,205,no,no,cellular,yes
2158,54,management,divorced,tertiary,no,129,yes,no,unknown,no
2159,63,retired,married,secondary,no,474,no,no,cellular,yes
2160,26,blue-collar,single,secondary,no,972,yes,no,unknown,no
2161,31,technician,married,tertiary,no,11,no,no,cellular,no
2162,33,management,married,tertiary,no,5,yes,no,unknown,no
2163,32,technician,married,secondary,no,235,yes,no,telephone,no
2164,26,blue-collar,single,secondary,no,191,yes,no,cellular,yes
2165,21,blue-collar,married,primary,no,-172,yes,yes,cellular,yes
2166,36,management,married,tertiary,no,871,no,no,cellular,no
2167,37,technician,married,secondary,no,2707,yes,no,telephone,no
2168,35,management,married,tertiary,no,62,no,no,cellular,yes
2169,41,admin.,single,secondary,no,224,yes,no,cellular,no
2170,43,blue-collar,married,secondary,no,917,yes,no,cellular,no
2171,31,admin.,single,secondary,no,0,no,no,cellular,yes
2172,31,technician,married,tertiary,no,3338,yes,no,cellular,yes
2173,38,blue-collar,single,tertiary,no,2885,yes,no,unknown,yes
2174,39,blue-collar,single,primary,no,24277,no,no,cellular,yes
2175,55,unemployed,divorced,secondary,no,309,no,no,cellular,yes
2176,25,self-employed,single,tertiary,no,42,yes,no,cellular,yes
2177,43,admin.,married,secondary,no,877,yes,no,cellular,no
2178,29,admin.,married,secondary,no,500,yes,no,cellular,no
2179,54,technician,married,tertiary,no,876,no,no,cellular,yes
2180,55,unemployed,married,tertiary,no,5345,no,no,unknown,no
2181,58,admin.,married,secondary,no,169,no,no,cellular,yes
2182,25,blue-collar,married,secondary,no,1782,yes,no,unknown,no
2183,29,management,single,tertiary,no,265,no,no,cellular,yes
2184,32,management,married,tertiary,no,2458,yes,no,cellular,no
2185,39,services,married,secondary,no,636,yes,no,telephone,no
2186,56,retired,married,tertiary,no,281,no,no,cellular,yes
2187,48,housemaid,married,tertiary,no,5473,no,no,cellular,yes
2188,30,technician,married,secondary,no,418,yes,no,unknown,no
2189,33,housemaid,married,primary,no,0,no,no,cellular,no
2190,36,technician,single,secondary,no,35,no,no,cellular,no
2191,28,management,single,secondary,no,171,no,no,cellular,yes
2192,35,technician,married,secondary,no,13658,yes,no,telephone,no
2193,53,management,married,tertiary,no,0,no,no,cellular,yes
2194,54,management,divorced,tertiary,no,2171,yes,yes,telephone,yes
2195,45,blue-collar,divorced,primary,no,844,no,no,unknown,yes
2196,43,services,married,secondary,no,2145,no,no,cellular,yes
2197,44,management,married,tertiary,no,1138,no,no,cellular,yes
2198,55,admin.,divorced,secondary,no,1872,no,no,cellular,yes
2199,53,management,married,secondary,no,2895,yes,no,unknown,no
2200,38,technician,married,secondary,no,0,yes,yes,cellular,no
2201,49,blue-collar,married,primary,no,6215,yes,no,cellular,no
2202,34,admin.,single,secondary,no,601,no,no,cellular,no
2203,46,blue-collar,married,primary,no,7934,yes,no,unknown,no
2204,27,technician,single,secondary,no,643,no,no,cellular,yes
2205,37,blue-collar,married,primary,no,106,yes,no,cellular,yes
2206,29,services,married,tertiary,no,6,yes,no,unknown,no
2207,39,services,married,secondary,no,0,yes,no,cellular,no
2208,48,blue-collar,married,secondary,no,48,yes,yes,unknown,no
2209,35,management,married,tertiary,no,1380,no,no,cellular,yes
2210,31,unemployed,single,tertiary,no,140,yes,no,telephone,no
2211,33,blue-collar,divorced,unknown,yes,-274,yes,yes,cellular,yes
2212,39,technician,married,secondary,no,2983,no,no,cellular,yes
2213,39,technician,divorced,secondary,no,1270,yes,no,unknown,no
2214,51,services,divorced,secondary,no,242,no,yes,cellular,yes
2215,32,management,married,tertiary,no,578,no,yes,cellular,no
2216,48,blue-collar,married,secondary,no,1596,yes,no,unknown,yes
2217,32,technician,single,tertiary,no,6746,no,no,cellular,yes
2218,32,blue-collar,married,secondary,no,1905,yes,no,cellular,yes
2219,31,technician,single,tertiary,no,985,yes,no,cellular,yes
2220,34,entrepreneur,single,tertiary,no,714,yes,no,unknown,no
2221,40,services,married,secondary,no,0,yes,no,cellular,no
2222,40,blue-collar,married,primary,yes,-509,yes,no,unknown,no
2223,27,management,single,tertiary,no,1720,no,no,cellular,yes
2224,38,management,single,tertiary,no,427,yes,no,cellular,no
2225,31,technician,single,tertiary,no,208,no,no,cellular,yes
2226,36,unemployed,divorced,secondary,no,871,no,no,cellular,yes
2227,49,technician,divorced,unknown,no,387,no,no,cellular,yes
2228,42,management,married,unknown,no,1519,no,no,cellular,yes
2229,46,unemployed,married,secondary,no,926,no,no,cellular,yes
2230,49,technician,married,primary,no,230,yes,no,unknown,no
2231,53,technician,married,tertiary,no,431,yes,no,cellular,no
2232,48,unemployed,married,secondary,no,926,no,no,cellular,yes
2233,34,admin.,married,tertiary,no,1636,yes,yes,cellular,no
2234,28,student,single,tertiary,no,5741,no,no,cellular,yes
2235,34,management,married,secondary,no,355,no,no,cellular,no
2236,48,unemployed,divorced,secondary,no,201,no,no,cellular,yes
2237,53,entrepreneur,married,tertiary,no,1961,no,no,cellular,yes
2238,53,management,married,tertiary,no,1624,no,no,cellular,yes
2239,39,management,married,tertiary,no,51,no,no,cellular,no
2240,32,technician,married,secondary,no,465,yes,no,cellular,no
2241,48,admin.,married,secondary,no,368,no,no,cellular,yes
2242,31,unemployed,single,unknown,no,167,no,no,cellular,no
2243,55,housemaid,married,primary,no,4,no,no,cellular,no
2244,33,admin.,married,secondary,no,-370,yes,no,cellular,yes
2245,42,admin.,divorced,secondary,no,153,yes,no,unknown,yes
2246,30,services,divorced,secondary,no,341,yes,no,cellular,yes
2247,58,management,married,tertiary,no,1697,no,no,unknown,no
2248,30,admin.,divorced,secondary,no,377,yes,no,unknown,yes
2249,46,admin.,divorced,secondary,no,2196,no,no,cellular,yes
2250,35,services,married,secondary,no,437,yes,no,unknown,no
2251,49,blue-collar,married,secondary,no,388,no,no,telephone,no
2252,42,technician,divorced,secondary,no,214,no,no,cellular,yes
2253,27,technician,single,tertiary,no,667,no,no,cellular,yes
2254,60,management,married,tertiary,no,315,no,no,cellular,yes
2255,37,management,married,tertiary,no,5106,no,no,cellular,yes
2256,46,housemaid,divorced,primary,no,2084,yes,no,cellular,yes
2257,30,self-employed,single,secondary,no,192,no,no,cellular,no
2258,44,services,married,primary,no,2557,yes,no,cellular,yes
2259,39,blue-collar,married,secondary,no,785,yes,no,cellular,yes
2260,46,admin.,divorced,primary,no,429,yes,no,cellular,yes
2261,35,entrepreneur,single,tertiary,no,145,yes,no,cellular,yes
2262,49,services,divorced,secondary,no,947,no,no,unknown,yes
2263,56,management,married,tertiary,no,1390,yes,no,cellular,yes
2264,37,blue-collar,single,unknown,no,2188,no,no,unknown,no
2265,47,admin.,married,secondary,no,0,no,no,cellular,yes
2266,38,technician,single,secondary,no,565,yes,no,cellular,yes
2267,29,blue-collar,married,secondary,no,2870,yes,no,cellular,yes
2268,68,retired,divorced,primary,no,2027,no,no,cellular,yes
2269,41,management,married,tertiary,no,4063,yes,no,cellular,no
2270,56,technician,married,secondary,no,0,yes,yes,cellular,no
2271,54,technician,married,secondary,no,10185,no,no,cellular,yes
2272,27,student,married,secondary,no,119,yes,no,cellular,yes
2273,33,management,single,tertiary,no,1962,no,no,cellular,yes
2274,43,unknown,married,unknown,no,1517,no,no,unknown,no
2275,51,entrepreneur,married,primary,no,805,yes,no,cellular,no
2276,44,services,single,secondary,no,618,no,no,cellular,yes
2277,55,management,single,tertiary,no,0,no,no,cellular,no
2278,37,management,married,tertiary,no,1276,no,no,cellular,yes
2279,59,management,divorced,tertiary,no,59,yes,no,unknown,no
2280,51,management,married,tertiary,yes,0,no,yes,cellular,no
2281,58,self-employed,married,tertiary,no,5810,no,no,cellular,yes
2282,28,self-employed,single,tertiary,no,1579,no,no,cellular,yes
2283,68,retired,married,secondary,no,0,no,no,cellular,yes
2284,40,services,single,secondary,no,65,yes,no,cellular,no
2285,33,services,married,primary,no,0,yes,no,cellular,no
2286,26,admin.,single,secondary,no,-326,yes,no,unknown,no
2287,40,management,married,primary,no,395,yes,no,cellular,yes
2288,40,technician,married,secondary,no,-357,yes,no,cellular,yes
2289,29,services,married,primary,no,-102,no,no,unknown,no
2290,54,unemployed,single,tertiary,no,252,yes,no,cellular,no
2291,25,management,single,tertiary,no,943,no,no,cellular,yes
2292,20,student,single,secondary,no,1819,no,no,cellular,yes
2293,35,blue-collar,single,primary,no,-759,yes,no,cellular,no
2294,30,blue-collar,single,secondary,no,7773,yes,no,cellular,yes
2295,50,blue-collar,married,primary,no,4108,yes,no,cellular,yes
2296,60,retired,married,secondary,no,938,no,no,cellular,yes
2297,42,management,married,tertiary,no,-556,yes,yes,cellular,yes
2298,39,services,married,secondary,no,1179,no,no,cellular,yes
2299,33,technician,single,tertiary,no,8097,no,yes,cellular,no
2300,30,management,married,tertiary,no,1996,no,no,cellular,yes
2301,28,admin.,single,secondary,no,707,yes,no,cellular,yes
2302,45,blue-collar,married,primary,no,1558,yes,no,cellular,no
2303,38,blue-collar,married,primary,no,1401,no,no,cellular,yes
2304,41,management,married,tertiary,no,0,yes,no,unknown,no
2305,55,technician,married,unknown,no,574,yes,no,cellular,no
2306,58,blue-collar,married,secondary,no,1457,yes,no,cellular,no
2307,56,technician,married,secondary,no,2847,no,no,cellular,yes
2308,28,technician,single,secondary,no,3,no,no,telephone,no
2309,29,admin.,single,secondary,no,488,yes,no,cellular,no
2310,36,management,married,tertiary,no,254,no,no,cellular,yes
2311,26,student,single,secondary,no,864,yes,no,cellular,yes
2312,39,technician,married,secondary,no,10685,yes,no,cellular,yes
2313,78,retired,married,primary,no,240,no,no,cellular,yes
2314,40,technician,married,tertiary,no,1063,yes,yes,cellular,no
2315,54,management,divorced,tertiary,no,5475,no,no,cellular,yes
2316,28,services,single,secondary,no,3331,yes,no,unknown,no
2317,24,blue-collar,single,secondary,no,174,yes,yes,cellular,yes
2318,37,technician,single,tertiary,no,147,no,no,unknown,no
2319,29,student,single,unknown,no,2929,no,no,cellular,no
2320,34,management,married,tertiary,no,101,yes,no,cellular,no
2321,29,services,married,secondary,no,3748,no,no,cellular,no
2322,51,management,married,tertiary,no,-15,no,no,cellular,no
2323,42,unemployed,divorced,secondary,no,759,no,no,cellular,no
2324,23,student,single,tertiary,no,691,no,no,cellular,yes
2325,55,blue-collar,married,primary,no,3297,yes,yes,telephone,no
2326,38,entrepreneur,married,tertiary,no,1438,no,no,cellular,no
2327,34,technician,single,tertiary,no,2838,yes,no,cellular,yes
2328,33,admin.,married,tertiary,no,99,yes,yes,cellular,no
2329,48,blue-collar,married,secondary,no,1000,yes,no,unknown,yes
2330,48,blue-collar,married,primary,no,5154,yes,no,unknown,no
2331,39,technician,single,secondary,no,556,yes,no,unknown,no
2332,57,entrepreneur,married,secondary,yes,-525,no,yes,cellular,no
2333,51,management,married,unknown,no,1708,no,no,telephone,no
2334,26,admin.,single,secondary,no,255,no,no,cellular,yes
2335,55,retired,divorced,secondary,no,2204,no,no,cellular,yes
2336,60,retired,married,secondary,no,404,no,no,cellular,yes
2337,41,management,married,tertiary,no,1092,no,no,cellular,yes
2338,38,technician,single,secondary,no,211,yes,no,cellular,no
2339,50,blue-collar,single,primary,no,1743,yes,no,unknown,no
2340,28,blue-collar,married,secondary,no,0,yes,no,cellular,no
2341,40,technician,married,secondary,no,0,yes,yes,cellular,no
2342,52,blue-collar,married,secondary,no,-519,yes,no,unknown,yes
2343,27,services,married,secondary,no,1303,yes,yes,unknown,no
2344,43,services,married,secondary,no,122,yes,no,cellular,no
2345,36,technician,divorced,secondary,no,2823,yes,no,cellular,yes
2346,40,management,single,secondary,no,10378,yes,no,cellular,no
2347,27,student,single,tertiary,no,311,no,no,telephone,yes
2348,34,management,married,tertiary,no,123,no,no,cellular,yes
2349,36,admin.,single,tertiary,no,994,no,no,cellular,yes
2350,52,management,married,tertiary,no,-2712,yes,yes,cellular,no
2351,37,management,single,tertiary,no,1449,no,no,unknown,no
2352,47,technician,married,secondary,no,1233,yes,no,unknown,yes
2353,53,technician,divorced,tertiary,no,2228,no,no,cellular,yes
2354,35,admin.,married,secondary,no,-257,no,no,cellular,no
2355,56,admin.,married,secondary,no,1694,no,no,cellular,yes
2356,72,retired,married,primary,no,3856,no,no,cellular,yes
2357,55,admin.,married,secondary,no,1633,no,no,cellular,yes
2358,35,housemaid,married,tertiary,no,1265,yes,no,cellular,yes
2359,37,services,married,secondary,no,4017,no,no,cellular,yes
2360,32,management,single,tertiary,no,6542,yes,no,cellular,yes
2361,49,management,single,tertiary,no,370,no,no,cellular,no
2362,35,technician,single,tertiary,no,2658,yes,no,cellular,yes
2363,32,technician,single,secondary,no,324,no,yes,cellular,yes
2364,32,blue-collar,married,unknown,no,1267,yes,no,cellular,no
2365,43,blue-collar,married,primary,no,-120,yes,no,unknown,no
2366,28,admin.,married,secondary,no,157,yes,yes,cellular,no
2367,28,admin.,single,secondary,no,25,yes,no,unknown,no
2368,27,services,single,secondary,no,54,yes,no,unknown,yes
2369,42,blue-collar,married,secondary,no,681,yes,no,cellular,no
2370,51,blue-collar,married,secondary,no,568,yes,no,unknown,no
2371,41,services,married,secondary,no,803,yes,no,cellular,yes
2372,34,technician,married,secondary,no,47,no,no,cellular,no
2373,33,management,married,tertiary,no,334,no,no,cellular,no
2374,32,admin.,married,secondary,no,56,yes,no,cellular,no
2375,28,management,married,tertiary,no,22,yes,no,cellular,no
2376,62,management,divorced,tertiary,no,5943,no,no,telephone,yes
2377,37,services,married,secondary,no,775,no,no,cellular,yes
2378,49,unemployed,married,secondary,no,769,yes,no,unknown,no
2379,35,entrepreneur,single,tertiary,no,1416,yes,no,cellular,no
2380,35,services,married,secondary,no,341,yes,no,cellular,yes
2381,44,admin.,single,secondary,no,985,yes,yes,cellular,no
2382,30,technician,single,secondary,no,148,yes,yes,cellular,no
2383,36,technician,married,tertiary,no,202,no,no,cellular,yes
2384,37,management,divorced,secondary,no,1655,yes,no,cellular,no
2385,30,management,single,tertiary,no,168,no,no,cellular,no
2386,48,unemployed,married,secondary,no,817,no,no,cellular,yes
2387,28,admin.,single,secondary,no,144,no,yes,cellular,no
2388,38,admin.,married,secondary,no,11303,no,no,cellular,yes
2389,32,entrepreneur,married,secondary,no,-242,yes,no,cellular,yes
2390,73,retired,married,primary,no,796,no,no,cellular,yes
2391,35,services,married,tertiary,no,0,yes,no,unknown,no
2392,35,blue-collar,married,secondary,no,563,no,yes,cellular,yes
2393,31,entrepreneur,married,secondary,no,10,yes,yes,cellular,no
2394,39,technician,married,primary,no,1846,no,no,cellular,no
2395,31,management,married,tertiary,no,877,no,no,cellular,yes
2396,36,management,married,tertiary,no,3770,yes,no,cellular,no
2397,40,services,married,secondary,no,473,yes,no,cellular,yes
2398,29,admin.,single,secondary,no,613,yes,no,unknown,no
2399,30,blue-collar,divorced,primary,no,1,yes,no,unknown,no
2400,36,services,married,secondary,no,30,no,yes,cellular,yes
2401,34,blue-collar,married,secondary,no,-58,yes,yes,unknown,no
2402,40,unemployed,single,tertiary,no,79,no,no,cellular,yes
2403,25,management,single,tertiary,no,316,no,no,cellular,yes
2404,51,blue-collar,married,secondary,no,500,no,no,cellular,no
2405,50,management,married,tertiary,no,0,no,no,cellular,no
2406,63,technician,married,secondary,no,896,yes,no,cellular,yes
2407,60,retired,married,secondary,no,5267,no,no,cellular,yes
2408,43,blue-collar,divorced,primary,no,515,yes,no,cellular,no
2409,55,management,married,tertiary,no,42,yes,no,telephone,no
2410,73,retired,married,tertiary,no,2575,no,no,cellular,no
2411,34,blue-collar,married,primary,no,3986,yes,no,cellular,no
2412,40,unemployed,single,tertiary,no,7968,no,no,cellular,yes
2413,47,management,married,primary,yes,145,no,yes,unknown,no
2414,39,management,married,primary,no,1873,no,no,unknown,no
2415,28,student,single,tertiary,no,3054,no,no,cellular,yes
2416,29,blue-collar,married,secondary,no,162,yes,no,cellular,no
2417,40,blue-collar,married,primary,no,665,yes,no,cellular,yes
2418,34,management,married,tertiary,no,0,yes,no,cellular,yes
2419,56,management,divorced,tertiary,no,3287,no,no,cellular,yes
2420,41,entrepreneur,married,tertiary,no,221,yes,no,unknown,no
2421,53,entrepreneur,married,primary,no,27,yes,no,telephone,yes
2422,35,management,married,tertiary,no,-196,yes,no,cellular,no
2423,57,blue-collar,married,primary,no,8403,no,no,unknown,no
2424,32,services,married,secondary,no,24,yes,yes,cellular,no
2425,28,management,married,tertiary,no,12,yes,no,cellular,yes
2426,30,student,single,secondary,no,1681,no,no,cellular,yes
2427,47,management,single,tertiary,no,255,no,yes,cellular,yes
2428,50,blue-collar,divorced,secondary,no,881,yes,yes,cellular,no
2429,56,blue-collar,single,secondary,no,1187,yes,no,cellular,no
2430,50,management,single,secondary,no,4527,yes,no,cellular,no
2431,37,entrepreneur,divorced,secondary,no,175,yes,yes,unknown,yes
2432,32,admin.,married,secondary,no,51,yes,yes,cellular,yes
2433,55,retired,divorced,tertiary,no,0,no,no,cellular,yes
2434,62,retired,married,secondary,no,569,no,no,cellular,yes
2435,38,technician,married,secondary,no,0,yes,no,cellular,yes
2436,35,technician,married,tertiary,no,7050,no,no,cellular,yes
2437,19,student,single,primary,no,134,no,no,cellular,yes
2438,23,technician,single,secondary,no,356,yes,no,cellular,no
2439,49,services,single,secondary,no,1884,yes,no,cellular,no
2440,55,blue-collar,divorced,secondary,no,1613,yes,no,cellular,yes
2441,30,management,single,tertiary,no,1541,no,no,cellular,yes
2442,21,student,single,secondary,no,357,no,no,cellular,no
2443,48,blue-collar,married,secondary,no,480,yes,no,cellular,yes
2444,44,blue-collar,single,primary,no,36,yes,no,cellular,yes
2445,68,retired,married,primary,no,451,no,no,cellular,yes
2446,54,housemaid,married,primary,no,212,no,no,cellular,no
2447,29,blue-collar,married,secondary,no,5903,yes,no,unknown,no
2448,52,self-employed,married,tertiary,no,6657,no,no,telephone,yes
2449,30,management,single,tertiary,no,232,no,no,cellular,yes
2450,73,retired,married,unknown,no,519,no,no,telephone,yes
2451,52,services,married,secondary,no,431,no,no,cellular,no
2452,51,technician,married,tertiary,no,0,no,no,cellular,yes
2453,66,housemaid,married,primary,no,1230,no,no,cellular,yes
2454,40,housemaid,single,tertiary,no,7441,no,no,cellular,yes
2455,89,retired,married,tertiary,no,553,no,no,telephone,no
2456,41,blue-collar,married,secondary,no,1236,yes,no,cellular,yes
2457,76,retired,divorced,primary,no,802,no,no,cellular,yes
2458,39,management,married,tertiary,no,481,no,no,cellular,yes
2459,58,unknown,married,tertiary,no,4150,no,no,unknown,no
2460,50,management,divorced,tertiary,no,201,yes,no,cellular,no
2461,28,management,single,tertiary,no,874,yes,no,cellular,yes
2462,31,blue-collar,married,secondary,no,2591,yes,no,cellular,no
2463,44,blue-collar,married,secondary,no,1397,no,no,cellular,no
2464,68,retired,divorced,primary,no,476,no,no,telephone,yes
2465,39,services,single,secondary,no,26,yes,no,cellular,no
2466,36,admin.,married,secondary,no,75,yes,no,unknown,no
2467,57,retired,married,primary,no,9367,no,no,cellular,yes
2468,41,management,single,tertiary,no,1982,no,no,cellular,yes
2469,41,technician,married,secondary,no,457,yes,yes,unknown,no
2470,35,blue-collar,married,primary,no,-367,yes,no,cellular,no
2471,58,services,divorced,secondary,no,462,no,no,cellular,yes
2472,57,retired,married,secondary,no,91,no,yes,unknown,no
2473,33,management,single,tertiary,no,6807,no,no,cellular,yes
2474,27,entrepreneur,married,tertiary,no,139,no,no,cellular,yes
2475,48,blue-collar,married,primary,no,719,no,yes,cellular,yes
2476,26,blue-collar,single,secondary,yes,-36,yes,no,unknown,yes
2477,49,technician,married,secondary,yes,-74,yes,no,cellular,no
2478,29,services,married,secondary,no,19,yes,no,cellular,no
2479,37,technician,married,tertiary,no,0,no,no,cellular,no
2480,52,unemployed,married,primary,no,959,no,no,telephone,yes
2481,51,management,divorced,tertiary,no,119,no,no,unknown,no
2482,54,blue-collar,married,secondary,no,-102,yes,no,cellular,no
2483,37,technician,married,tertiary,yes,0,yes,no,unknown,no
2484,43,management,married,tertiary,no,1059,no,yes,cellular,yes
2485,27,student,single,tertiary,no,5169,yes,no,cellular,yes
2486,45,management,divorced,secondary,no,51,yes,no,cellular,no
2487,40,management,married,secondary,no,-240,no,yes,unknown,no
2488,57,unemployed,married,primary,no,2743,no,no,cellular,no
2489,52,technician,married,secondary,no,371,yes,yes,cellular,yes
2490,31,management,single,tertiary,no,307,no,no,cellular,no
2491,26,admin.,single,primary,no,-122,yes,no,unknown,yes
2492,49,services,married,secondary,no,-301,yes,no,cellular,no
2493,60,retired,married,secondary,no,597,no,no,cellular,yes
2494,26,student,single,secondary,no,4613,no,no,cellular,yes
2495,30,student,single,tertiary,no,31,yes,no,cellular,no
2496,47,entrepreneur,married,secondary,no,0,no,no,unknown,yes
2497,37,services,single,primary,no,0,no,yes,cellular,no
2498,37,services,single,secondary,no,54,yes,no,cellular,no
2499,35,management,single,tertiary,no,3,yes,yes,cellular,no
2500,58,management,single,tertiary,no,1387,yes,no,unknown,no
2501,60,unemployed,married,secondary,no,1047,no,no,cellular,yes
2502,76,self-employed,married,unknown,no,4984,no,no,telephone,yes
2503,43,technician,married,tertiary,no,4333,yes,no,cellular,yes
2504,47,unemployed,divorced,secondary,no,0,no,yes,cellular,no
2505,33,admin.,married,secondary,no,7,yes,no,cellular,no
2506,33,technician,single,tertiary,no,1636,yes,no,cellular,yes
2507,29,blue-collar,married,secondary,no,0,no,no,cellular,no
2508,50,retired,married,primary,no,29,no,no,unknown,no
2509,55,unemployed,single,primary,no,274,no,no,cellular,no
2510,33,services,single,tertiary,no,-452,no,no,cellular,yes
2511,55,technician,married,unknown,no,1393,yes,yes,telephone,no
2512,31,services,divorced,primary,no,459,yes,no,cellular,yes
2513,39,blue-collar,married,secondary,no,138,no,no,unknown,no
2514,31,admin.,single,secondary,no,410,no,no,cellular,yes
2515,36,admin.,single,tertiary,no,994,no,no,cellular,yes
2516,36,admin.,married,secondary,no,1314,yes,no,cellular,no
2517,32,blue-collar,married,primary,no,-6,yes,no,cellular,no
2518,30,technician,single,secondary,no,9645,no,yes,cellular,no
2519,30,unemployed,single,tertiary,no,463,no,no,cellular,no
2520,40,admin.,married,secondary,no,523,yes,yes,unknown,no
2521,48,services,married,secondary,no,2850,yes,no,cellular,no
2522,34,technician,single,secondary,no,920,yes,no,cellular,no
2523,31,management,single,secondary,no,453,yes,no,unknown,no
2524,60,retired,divorced,tertiary,no,-134,no,no,cellular,no
2525,31,blue-collar,married,tertiary,no,-35,no,no,cellular,yes
2526,78,retired,divorced,primary,no,527,no,no,cellular,yes
2527,34,self-employed,single,tertiary,no,1943,yes,no,cellular,no
2528,35,admin.,single,secondary,no,368,yes,no,unknown,no
2529,26,technician,married,secondary,no,267,yes,no,cellular,yes
2530,47,management,divorced,tertiary,no,12026,yes,no,telephone,yes
2531,35,technician,married,tertiary,no,-269,yes,yes,cellular,no
2532,26,blue-collar,single,secondary,no,78,no,no,telephone,no
2533,60,self-employed,married,secondary,no,1690,no,no,cellular,no
2534,57,blue-collar,married,primary,no,23,yes,no,telephone,no
2535,50,management,married,tertiary,no,453,no,yes,unknown,no
2536,34,admin.,married,secondary,no,869,no,no,unknown,yes
2537,59,retired,married,primary,no,0,no,no,cellular,yes
2538,27,student,single,tertiary,no,39,no,no,cellular,yes
2539,36,self-employed,single,tertiary,no,3560,no,no,unknown,no
2540,35,blue-collar,married,secondary,no,106,yes,no,cellular,no
2541,42,blue-collar,married,unknown,no,0,no,no,unknown,no
2542,32,technician,single,tertiary,no,388,no,no,cellular,yes
2543,20,student,single,secondary,no,502,no,no,cellular,yes
2544,66,admin.,married,secondary,no,4041,no,no,cellular,yes
2545,38,technician,married,secondary,no,6728,no,no,cellular,yes
2546,27,blue-collar,married,primary,no,106,yes,no,unknown,no
2547,63,housemaid,married,primary,no,91,no,no,telephone,yes
2548,35,technician,single,secondary,no,126,no,no,cellular,no
2549,45,technician,married,secondary,no,2776,yes,no,cellular,yes
2550,38,management,single,tertiary,no,1637,no,yes,cellular,no
2551,46,blue-collar,married,primary,no,804,yes,no,cellular,yes
2552,46,blue-collar,married,primary,no,-29,yes,no,unknown,no
2553,41,management,divorced,tertiary,no,5037,no,no,cellular,yes
2554,51,entrepreneur,married,tertiary,no,83,no,no,cellular,yes
2555,41,technician,married,tertiary,no,67,yes,no,cellular,yes
2556,45,management,married,tertiary,no,655,no,no,unknown,yes
2557,33,management,single,tertiary,no,3552,no,no,cellular,yes
2558,28,admin.,single,secondary,no,-170,no,yes,cellular,yes
2559,29,technician,married,tertiary,no,-722,no,yes,unknown,no
2560,26,student,single,tertiary,no,294,no,no,cellular,yes
2561,37,admin.,married,secondary,no,529,yes,no,cellular,no
2562,30,admin.,single,secondary,no,-548,yes,yes,cellular,no
2563,52,services,married,secondary,no,820,yes,no,cellular,no
2564,35,admin.,single,primary,no,8,yes,no,unknown,no
2565,52,entrepreneur,single,tertiary,no,3469,yes,no,cellular,yes
2566,30,admin.,married,secondary,no,4,no,no,unknown,no
2567,66,retired,married,primary,no,3629,no,no,cellular,yes
2568,44,blue-collar,married,secondary,no,1025,yes,no,unknown,no
2569,58,management,divorced,tertiary,no,577,no,no,unknown,no
2570,35,management,married,tertiary,no,925,no,no,cellular,yes
2571,40,management,married,secondary,no,4396,no,no,cellular,yes
2572,59,retired,married,primary,no,574,no,no,cellular,no
2573,47,management,married,tertiary,no,0,no,yes,cellular,yes
2574,42,admin.,married,secondary,no,437,yes,no,cellular,no
2575,39,admin.,married,secondary,no,260,yes,no,cellular,yes
2576,42,technician,married,tertiary,no,757,no,no,cellular,yes
2577,36,blue-collar,married,primary,no,2079,yes,yes,unknown,no
2578,43,management,married,tertiary,no,79,no,no,cellular,yes
2579,46,management,married,tertiary,no,242,no,no,cellular,yes
2580,77,management,married,unknown,no,1780,yes,no,cellular,yes
2581,34,management,married,tertiary,no,99,no,yes,cellular,no
2582,30,management,married,tertiary,no,102,yes,no,cellular,yes
2583,58,technician,divorced,secondary,no,-354,yes,yes,cellular,no
2584,39,blue-collar,married,unknown,no,621,yes,no,cellular,yes
2585,43,entrepreneur,married,secondary,no,104,yes,no,cellular,yes
2586,58,management,married,tertiary,no,2183,yes,no,cellular,no
2587,36,management,married,tertiary,no,0,yes,no,cellular,no
2588,35,technician,married,secondary,no,0,yes,no,cellular,yes
2589,35,blue-collar,married,primary,no,1177,no,no,cellular,yes
2590,36,blue-collar,single,primary,no,79,no,no,unknown,no
2591,78,retired,married,unknown,no,38,no,no,telephone,no
2592,51,self-employed,married,secondary,no,44,yes,yes,telephone,no
2593,65,retired,married,tertiary,no,2416,no,no,cellular,yes
2594,31,technician,married,secondary,no,589,yes,yes,unknown,no
2595,27,services,single,secondary,no,194,yes,no,unknown,no
2596,30,management,single,secondary,no,-383,yes,no,cellular,no
2597,32,technician,married,tertiary,no,636,yes,no,cellular,yes
2598,46,technician,divorced,secondary,no,-824,yes,no,cellular,yes
2599,34,services,married,primary,no,31,no,yes,cellular,no
2600,54,management,married,tertiary,no,1168,no,no,telephone,no
2601,30,blue-collar,married,primary,no,2607,yes,no,unknown,no
2602,88,retired,married,secondary,no,433,no,no,telephone,no
2603,40,services,single,secondary,no,1038,no,no,unknown,no
2604,46,management,married,tertiary,no,11385,no,no,cellular,yes
2605,31,management,married,tertiary,no,676,no,no,cellular,yes
2606,32,blue-collar,married,secondary,no,3166,yes,no,cellular,no
2607,54,blue-collar,married,primary,no,1311,no,no,telephone,yes
2608,19,student,single,unknown,no,108,no,no,cellular,yes
2609,53,retired,married,secondary,no,1296,yes,no,unknown,no
2610,31,blue-collar,single,secondary,no,4415,yes,no,unknown,no
2611,33,admin.,married,secondary,no,855,no,no,cellular,yes
2612,27,technician,single,secondary,no,439,yes,no,cellular,yes
2613,29,technician,divorced,secondary,no,477,yes,yes,cellular,no
2614,26,management,single,tertiary,no,222,no,no,cellular,yes
2615,58,admin.,married,secondary,no,2160,yes,yes,cellular,yes
2616,46,admin.,married,secondary,no,974,no,no,cellular,yes
2617,35,management,married,tertiary,no,991,yes,no,cellular,yes
2618,28,student,single,secondary,no,154,yes,no,unknown,no
2619,36,management,single,tertiary,no,335,no,no,unknown,no
2620,34,technician,single,tertiary,no,992,yes,no,cellular,yes
2621,53,blue-collar,married,secondary,no,5700,yes,no,unknown,no
2622,36,admin.,single,secondary,no,728,no,no,cellular,yes
2623,29,management,single,tertiary,no,697,no,no,cellular,yes
2624,29,blue-collar,single,secondary,no,260,yes,no,unknown,yes
2625,45,admin.,married,secondary,no,0,yes,no,cellular,no
2626,32,management,single,tertiary,no,41,yes,no,cellular,no
2627,41,blue-collar,divorced,secondary,no,3622,no,no,unknown,yes
2628,27,services,married,secondary,no,94,yes,no,unknown,no
2629,47,blue-collar,married,secondary,no,1125,yes,no,cellular,yes
2630,52,blue-collar,married,secondary,no,555,yes,no,cellular,no
2631,30,management,single,tertiary,no,201,yes,no,cellular,yes
2632,43,unemployed,married,primary,no,519,no,no,unknown,yes
2633,38,technician,divorced,secondary,no,631,yes,no,cellular,no
2634,74,retired,married,primary,no,670,no,no,cellular,yes
2635,57,management,married,tertiary,no,350,no,no,telephone,no
2636,35,management,single,tertiary,no,331,no,no,cellular,yes
2637,29,services,single,secondary,no,32,yes,no,unknown,yes
2638,36,management,single,tertiary,no,243,yes,no,cellular,no
2639,51,services,married,secondary,no,7,yes,no,cellular,no
2640,33,technician,married,secondary,no,-74,yes,no,cellular,no
2641,38,technician,single,tertiary,no,11,no,no,unknown,no
2642,50,unemployed,married,secondary,no,3478,yes,no,unknown,no
2643,44,blue-collar,married,primary,no,6,no,no,cellular,no
2644,31,management,single,tertiary,no,4718,yes,no,cellular,yes
2645,30,management,single,tertiary,no,596,no,no,cellular,no
2646,36,blue-collar,married,secondary,no,2894,yes,no,cellular,no
2647,60,technician,married,secondary,no,10925,no,no,cellular,yes
2648,47,admin.,married,secondary,no,2601,no,no,cellular,yes
2649,28,management,single,tertiary,no,5474,no,no,cellular,yes
2650,36,admin.,married,secondary,no,0,no,yes,cellular,no
2651,37,blue-collar,married,secondary,no,454,yes,no,unknown,no
2652,32,management,single,tertiary,no,0,yes,no,cellular,yes
2653,27,self-employed,single,tertiary,no,168,no,no,cellular,yes
2654,36,management,married,tertiary,no,0,no,no,telephone,yes
2655,44,management,single,secondary,no,421,no,yes,cellular,no
2656,29,services,married,secondary,no,1135,yes,no,cellular,yes
2657,27,services,single,secondary,no,955,no,no,cellular,yes
2658,44,entrepreneur,married,secondary,no,887,yes,no,cellular,no
2659,42,technician,divorced,secondary,no,-106,yes,no,unknown,no
2660,26,management,single,tertiary,no,222,no,no,cellular,yes
2661,34,management,married,tertiary,no,8,no,no,cellular,no
2662,30,management,single,tertiary,no,265,no,no,cellular,no
2663,38,technician,single,tertiary,no,221,no,no,cellular,no
2664,34,admin.,married,secondary,no,0,yes,no,cellular,yes
2665,49,technician,single,tertiary,no,2585,no,no,unknown,no
2666,33,services,single,secondary,no,489,yes,no,cellular,yes
2667,39,management,married,tertiary,no,2939,no,no,cellular,yes
2668,45,admin.,married,secondary,no,46,yes,no,cellular,no
2669,49,blue-collar,married,primary,yes,-98,yes,no,cellular,no
2670,27,student,single,secondary,no,672,no,no,cellular,no
2671,54,technician,married,secondary,no,3994,no,yes,cellular,yes
2672,34,blue-collar,married,secondary,no,4622,yes,yes,unknown,no
2673,26,admin.,married,secondary,no,1595,no,no,cellular,no
2674,30,management,single,tertiary,no,3773,yes,no,cellular,no
2675,49,technician,married,tertiary,no,1235,no,no,cellular,yes
2676,58,self-employed,married,secondary,no,0,yes,no,unknown,no
2677,29,blue-collar,married,secondary,no,100,yes,yes,cellular,no
2678,46,services,married,secondary,no,273,no,no,cellular,yes
2679,39,management,married,tertiary,no,141,yes,no,cellular,no
2680,56,technician,married,tertiary,no,1476,no,no,telephone,no
2681,42,management,married,secondary,no,580,no,no,cellular,no
2682,43,admin.,single,secondary,no,733,yes,no,cellular,yes
2683,54,admin.,married,secondary,no,1633,no,no,cellular,yes
2684,37,admin.,married,tertiary,no,2741,no,no,unknown,no
2685,43,technician,married,secondary,no,629,no,no,cellular,no
2686,82,retired,divorced,tertiary,no,0,no,no,telephone,yes
2687,64,management,married,tertiary,no,3951,no,no,cellular,yes
2688,28,management,single,tertiary,no,278,no,yes,cellular,no
2689,42,admin.,married,primary,no,1547,yes,yes,unknown,no
2690,29,blue-collar,married,secondary,no,508,yes,yes,unknown,no
2691,33,management,single,tertiary,no,1724,no,no,cellular,no
2692,50,admin.,married,secondary,no,2678,no,no,telephone,yes
2693,25,admin.,single,tertiary,no,1734,no,no,cellular,no
2694,49,services,married,primary,no,0,yes,no,cellular,yes
2695,51,management,married,tertiary,no,10635,yes,no,unknown,no
2696,29,admin.,single,secondary,no,1070,yes,no,unknown,yes
2697,54,technician,divorced,secondary,no,83,yes,no,unknown,no
2698,32,management,married,tertiary,no,628,no,no,cellular,no
2699,30,admin.,single,secondary,no,457,no,no,cellular,no
2700,47,blue-collar,married,secondary,no,2787,no,no,cellular,yes
2701,30,management,single,tertiary,no,3384,no,no,cellular,yes
2702,43,blue-collar,married,secondary,no,1025,yes,no,cellular,no
2703,46,blue-collar,married,primary,no,1291,yes,no,cellular,no
2704,46,management,married,secondary,no,5559,no,no,unknown,no
2705,55,blue-collar,divorced,secondary,no,496,no,yes,cellular,no
2706,34,management,divorced,tertiary,no,500,yes,no,unknown,no
2707,30,management,single,tertiary,no,4808,no,no,cellular,yes
2708,31,management,single,tertiary,no,533,no,no,telephone,yes
2709,33,admin.,married,secondary,no,616,no,no,cellular,yes
2710,30,blue-collar,single,secondary,no,103,yes,no,cellular,no
2711,27,student,single,primary,yes,25,no,no,unknown,no
2712,38,entrepreneur,single,secondary,no,2543,no,no,cellular,yes
2713,42,management,single,tertiary,yes,0,yes,no,cellular,yes
2714,39,admin.,married,secondary,no,47,yes,no,cellular,no
2715,32,management,married,tertiary,no,71,no,no,cellular,no
2716,58,management,divorced,secondary,no,10180,no,no,cellular,yes
2717,35,self-employed,married,tertiary,no,2427,no,no,cellular,yes
2718,60,technician,divorced,secondary,no,-50,no,no,cellular,no
2719,32,admin.,married,secondary,no,0,no,no,cellular,no
2720,36,technician,married,secondary,no,1345,yes,no,cellular,no
2721,43,self-employed,married,secondary,no,14144,yes,no,cellular,yes
2722,28,management,single,tertiary,no,890,yes,no,cellular,yes
2723,26,student,single,secondary,no,0,yes,no,unknown,no
2724,34,admin.,married,secondary,no,1406,yes,no,cellular,yes
2725,22,admin.,single,secondary,no,372,no,no,cellular,yes
2726,40,admin.,married,secondary,no,341,no,no,cellular,yes
2727,60,technician,divorced,tertiary,no,1900,yes,no,unknown,no
2728,31,unemployed,married,secondary,no,6,no,no,cellular,yes
2729,50,self-employed,married,tertiary,no,1503,no,no,cellular,no
2730,27,services,single,secondary,no,-151,no,no,cellular,no
2731,44,services,married,secondary,no,1335,yes,no,cellular,no
2732,51,entrepreneur,married,tertiary,no,36935,yes,no,cellular,no
2733,60,retired,married,primary,no,6307,yes,no,unknown,no
2734,29,management,single,tertiary,no,91,no,no,cellular,no
2735,52,management,divorced,secondary,no,944,no,yes,unknown,no
2736,31,admin.,single,secondary,no,476,no,no,cellular,no
2737,51,blue-collar,divorced,primary,no,5,no,no,cellular,yes
2738,44,management,married,unknown,no,2982,no,no,unknown,no
2739,26,student,single,unknown,no,689,no,no,cellular,yes
2740,30,technician,single,tertiary,no,0,no,no,cellular,no
2741,35,technician,married,tertiary,no,7050,no,no,cellular,yes
2742,55,unemployed,divorced,secondary,no,387,yes,no,unknown,yes
2743,57,management,divorced,unknown,no,854,no,no,cellular,yes
2744,32,admin.,divorced,secondary,no,-46,no,yes,cellular,yes
2745,41,management,married,tertiary,no,-29,no,no,cellular,no
2746,31,services,single,secondary,no,91,yes,no,cellular,no
2747,50,housemaid,married,tertiary,no,6181,no,no,unknown,no
2748,33,self-employed,married,secondary,no,215,yes,no,cellular,no
2749,37,blue-collar,married,secondary,no,194,yes,no,unknown,no
2750,28,management,single,tertiary,no,187,no,no,cellular,yes
2751,60,blue-collar,divorced,primary,no,92,yes,no,unknown,no
2752,32,admin.,single,secondary,no,620,no,no,cellular,no
2753,54,self-employed,married,primary,no,1463,no,no,unknown,no
2754,36,entrepreneur,married,primary,no,177,yes,no,unknown,no
2755,31,management,married,tertiary,no,0,no,no,cellular,no
2756,24,student,single,secondary,no,1809,no,no,cellular,yes
2757,43,technician,married,secondary,no,1358,no,no,cellular,yes
2758,58,technician,married,secondary,no,786,yes,no,unknown,no
2759,38,management,married,tertiary,no,1463,yes,no,cellular,no
2760,33,blue-collar,married,secondary,no,0,yes,no,cellular,no
2761,71,technician,married,secondary,no,3020,no,no,telephone,yes
2762,32,technician,single,unknown,no,491,no,no,cellular,yes
2763,42,admin.,divorced,secondary,no,936,no,no,cellular,yes
2764,52,blue-collar,married,secondary,no,331,no,no,cellular,no
2765,58,management,married,secondary,no,-382,no,no,telephone,no
2766,33,services,married,secondary,no,2918,no,yes,cellular,yes
2767,28,admin.,divorced,secondary,no,785,yes,no,unknown,yes
2768,36,blue-collar,married,primary,no,828,no,no,cellular,yes
2769,48,management,married,primary,no,606,no,no,cellular,no
2770,47,admin.,married,secondary,no,368,no,no,cellular,yes
2771,34,blue-collar,single,secondary,no,39,no,no,cellular,no
2772,47,blue-collar,married,secondary,no,1230,yes,no,telephone,yes
2773,53,technician,divorced,secondary,no,392,yes,no,cellular,no
2774,35,blue-collar,married,primary,no,51,yes,no,unknown,no
2775,26,blue-collar,single,secondary,yes,81,no,yes,cellular,yes
2776,38,services,single,secondary,no,91,no,no,cellular,yes
2777,61,retired,divorced,secondary,no,927,no,no,cellular,yes
2778,48,management,married,tertiary,no,1167,yes,yes,cellular,yes
2779,51,blue-collar,married,primary,no,603,yes,no,cellular,yes
2780,34,management,divorced,tertiary,no,2240,no,no,cellular,yes
2781,75,retired,divorced,primary,no,3881,yes,no,cellular,yes
2782,34,admin.,divorced,primary,no,9569,yes,no,unknown,no
2783,41,admin.,single,secondary,no,4464,yes,no,telephone,no
2784,25,admin.,single,secondary,no,2816,no,no,cellular,yes
2785,38,management,married,tertiary,no,165,yes,no,cellular,yes
2786,31,self-employed,married,tertiary,no,94,no,no,cellular,yes
2787,53,technician,divorced,secondary,no,751,yes,no,unknown,no
2788,40,technician,single,unknown,no,3652,yes,no,unknown,yes
2789,35,blue-collar,married,secondary,no,0,yes,no,cellular,no
2790,29,blue-collar,married,secondary,no,313,yes,no,cellular,no
2791,31,management,single,tertiary,no,924,no,no,cellular,yes
2792,60,retired,married,secondary,no,8121,yes,yes,cellular,no
2793,51,management,single,tertiary,yes,-55,yes,no,cellular,no
2794,28,technician,single,secondary,yes,-1042,yes,no,unknown,yes
2795,30,admin.,married,secondary,no,4457,yes,no,cellular,yes
2796,31,technician,single,secondary,no,2544,no,no,cellular,yes
2797,31,management,married,tertiary,no,40,no,no,cellular,no
2798,37,technician,married,unknown,no,189,no,no,cellular,yes
2799,42,management,single,tertiary,no,4264,yes,no,unknown,no
2800,60,admin.,divorced,secondary,no,-41,yes,yes,cellular,yes
2801,27,unemployed,single,primary,no,9,no,yes,cellular,yes
2802,44,self-employed,married,secondary,no,304,yes,no,telephone,no
2803,32,admin.,married,secondary,no,3540,yes,no,cellular,no
2804,35,services,married,secondary,no,377,no,yes,cellular,no
2805,49,admin.,single,secondary,no,716,yes,no,unknown,yes
2806,39,housemaid,single,primary,no,109,yes,no,unknown,no
2807,56,management,married,tertiary,no,3120,yes,no,cellular,no
2808,35,management,married,tertiary,no,0,yes,no,cellular,yes
2809,63,retired,divorced,secondary,no,1490,no,no,cellular,yes
2810,39,management,married,tertiary,no,45,no,no,cellular,no
2811,81,retired,divorced,unknown,no,9224,no,no,telephone,no
2812,36,blue-collar,married,primary,no,106,yes,no,cellular,no
2813,58,technician,married,secondary,no,3399,no,no,cellular,yes
2814,35,blue-collar,single,secondary,no,855,yes,no,cellular,yes
2815,76,retired,married,unknown,no,8919,no,no,cellular,no
2816,53,services,married,secondary,no,367,yes,yes,cellular,no
2817,58,self-employed,married,secondary,no,9994,no,no,cellular,no
2818,31,services,single,secondary,no,8,no,no,cellular,no
2819,39,management,married,tertiary,no,-233,yes,no,cellular,no
2820,29,management,single,unknown,no,698,no,no,cellular,no
2821,33,technician,married,secondary,no,399,yes,no,cellular,no
2822,29,admin.,single,secondary,no,27,yes,no,cellular,yes
2823,31,admin.,married,secondary,no,879,yes,no,cellular,yes
2824,28,management,single,tertiary,yes,1414,yes,no,cellular,yes
2825,58,retired,married,primary,no,2074,no,no,cellular,yes
2826,32,blue-collar,single,primary,no,12198,yes,no,cellular,yes
2827,36,admin.,married,secondary,no,746,yes,no,cellular,no
2828,30,technician,married,secondary,no,776,no,no,cellular,yes
2829,59,management,married,tertiary,no,7049,no,no,cellular,yes
2830,60,self-employed,married,primary,no,362,no,yes,cellular,yes
2831,43,blue-collar,married,secondary,no,14646,no,no,cellular,yes
2832,40,services,married,secondary,no,4157,yes,no,unknown,no
2833,43,management,married,tertiary,no,3518,no,no,cellular,yes
2834,45,blue-collar,married,secondary,no,7895,yes,no,cellular,yes
2835,38,management,married,tertiary,no,1477,no,no,cellular,yes
2836,41,unemployed,married,secondary,no,1077,yes,yes,telephone,yes
2837,49,services,married,secondary,no,202,yes,no,cellular,yes
2838,44,technician,single,secondary,no,244,yes,no,cellular,yes
2839,66,housemaid,married,primary,no,1230,no,no,cellular,yes
2840,38,technician,divorced,secondary,no,902,yes,no,cellular,yes
2841,49,admin.,married,secondary,no,1047,no,no,cellular,no
2842,55,management,married,tertiary,no,154,no,no,telephone,no
2843,34,admin.,single,secondary,no,303,no,no,cellular,yes
2844,60,retired,divorced,tertiary,no,381,yes,no,cellular,no
2845,23,student,single,secondary,no,381,no,no,cellular,yes
2846,32,blue-collar,single,secondary,no,6337,yes,no,cellular,no
2847,48,admin.,married,unknown,no,0,yes,no,cellular,no
2848,33,management,single,tertiary,no,131,yes,no,cellular,yes
2849,35,management,single,tertiary,no,916,yes,no,cellular,yes
2850,58,retired,married,primary,no,282,yes,no,cellular,no
2851,34,management,single,tertiary,no,6766,no,no,cellular,no
2852,33,technician,single,secondary,no,163,yes,no,cellular,yes
2853,32,blue-collar,single,secondary,no,5252,yes,no,cellular,no
2854,37,blue-collar,married,secondary,no,1330,no,no,cellular,yes
2855,67,retired,divorced,secondary,no,704,no,no,cellular,yes
2856,32,technician,married,tertiary,no,2688,no,no,cellular,yes
2857,48,blue-collar,single,secondary,no,8982,yes,no,unknown,no
2858,34,blue-collar,married,secondary,no,1988,yes,no,telephone,no
2859,56,admin.,single,secondary,no,1854,yes,no,telephone,no
2860,47,blue-collar,married,secondary,no,1568,yes,no,cellular,yes
2861,27,admin.,married,secondary,no,897,no,no,cellular,yes
2862,38,admin.,married,secondary,no,1767,yes,no,cellular,yes
2863,67,housemaid,divorced,secondary,no,5275,no,no,cellular,yes
2864,38,services,married,secondary,no,105,no,no,cellular,no
2865,34,services,divorced,secondary,no,89,yes,no,cellular,yes
2866,37,services,married,secondary,no,393,yes,yes,cellular,no
2867,52,management,married,primary,no,0,no,no,unknown,no
2868,26,blue-collar,single,secondary,no,2007,no,no,cellular,yes
2869,28,technician,single,secondary,no,1363,no,no,cellular,yes
2870,34,technician,married,secondary,no,294,yes,no,cellular,yes
2871,57,retired,divorced,primary,no,63,no,yes,cellular,yes
2872,25,management,married,primary,no,168,yes,no,unknown,yes
2873,44,blue-collar,married,tertiary,no,1371,no,no,cellular,no
2874,33,technician,single,secondary,no,177,yes,no,unknown,no
2875,51,housemaid,divorced,primary,no,127,no,no,unknown,no
2876,47,blue-collar,married,unknown,yes,162,no,no,cellular,yes
2877,34,services,married,secondary,no,22,yes,no,unknown,no
2878,47,admin.,single,secondary,no,3531,yes,no,cellular,no
2879,37,technician,married,secondary,yes,0,no,no,unknown,no
2880,32,management,single,tertiary,no,522,no,no,cellular,yes
2881,32,technician,single,tertiary,no,720,no,no,cellular,no
2882,34,admin.,single,tertiary,no,458,yes,no,unknown,no
2883,36,management,married,tertiary,no,495,no,no,cellular,yes
2884,30,management,married,tertiary,no,134,yes,no,unknown,no
2885,40,management,married,tertiary,no,3352,yes,no,cellular,yes
2886,34,management,married,tertiary,no,1006,yes,no,cellular,yes
2887,34,blue-collar,single,secondary,no,341,yes,no,unknown,no
2888,59,management,married,tertiary,no,0,yes,yes,cellular,yes
2889,47,unemployed,married,primary,no,0,no,no,unknown,no
2890,47,admin.,married,secondary,no,829,yes,yes,cellular,no
2891,45,admin.,married,secondary,no,1097,yes,yes,cellular,no
2892,25,blue-collar,single,secondary,no,303,no,no,cellular,yes
2893,34,technician,single,secondary,no,2729,yes,no,cellular,yes
2894,42,services,married,secondary,no,108,yes,yes,cellular,no
2895,26,admin.,single,secondary,no,338,no,no,cellular,yes
2896,38,technician,married,secondary,no,728,yes,no,cellular,no
2897,49,blue-collar,married,primary,no,239,no,no,cellular,no
2898,44,technician,divorced,secondary,no,14,no,no,cellular,yes
2899,39,blue-collar,married,primary,no,-176,no,no,cellular,no
2900,33,admin.,single,secondary,no,572,yes,no,cellular,yes
2901,29,management,married,tertiary,yes,53,yes,no,cellular,no
2902,31,housemaid,married,secondary,no,243,yes,no,cellular,yes
2903,38,housemaid,divorced,secondary,no,70,no,no,cellular,yes
2904,28,blue-collar,single,secondary,no,-46,yes,no,cellular,yes
2905,58,retired,married,secondary,no,19,no,yes,cellular,no
2906,60,management,divorced,tertiary,no,366,no,no,cellular,yes
2907,40,management,married,secondary,no,8486,no,no,unknown,no
2908,26,unemployed,single,secondary,no,111,no,no,cellular,yes
2909,40,blue-collar,married,primary,no,919,yes,no,unknown,no
2910,51,blue-collar,married,secondary,no,955,no,yes,cellular,yes
2911,47,services,married,secondary,no,2070,yes,yes,unknown,no
2912,33,blue-collar,married,primary,no,-306,yes,yes,unknown,no
2913,49,management,married,tertiary,no,276,no,no,cellular,no
2914,32,management,single,tertiary,no,718,yes,no,cellular,yes
2915,35,entrepreneur,married,tertiary,no,542,yes,yes,unknown,no
2916,33,management,married,tertiary,no,403,yes,no,unknown,no
2917,34,entrepreneur,married,tertiary,no,105,yes,no,unknown,no
2918,57,technician,married,tertiary,no,-1,no,no,unknown,yes
2919,29,blue-collar,single,secondary,no,9,yes,no,cellular,no
2920,22,admin.,single,secondary,no,114,no,no,cellular,yes
2921,37,admin.,single,secondary,no,9,yes,no,cellular,no
2922,58,retired,married,primary,no,4158,no,no,cellular,yes
2923,44,management,single,tertiary,no,483,no,no,cellular,yes
2924,31,management,single,tertiary,no,713,no,no,cellular,no
2925,38,technician,single,secondary,no,1711,no,no,telephone,yes
2926,35,self-employed,married,tertiary,yes,28,no,yes,cellular,no
2927,32,self-employed,single,tertiary,no,658,yes,no,cellular,yes
2928,36,services,single,secondary,no,9713,yes,no,unknown,no
2929,29,blue-collar,divorced,secondary,no,-19,yes,no,cellular,yes
2930,32,services,single,secondary,no,5806,yes,no,cellular,yes
2931,31,management,married,tertiary,no,537,yes,no,cellular,yes
2932,32,blue-collar,single,secondary,no,1342,yes,no,unknown,no
2933,35,management,married,tertiary,no,8,no,no,cellular,yes
2934,24,blue-collar,single,secondary,no,1857,yes,no,cellular,yes
2935,27,blue-collar,married,secondary,no,419,yes,no,unknown,yes
2936,27,blue-collar,single,secondary,no,535,no,no,cellular,yes
2937,31,technician,married,secondary,no,465,yes,no,cellular,no
2938,30,services,married,secondary,no,48,yes,no,cellular,yes
2939,62,management,married,tertiary,no,7458,no,no,cellular,yes
2940,35,technician,single,secondary,no,3490,yes,no,cellular,yes
2941,62,management,married,tertiary,no,1859,no,no,telephone,yes
2942,34,technician,married,secondary,no,294,yes,no,cellular,yes
2943,59,blue-collar,married,primary,no,229,yes,yes,unknown,no
2944,28,unemployed,single,primary,no,1374,no,no,cellular,yes
2945,47,technician,single,secondary,no,1101,yes,no,cellular,yes
2946,30,admin.,single,secondary,no,613,yes,no,cellular,no
2947,60,entrepreneur,divorced,secondary,no,80,yes,no,unknown,no
2948,30,blue-collar,married,secondary,no,673,yes,no,unknown,no
2949,34,blue-collar,single,secondary,no,186,no,no,cellular,no
2950,35,technician,married,secondary,no,905,no,yes,cellular,no
2951,66,housemaid,married,secondary,no,1929,no,no,cellular,no
2952,32,blue-collar,married,primary,no,415,yes,no,unknown,yes
2953,32,technician,single,tertiary,no,392,yes,no,cellular,no
2954,40,management,married,tertiary,no,552,no,no,cellular,no
2955,31,blue-collar,divorced,primary,no,158,yes,no,unknown,no
2956,38,self-employed,married,secondary,no,215,yes,no,cellular,no
2957,41,admin.,married,primary,no,-306,yes,no,unknown,yes
2958,23,admin.,single,tertiary,no,314,no,yes,cellular,yes
2959,56,management,married,tertiary,no,616,no,no,cellular,yes
2960,60,management,married,tertiary,no,3401,no,no,cellular,yes
2961,54,blue-collar,married,primary,no,950,yes,no,unknown,no
2962,44,blue-collar,divorced,secondary,no,579,yes,no,unknown,no
2963,49,management,married,secondary,no,543,yes,no,unknown,no
2964,33,technician,single,secondary,no,3059,no,yes,cellular,yes
2965,50,admin.,divorced,secondary,no,3240,no,no,cellular,no
2966,27,management,single,secondary,no,967,yes,no,unknown,no
2967,34,blue-collar,divorced,secondary,no,-131,yes,no,cellular,no
2968,26,technician,single,secondary,no,218,yes,no,unknown,no
2969,46,management,married,tertiary,no,0,no,no,cellular,yes
2970,30,technician,single,secondary,no,411,yes,no,cellular,no
2971,64,retired,married,tertiary,no,846,no,no,cellular,yes
2972,39,management,married,tertiary,no,351,yes,no,unknown,no
2973,33,admin.,single,tertiary,no,7608,no,no,cellular,yes
2974,29,management,married,tertiary,no,199,yes,yes,unknown,yes
2975,56,management,married,primary,no,0,no,no,cellular,yes
2976,51,blue-collar,married,primary,no,21614,no,no,cellular,no
2977,36,blue-collar,single,secondary,no,219,yes,yes,cellular,no
2978,33,technician,single,tertiary,no,258,no,no,cellular,yes
2979,33,management,married,secondary,no,333,no,no,cellular,no
2980,30,entrepreneur,married,primary,no,2686,yes,no,cellular,yes
2981,56,management,divorced,tertiary,no,-141,no,no,cellular,no
2982,31,blue-collar,single,secondary,no,-159,no,yes,telephone,no
2983,23,student,single,secondary,no,0,no,no,cellular,yes
2984,53,services,divorced,secondary,no,36,yes,yes,unknown,yes
2985,31,management,divorced,tertiary,no,883,yes,no,cellular,no
2986,31,blue-collar,married,secondary,no,505,yes,no,cellular,no
2987,33,management,divorced,secondary,no,5,yes,no,unknown,yes
2988,47,technician,married,secondary,no,0,no,no,cellular,yes
2989,33,services,married,secondary,no,1076,no,no,cellular,yes
2990,57,unemployed,married,secondary,no,1350,no,no,cellular,no
2991,32,blue-collar,married,secondary,no,2089,yes,no,cellular,yes
2992,40,student,single,secondary,no,595,yes,no,cellular,yes
2993,28,services,single,secondary,no,217,yes,no,cellular,no
2994,42,admin.,married,secondary,no,214,yes,no,unknown,no
2995,43,technician,divorced,primary,no,13,no,yes,cellular,no
2996,44,management,divorced,tertiary,no,3932,yes,no,unknown,no
2997,28,blue-collar,married,secondary,no,751,yes,no,cellular,yes
2998,35,management,married,secondary,no,839,yes,no,unknown,no
2999,45,admin.,married,secondary,no,5021,no,no,cellular,yes
3000,48,admin.,divorced,secondary,no,4099,no,no,cellular,yes
3001,38,technician,divorced,tertiary,no,791,yes,no,unknown,no
3002,48,housemaid,married,tertiary,no,5473,no,no,cellular,yes
3003,38,entrepreneur,divorced,secondary,no,1190,yes,no,cellular,yes
3004,28,unemployed,single,primary,no,236,no,no,cellular,no
3005,46,unemployed,married,secondary,no,594,no,no,cellular,no
3006,42,blue-collar,married,primary,no,201,yes,no,cellular,yes
3007,32,unemployed,married,unknown,no,881,no,no,cellular,no
3008,63,entrepreneur,married,secondary,no,3904,no,no,telephone,yes
3009,46,blue-collar,married,secondary,no,942,no,no,cellular,no
3010,47,management,married,tertiary,no,2475,yes,no,cellular,no
3011,31,management,single,tertiary,no,30,no,no,cellular,no
3012,59,management,married,tertiary,no,315,no,no,cellular,yes
3013,22,technician,single,secondary,no,283,yes,no,cellular,yes
3014,50,services,married,secondary,no,1595,no,no,unknown,yes
3015,29,services,single,unknown,no,196,no,no,cellular,yes
3016,32,technician,divorced,secondary,no,211,yes,yes,unknown,no
3017,30,technician,single,tertiary,no,10,no,no,cellular,no
3018,32,management,single,tertiary,no,10281,no,no,cellular,yes
3019,39,technician,single,secondary,no,300,no,no,cellular,no
3020,55,blue-collar,married,unknown,no,890,no,no,cellular,yes
3021,37,blue-collar,married,primary,no,-196,yes,no,unknown,no
3022,54,technician,married,secondary,no,0,no,no,telephone,yes
3023,23,blue-collar,single,secondary,no,492,yes,no,unknown,yes
3024,36,technician,married,primary,no,3350,yes,no,cellular,no
3025,51,entrepreneur,married,tertiary,no,5254,yes,no,unknown,yes
3026,39,management,married,secondary,no,1585,yes,no,cellular,no
3027,53,services,married,primary,no,49,no,no,unknown,no
3028,32,technician,married,tertiary,no,240,yes,yes,cellular,no
3029,50,services,single,secondary,no,1716,yes,no,cellular,no
3030,46,blue-collar,married,primary,no,333,yes,no,cellular,no
3031,29,management,single,secondary,no,703,yes,no,cellular,yes
3032,28,student,single,secondary,no,0,no,no,cellular,yes
3033,33,entrepreneur,single,tertiary,no,1623,yes,no,cellular,yes
3034,46,management,married,tertiary,no,1906,no,no,cellular,no
3035,27,services,married,secondary,no,202,yes,no,telephone,no
3036,57,retired,divorced,secondary,no,316,no,no,cellular,no
3037,47,blue-collar,married,primary,no,475,yes,yes,cellular,no
3038,40,blue-collar,divorced,primary,no,737,yes,yes,unknown,no
3039,39,management,single,tertiary,no,2258,yes,no,cellular,no
3040,30,admin.,single,secondary,no,28,no,no,unknown,no
3041,32,management,married,tertiary,no,26,no,no,cellular,no
3042,42,admin.,married,secondary,no,947,no,no,cellular,no
3043,27,admin.,single,tertiary,no,73,no,no,cellular,no
3044,37,entrepreneur,married,primary,no,62,no,no,cellular,no
3045,70,retired,divorced,primary,no,383,no,no,cellular,no
3046,39,services,single,secondary,no,91,no,no,cellular,yes
3047,65,retired,married,primary,no,1004,no,no,cellular,yes
3048,52,unemployed,married,secondary,no,2251,yes,no,unknown,no
3049,41,admin.,married,secondary,no,683,no,yes,cellular,no
3050,35,services,married,secondary,no,128,yes,no,cellular,no
3051,35,technician,married,secondary,no,15474,no,no,cellular,no
3052,30,management,married,tertiary,no,1195,no,no,cellular,no
3053,46,blue-collar,married,secondary,no,1568,yes,no,cellular,yes
3054,57,technician,divorced,tertiary,no,96,no,no,cellular,yes
3055,25,management,single,tertiary,no,2305,no,no,cellular,no
3056,49,admin.,married,secondary,no,880,yes,yes,cellular,no
3057,78,retired,married,primary,no,680,no,no,telephone,no
3058,65,retired,divorced,secondary,no,828,no,no,cellular,yes
3059,34,admin.,single,secondary,no,1504,yes,no,unknown,no
3060,32,technician,single,secondary,no,116,yes,no,cellular,yes
3061,48,blue-collar,single,primary,no,316,no,no,unknown,no
3062,24,student,single,secondary,no,382,no,no,cellular,yes
3063,59,technician,divorced,secondary,no,2,no,no,cellular,no
3064,25,blue-collar,single,secondary,no,-375,yes,no,cellular,no
3065,53,technician,married,secondary,no,195,yes,no,cellular,yes
3066,54,entrepreneur,divorced,tertiary,no,5784,no,no,cellular,no
3067,41,management,married,secondary,no,280,yes,no,cellular,no
3068,34,admin.,married,secondary,no,445,no,no,cellular,no
3069,51,retired,married,primary,no,610,no,no,unknown,no
3070,82,retired,married,secondary,no,276,no,no,telephone,yes
3071,48,management,married,tertiary,no,1,no,no,telephone,yes
3072,25,student,single,secondary,no,1139,yes,no,unknown,no
3073,31,services,single,secondary,no,13,no,yes,cellular,yes
3074,30,technician,single,tertiary,no,106,yes,no,cellular,no
3075,33,management,single,tertiary,no,0,yes,no,telephone,no
3076,36,admin.,single,tertiary,no,980,no,no,cellular,no
3077,33,management,single,tertiary,no,318,yes,no,cellular,yes
3078,73,retired,divorced,primary,no,5028,no,no,cellular,yes
3079,42,blue-collar,married,secondary,no,429,yes,no,cellular,no
3080,34,entrepreneur,single,tertiary,no,2945,yes,no,cellular,no
3081,40,management,married,tertiary,no,1308,no,no,telephone,yes
3082,27,blue-collar,married,secondary,no,61,yes,no,unknown,yes
3083,37,management,single,tertiary,no,33,yes,no,cellular,yes
3084,27,management,married,tertiary,no,893,no,no,cellular,yes
3085,53,management,married,tertiary,no,9072,no,no,cellular,no
3086,41,unknown,single,unknown,no,942,no,no,cellular,yes
3087,26,admin.,married,secondary,no,5231,no,yes,cellular,no
3088,46,management,married,secondary,no,0,no,no,cellular,yes
3089,25,management,single,tertiary,no,2399,yes,no,unknown,no
3090,36,student,single,unknown,no,172,no,no,unknown,no
3091,45,blue-collar,married,secondary,no,226,no,no,telephone,no
3092,50,management,divorced,tertiary,no,810,no,no,cellular,yes
3093,40,blue-collar,married,secondary,no,1515,yes,no,cellular,yes
3094,57,management,married,secondary,no,123,no,no,cellular,no
3095,57,services,married,primary,no,491,yes,no,cellular,yes
3096,25,student,single,secondary,no,1957,no,no,cellular,yes
3097,34,technician,married,secondary,no,-259,yes,no,unknown,no
3098,33,technician,married,tertiary,no,-482,yes,no,cellular,no
3099,28,blue-collar,married,primary,no,278,yes,yes,telephone,no
3100,67,retired,married,secondary,no,1443,no,no,cellular,yes
3101,77,retired,married,tertiary,no,0,no,no,cellular,yes
3102,30,technician,single,secondary,no,86,no,no,unknown,no
3103,52,admin.,married,secondary,no,484,yes,no,unknown,no
3104,55,housemaid,divorced,primary,no,976,no,no,cellular,yes
3105,47,blue-collar,married,secondary,no,2775,no,no,unknown,no
3106,31,unemployed,married,tertiary,no,330,no,no,cellular,yes
3107,49,technician,married,secondary,no,1684,no,yes,cellular,yes
3108,33,management,married,tertiary,no,644,yes,yes,cellular,no
3109,42,services,married,primary,no,2567,yes,no,unknown,no
3110,34,blue-collar,married,primary,no,3527,yes,no,cellular,yes
3111,55,management,married,primary,no,384,no,no,telephone,no
3112,26,blue-collar,single,secondary,no,463,no,yes,cellular,yes
3113,31,blue-collar,married,secondary,no,4471,yes,no,unknown,no
3114,53,technician,divorced,secondary,no,45,no,no,unknown,no
3115,29,admin.,single,secondary,no,265,yes,no,cellular,yes
3116,28,self-employed,single,tertiary,no,1579,no,no,cellular,no
3117,28,blue-collar,single,primary,no,0,yes,yes,unknown,no
3118,28,technician,married,secondary,no,1086,yes,no,cellular,yes
3119,44,entrepreneur,married,secondary,no,320,yes,yes,cellular,no
3120,38,blue-collar,married,secondary,no,0,no,no,unknown,no
3121,36,services,married,secondary,no,335,yes,no,unknown,no
3122,43,technician,divorced,unknown,no,4389,no,no,telephone,yes
3123,52,services,married,primary,no,1625,no,no,cellular,yes
3124,26,admin.,single,secondary,no,1327,no,no,cellular,no
3125,55,management,married,secondary,no,2410,yes,no,cellular,no
3126,38,management,married,tertiary,no,76,yes,no,cellular,no
3127,38,management,married,tertiary,no,1308,yes,no,cellular,yes
3128,32,services,single,secondary,no,-1139,yes,no,cellular,no
3129,46,technician,married,secondary,yes,289,no,no,unknown,no
3130,33,services,divorced,secondary,no,327,yes,no,unknown,no
3131,74,retired,married,secondary,no,9480,no,no,cellular,yes
3132,27,admin.,single,secondary,no,4590,yes,no,cellular,yes
3133,26,management,single,tertiary,no,3,yes,yes,cellular,yes
3134,53,technician,married,secondary,no,100,no,no,cellular,no
3135,73,retired,divorced,tertiary,no,3203,no,no,cellular,yes
3136,48,services,married,secondary,no,1355,no,no,cellular,no
3137,36,technician,married,secondary,no,4613,no,no,cellular,no
3138,54,technician,married,secondary,no,2102,yes,no,cellular,yes
3139,34,management,single,tertiary,no,9,no,no,cellular,no
3140,30,admin.,single,secondary,no,60,no,no,cellular,no
3141,41,blue-collar,married,secondary,no,2039,yes,no,cellular,yes
3142,46,self-employed,single,primary,no,2032,no,no,cellular,no
3143,77,retired,married,primary,no,2590,no,no,telephone,yes
3144,49,services,married,primary,no,468,no,no,cellular,no
3145,60,retired,divorced,tertiary,no,979,yes,no,cellular,yes
3146,49,management,divorced,tertiary,no,696,yes,no,unknown,no
3147,31,blue-collar,married,primary,no,50,yes,no,unknown,no
3148,30,technician,single,tertiary,no,1,no,no,cellular,no
3149,42,blue-collar,married,secondary,no,1958,yes,no,unknown,no
3150,36,technician,single,secondary,no,144,no,no,cellular,no
3151,29,self-employed,married,tertiary,no,2305,no,no,cellular,no
3152,57,retired,married,primary,no,-12,no,yes,cellular,no
3153,66,retired,married,secondary,no,2048,no,no,cellular,yes
3154,60,management,married,tertiary,no,3387,no,no,cellular,no
3155,38,blue-collar,single,tertiary,no,172,yes,no,cellular,yes
3156,38,technician,single,secondary,no,1685,yes,no,unknown,no
3157,33,technician,married,secondary,no,3243,no,no,cellular,yes
3158,46,management,married,tertiary,no,229,yes,no,unknown,no
3159,54,technician,married,tertiary,no,4582,yes,no,unknown,no
3160,35,management,divorced,tertiary,no,6997,yes,no,cellular,yes
3161,63,retired,married,secondary,no,1495,no,no,cellular,yes
3162,52,entrepreneur,married,primary,no,-104,no,yes,cellular,no
3163,32,blue-collar,single,secondary,no,400,no,no,cellular,yes
3164,49,services,married,secondary,no,-8,yes,no,unknown,yes
3165,38,management,divorced,tertiary,no,6368,yes,no,cellular,yes
3166,58,entrepreneur,married,secondary,no,670,yes,no,cellular,yes
3167,34,management,married,tertiary,no,0,yes,no,cellular,yes
3168,52,unemployed,married,secondary,no,94,no,no,cellular,yes
3169,57,unemployed,married,secondary,no,890,no,no,cellular,no
3170,52,entrepreneur,married,secondary,no,1306,no,no,cellular,yes
3171,57,retired,married,secondary,no,5313,no,no,cellular,yes
3172,36,student,single,unknown,no,417,no,no,cellular,yes
3173,40,blue-collar,married,primary,no,278,yes,no,unknown,yes
3174,42,admin.,married,secondary,no,-1386,yes,yes,cellular,no
3175,64,retired,married,primary,no,43,no,no,cellular,yes
3176,59,services,divorced,secondary,no,1,yes,no,cellular,yes
3177,62,retired,married,unknown,no,800,no,no,cellular,yes
3178,27,management,single,secondary,no,145,yes,no,cellular,no
3179,39,technician,married,secondary,no,3494,yes,no,cellular,no
3180,31,services,single,secondary,no,1709,no,yes,telephone,yes
3181,38,management,married,secondary,no,3840,yes,yes,cellular,no
3182,41,technician,married,secondary,no,2152,no,no,cellular,no
3183,26,technician,single,secondary,no,223,no,yes,cellular,yes
3184,47,management,married,tertiary,no,3505,no,no,cellular,yes
3185,22,blue-collar,single,secondary,no,-51,yes,no,cellular,yes
3186,43,retired,married,primary,no,7298,no,no,unknown,no
3187,60,blue-collar,divorced,secondary,no,0,yes,no,unknown,yes
3188,25,blue-collar,single,primary,no,17,yes,no,unknown,no
3189,51,admin.,married,tertiary,no,0,yes,yes,cellular,yes
3190,36,technician,single,secondary,no,0,no,no,cellular,no
3191,47,blue-collar,married,primary,no,4227,yes,no,cellular,yes
3192,41,technician,single,tertiary,no,1646,yes,no,cellular,yes
3193,30,management,single,tertiary,no,5389,no,no,cellular,yes
3194,34,admin.,divorced,secondary,no,140,yes,no,cellular,no
3195,29,technician,married,secondary,no,767,yes,no,cellular,no
3196,34,services,married,secondary,no,2918,no,yes,cellular,yes
3197,42,admin.,divorced,secondary,no,527,no,yes,cellular,yes
3198,32,management,single,tertiary,no,2667,yes,no,cellular,yes
3199,30,self-employed,single,tertiary,no,916,no,no,cellular,yes
3200,44,management,married,tertiary,no,7177,no,no,unknown,no
3201,31,management,married,tertiary,no,6138,no,no,cellular,yes
3202,32,blue-collar,married,secondary,no,2263,no,no,cellular,no
3203,36,management,divorced,tertiary,no,59,no,no,cellular,yes
3204,35,services,married,secondary,no,52,yes,no,cellular,yes
3205,35,technician,married,secondary,no,198,no,no,cellular,no
3206,45,technician,divorced,secondary,no,441,yes,no,cellular,no
3207,60,technician,married,secondary,no,1740,no,no,cellular,yes
3208,38,admin.,married,secondary,no,1767,yes,no,cellular,yes
3209,33,technician,married,secondary,no,177,yes,yes,cellular,no
3210,53,blue-collar,married,secondary,no,2,yes,no,unknown,no
3211,25,technician,single,secondary,no,1231,yes,no,cellular,yes
3212,34,management,single,tertiary,no,1190,no,no,cellular,no
3213,44,services,married,secondary,no,0,yes,yes,cellular,no
3214,33,blue-collar,married,secondary,no,285,no,yes,unknown,no
3215,25,technician,single,secondary,no,325,no,no,cellular,yes
3216,48,management,divorced,secondary,no,769,no,yes,cellular,no
3217,46,blue-collar,married,primary,no,1085,yes,yes,cellular,yes
3218,31,blue-collar,married,secondary,no,1766,no,yes,cellular,yes
3219,48,blue-collar,married,primary,no,134,yes,no,unknown,no
3220,56,blue-collar,married,primary,no,551,no,no,unknown,no
3221,29,unemployed,single,primary,no,1374,no,no,cellular,yes
3222,28,management,single,tertiary,no,320,yes,no,cellular,no
3223,21,admin.,single,secondary,no,524,no,no,cellular,yes
3224,33,blue-collar,married,secondary,no,842,no,no,cellular,no
3225,46,technician,married,secondary,no,332,yes,no,unknown,yes
3226,68,retired,married,secondary,no,1443,no,no,telephone,yes
3227,25,technician,married,secondary,no,-276,yes,no,unknown,no
3228,32,blue-collar,married,primary,no,1504,yes,no,cellular,no
3229,33,blue-collar,married,secondary,no,19,yes,no,cellular,no
3230,39,technician,married,tertiary,no,0,yes,no,cellular,yes
3231,52,retired,married,secondary,no,603,no,yes,unknown,no
3232,51,blue-collar,married,secondary,no,814,yes,no,cellular,no
3233,37,blue-collar,married,secondary,no,2870,yes,no,unknown,no
3234,45,technician,single,secondary,no,586,no,yes,cellular,no
3235,25,student,single,tertiary,no,505,yes,no,cellular,no
3236,57,management,divorced,tertiary,no,408,yes,no,cellular,no
3237,54,blue-collar,married,secondary,no,548,no,no,cellular,yes
3238,36,blue-collar,married,unknown,no,1023,yes,no,cellular,no
3239,57,services,married,secondary,no,84,yes,no,unknown,no
3240,38,admin.,married,secondary,no,46,no,no,cellular,no
3241,62,retired,married,tertiary,no,4692,yes,no,cellular,no
3242,33,admin.,single,tertiary,no,235,yes,no,cellular,yes
3243,35,admin.,married,secondary,no,557,yes,no,cellular,no
3244,34,management,married,tertiary,no,297,yes,no,cellular,no
3245,36,management,single,tertiary,no,181,yes,no,cellular,no
3246,65,management,married,secondary,no,587,no,no,cellular,yes
3247,50,blue-collar,married,primary,no,5872,yes,no,cellular,yes
3248,25,management,married,tertiary,no,-242,yes,yes,cellular,yes
3249,30,technician,single,secondary,no,2567,no,no,cellular,yes
3250,35,technician,married,secondary,no,2019,yes,yes,cellular,no
3251,34,management,married,tertiary,no,271,yes,no,cellular,yes
3252,32,services,married,secondary,no,38,yes,no,cellular,yes
3253,61,retired,married,secondary,no,77,no,no,cellular,yes
3254,41,admin.,divorced,secondary,no,6046,yes,yes,telephone,yes
3255,51,management,single,unknown,no,-461,yes,no,unknown,no
3256,47,management,married,tertiary,no,3663,no,no,cellular,yes
3257,30,blue-collar,married,secondary,no,501,yes,yes,unknown,no
3258,60,retired,married,primary,no,1542,yes,no,unknown,yes
3259,26,admin.,single,tertiary,no,760,yes,no,cellular,yes
3260,31,unemployed,single,tertiary,no,302,no,no,cellular,yes
3261,64,retired,married,secondary,no,4787,no,no,cellular,yes
3262,52,technician,married,tertiary,no,2557,no,no,cellular,yes
3263,35,management,divorced,tertiary,no,457,yes,no,cellular,no
3264,43,technician,married,secondary,no,3285,yes,no,unknown,yes
3265,32,blue-collar,married,secondary,yes,-1,yes,no,unknown,yes
3266,23,technician,single,unknown,no,231,yes,no,cellular,no
3267,27,student,single,tertiary,no,4869,yes,no,cellular,no
3268,59,admin.,married,secondary,no,92,yes,no,cellular,no
3269,65,retired,married,secondary,no,2,no,no,cellular,yes
3270,48,blue-collar,married,secondary,no,292,no,no,cellular,yes
3271,47,unemployed,married,secondary,no,817,no,no,cellular,yes
3272,49,blue-collar,married,primary,yes,-354,no,yes,cellular,no
3273,45,management,married,tertiary,no,1309,no,no,cellular,yes
3274,48,blue-collar,married,primary,no,363,yes,no,unknown,no
3275,32,blue-collar,married,primary,no,1644,no,no,cellular,yes
3276,44,entrepreneur,married,tertiary,no,121,no,no,cellular,yes
3277,57,retired,married,secondary,no,485,no,no,cellular,no
3278,43,unemployed,divorced,secondary,no,1854,no,no,cellular,no
3279,55,technician,single,secondary,no,1199,no,yes,telephone,no
3280,30,blue-collar,married,secondary,no,0,yes,yes,cellular,yes
3281,46,technician,divorced,secondary,no,117,no,no,cellular,no
3282,36,admin.,married,secondary,no,953,yes,no,cellular,no
3283,33,entrepreneur,married,secondary,no,-627,yes,yes,cellular,yes
3284,39,blue-collar,single,primary,no,0,yes,yes,cellular,yes
3285,30,blue-collar,married,secondary,no,5,no,no,cellular,yes
3286,32,management,married,tertiary,no,3696,no,no,unknown,no
3287,42,blue-collar,single,secondary,no,419,no,no,cellular,no
3288,56,blue-collar,married,primary,no,0,yes,no,cellular,yes
3289,32,blue-collar,single,secondary,no,138,yes,no,cellular,no
3290,29,management,single,tertiary,no,874,yes,no,cellular,yes
3291,53,retired,married,primary,no,1068,no,no,cellular,no
3292,39,admin.,married,secondary,no,-367,yes,no,cellular,no
3293,35,technician,married,secondary,no,6,yes,no,cellular,no
3294,49,blue-collar,single,primary,no,566,yes,no,cellular,yes
3295,34,blue-collar,single,secondary,no,4536,yes,no,cellular,yes
3296,57,retired,married,secondary,no,1841,no,no,telephone,yes
3297,57,technician,married,secondary,no,402,yes,no,unknown,no
3298,36,management,married,tertiary,no,539,no,no,cellular,no
3299,51,housemaid,married,primary,no,1337,no,no,telephone,no
3300,39,management,single,tertiary,no,139,no,no,cellular,no
3301,41,technician,divorced,secondary,no,1631,yes,no,cellular,no
3302,38,management,married,tertiary,no,328,no,no,cellular,no
3303,40,management,married,tertiary,no,1855,no,no,telephone,yes
3304,31,management,divorced,tertiary,no,254,no,no,cellular,yes
3305,28,technician,single,secondary,no,631,no,no,cellular,no
3306,52,technician,married,tertiary,no,0,no,no,cellular,yes
3307,44,technician,married,secondary,no,11016,no,no,unknown,no
3308,59,housemaid,married,primary,no,88,yes,no,cellular,no
3309,50,management,married,primary,no,313,no,no,telephone,yes
3310,30,blue-collar,single,secondary,no,1012,yes,no,cellular,no
3311,39,technician,single,tertiary,no,25,yes,no,cellular,yes
3312,59,retired,married,primary,no,2074,no,no,cellular,yes
3313,34,blue-collar,married,secondary,no,1207,yes,no,unknown,yes
3314,20,admin.,single,secondary,no,336,no,yes,cellular,no
3315,36,management,married,secondary,no,1898,yes,yes,unknown,no
3316,59,housemaid,married,secondary,no,1040,no,no,cellular,no
3317,31,admin.,single,secondary,no,747,yes,no,unknown,yes
3318,40,management,married,tertiary,no,158,no,no,telephone,yes
3319,37,blue-collar,married,secondary,no,604,yes,no,cellular,yes
3320,31,blue-collar,married,secondary,no,1406,yes,yes,cellular,yes
3321,30,admin.,single,secondary,no,983,yes,no,cellular,yes
3322,33,technician,married,secondary,no,4,yes,yes,unknown,yes
3323,39,management,married,tertiary,no,-468,yes,yes,cellular,no
3324,41,blue-collar,divorced,secondary,no,5291,yes,no,unknown,yes
3325,34,management,married,tertiary,no,158,no,no,cellular,yes
3326,33,management,single,tertiary,no,0,yes,no,cellular,yes
3327,52,technician,married,secondary,no,930,yes,no,unknown,no
3328,30,management,married,tertiary,no,1235,yes,no,cellular,no
3329,43,admin.,married,secondary,no,132,no,no,cellular,yes
3330,75,retired,married,primary,no,1413,no,no,cellular,yes
3331,72,retired,married,secondary,no,5715,no,no,cellular,yes
3332,42,admin.,married,secondary,no,281,yes,no,unknown,no
3333,47,services,married,secondary,no,1764,no,yes,cellular,no
3334,27,student,single,secondary,no,253,no,no,cellular,yes
3335,27,self-employed,single,tertiary,no,147,no,no,cellular,no
3336,33,management,single,secondary,no,0,no,no,unknown,no
3337,52,technician,married,secondary,no,0,yes,no,cellular,no
3338,35,blue-collar,married,secondary,no,306,no,no,unknown,no
3339,30,admin.,single,secondary,no,154,yes,no,cellular,no
3340,46,blue-collar,married,primary,no,2499,yes,no,unknown,no
3341,32,admin.,single,secondary,no,6981,yes,no,cellular,no
3342,57,blue-collar,married,secondary,no,2058,yes,no,telephone,no
3343,45,technician,married,secondary,no,2571,no,no,unknown,no
3344,33,blue-collar,married,secondary,no,686,yes,yes,telephone,no
3345,30,services,single,secondary,no,495,yes,no,cellular,yes
3346,44,management,single,tertiary,yes,12,yes,no,cellular,no
3347,44,management,married,tertiary,no,1945,no,no,unknown,no
3348,55,management,married,tertiary,no,505,yes,no,cellular,no
3349,35,blue-collar,divorced,secondary,no,0,yes,no,unknown,yes
3350,57,technician,married,secondary,no,950,yes,no,cellular,no
3351,34,technician,single,tertiary,no,925,yes,no,cellular,yes
3352,41,blue-collar,single,secondary,no,75,yes,no,unknown,yes
3353,46,technician,single,tertiary,no,4414,no,no,cellular,yes
3354,28,unknown,single,secondary,no,4465,no,no,cellular,yes
3355,55,technician,married,secondary,no,312,no,no,cellular,no
3356,31,admin.,single,secondary,no,690,no,no,cellular,no
3357,45,admin.,married,secondary,no,205,no,no,cellular,yes
3358,21,student,single,secondary,no,71,no,no,cellular,yes
3359,36,services,divorced,secondary,yes,0,no,yes,cellular,yes
3360,49,entrepreneur,single,secondary,no,5802,no,no,cellular,no
3361,37,management,married,tertiary,no,1689,yes,no,unknown,no
3362,67,retired,married,tertiary,no,3810,no,no,cellular,no
3363,47,blue-collar,married,primary,no,209,no,no,cellular,no
3364,30,blue-collar,single,tertiary,no,297,no,no,cellular,yes
3365,39,blue-collar,single,secondary,no,0,no,no,cellular,yes
3366,37,technician,married,secondary,no,494,yes,no,cellular,no
3367,30,self-employed,single,secondary,no,280,no,no,telephone,no
3368,28,blue-collar,married,secondary,no,1020,yes,no,unknown,no
3369,32,management,single,tertiary,no,2360,no,no,cellular,yes
3370,53,management,divorced,tertiary,no,6388,yes,no,telephone,no
3371,44,blue-collar,married,primary,no,0,yes,no,cellular,no
3372,36,technician,single,secondary,yes,12,no,no,cellular,yes
3373,31,management,single,tertiary,no,153,no,no,cellular,no
3374,38,management,single,secondary,no,399,yes,no,cellular,no
3375,41,admin.,divorced,secondary,no,322,yes,no,unknown,no
3376,48,admin.,married,secondary,no,-30,yes,no,cellular,no
3377,35,technician,divorced,secondary,no,2823,yes,no,cellular,no
3378,25,technician,married,tertiary,no,839,yes,no,cellular,yes
3379,28,self-employed,single,tertiary,no,5215,no,no,cellular,no
3380,77,retired,married,tertiary,no,7802,no,no,telephone,yes
3381,52,management,married,tertiary,no,583,no,no,cellular,yes
3382,43,blue-collar,single,primary,no,0,no,no,unknown,no
3383,35,technician,married,secondary,no,2779,no,no,cellular,yes
3384,32,technician,married,secondary,no,660,no,no,cellular,yes
3385,59,housemaid,married,tertiary,no,0,no,yes,cellular,no
3386,29,services,single,secondary,no,271,yes,no,unknown,yes
3387,29,technician,single,secondary,no,590,no,no,cellular,yes
3388,30,technician,divorced,secondary,no,3028,yes,no,cellular,no
3389,46,management,married,tertiary,no,273,yes,no,cellular,yes
3390,37,blue-collar,married,secondary,no,-67,no,no,cellular,no
3391,36,admin.,married,tertiary,no,211,yes,no,unknown,no
3392,29,blue-collar,married,secondary,no,339,yes,no,cellular,no
3393,62,retired,married,secondary,no,569,no,no,cellular,yes
3394,53,technician,single,tertiary,no,1,no,no,cellular,no
3395,25,blue-collar,single,secondary,no,192,no,no,telephone,no
3396,27,technician,single,secondary,no,3933,no,no,cellular,yes
3397,48,housemaid,single,secondary,no,71,no,no,cellular,no
3398,29,management,single,tertiary,no,0,yes,no,cellular,no
3399,37,management,married,tertiary,no,238,no,no,cellular,yes
3400,35,management,single,tertiary,no,837,no,no,cellular,no
3401,35,management,married,tertiary,no,1471,yes,yes,cellular,no
3402,40,blue-collar,married,primary,no,592,yes,no,cellular,no
3403,55,housemaid,divorced,primary,no,0,no,no,unknown,no
3404,39,admin.,single,secondary,no,2263,yes,yes,telephone,yes
3405,46,blue-collar,married,secondary,no,-3,yes,no,unknown,no
3406,36,blue-collar,married,primary,no,1925,yes,no,cellular,yes
3407,53,blue-collar,married,secondary,no,6112,no,no,cellular,yes
3408,76,housemaid,divorced,primary,no,1411,no,no,telephone,yes
3409,41,admin.,married,secondary,no,338,yes,no,unknown,no
3410,37,management,divorced,secondary,no,16,yes,no,unknown,yes
3411,53,blue-collar,divorced,secondary,no,640,yes,no,cellular,no
3412,41,technician,single,tertiary,no,1104,no,no,unknown,no
3413,28,technician,single,tertiary,no,386,no,no,cellular,yes
3414,28,technician,single,secondary,no,227,no,no,cellular,yes
3415,34,technician,married,secondary,no,390,yes,no,cellular,yes
3416,44,management,single,tertiary,no,1090,no,no,cellular,yes
3417,49,management,single,tertiary,no,151,yes,no,cellular,yes
3418,63,self-employed,married,tertiary,no,-39,no,no,cellular,yes
3419,29,blue-collar,married,primary,no,7,yes,no,cellular,no
3420,46,housemaid,married,secondary,no,271,yes,no,cellular,yes
3421,42,technician,married,secondary,no,994,yes,no,cellular,no
3422,45,blue-collar,married,primary,no,6691,no,no,cellular,no
3423,33,management,single,tertiary,no,718,yes,no,cellular,yes
3424,33,admin.,married,tertiary,no,882,no,no,cellular,yes
3425,34,management,married,tertiary,no,13,yes,no,cellular,no
3426,34,admin.,single,secondary,no,79,yes,no,cellular,no
3427,59,blue-collar,married,primary,no,1939,no,no,cellular,yes
3428,46,management,married,tertiary,no,385,yes,no,unknown,no
3429,44,admin.,married,secondary,no,1074,yes,no,cellular,yes
3430,22,self-employed,single,secondary,no,2138,no,yes,cellular,yes
3431,29,management,married,tertiary,no,1387,yes,no,cellular,yes
3432,27,services,married,secondary,no,0,yes,no,cellular,yes
3433,34,management,single,unknown,no,6013,yes,no,cellular,yes
3434,38,services,married,tertiary,no,563,yes,no,cellular,no
3435,46,services,divorced,unknown,no,973,no,no,cellular,no
3436,29,blue-collar,married,primary,no,59,yes,yes,cellular,no
3437,34,blue-collar,married,secondary,no,1682,yes,yes,cellular,no
3438,33,management,divorced,tertiary,yes,280,no,yes,cellular,no
3439,41,admin.,divorced,secondary,no,2550,yes,no,cellular,no
3440,41,housemaid,married,primary,no,365,no,no,cellular,no
3441,41,admin.,married,tertiary,no,1,yes,no,telephone,yes
3442,36,services,single,tertiary,no,1189,no,no,cellular,yes
3443,47,blue-collar,married,primary,no,550,yes,no,unknown,no
3444,59,retired,married,secondary,no,417,yes,no,cellular,no
3445,52,blue-collar,married,secondary,no,665,yes,no,unknown,no
3446,35,blue-collar,single,primary,no,-276,yes,no,cellular,yes
3447,32,management,married,tertiary,no,937,no,no,cellular,no
3448,56,services,divorced,secondary,no,191,no,no,cellular,no
3449,36,admin.,single,secondary,no,1328,no,no,cellular,no
3450,38,blue-collar,married,unknown,no,0,yes,no,cellular,no
3451,59,unknown,married,unknown,no,1541,no,no,cellular,no
3452,37,technician,married,secondary,no,1580,no,no,cellular,no
3453,32,technician,single,secondary,no,230,yes,no,cellular,yes
3454,35,blue-collar,single,unknown,no,484,no,no,cellular,yes
3455,44,technician,married,secondary,no,135,yes,no,cellular,no
3456,28,management,single,tertiary,no,12956,yes,no,cellular,yes
3457,79,retired,married,primary,no,3025,no,no,cellular,yes
3458,37,management,single,tertiary,no,1027,yes,no,cellular,yes
3459,27,admin.,single,secondary,no,261,yes,yes,cellular,yes
3460,25,admin.,single,secondary,no,131,yes,yes,unknown,no
3461,35,admin.,married,tertiary,no,286,no,no,cellular,yes
3462,29,admin.,single,secondary,no,1027,yes,no,cellular,yes
3463,27,student,single,tertiary,no,3733,yes,no,telephone,yes
3464,51,blue-collar,married,primary,no,230,yes,no,unknown,no
3465,35,self-employed,single,tertiary,no,71,no,no,cellular,yes
3466,67,retired,married,tertiary,no,701,no,no,cellular,yes
3467,57,retired,married,secondary,no,168,no,no,cellular,yes
3468,84,retired,married,tertiary,no,4761,no,no,telephone,yes
3469,31,management,divorced,tertiary,no,883,yes,no,cellular,yes
3470,75,retired,married,tertiary,no,2991,no,no,cellular,yes
3471,23,student,single,secondary,no,556,yes,no,cellular,no
3472,53,self-employed,married,tertiary,no,290,no,yes,cellular,no
3473,49,technician,married,secondary,no,308,no,no,cellular,no
3474,44,admin.,married,secondary,no,1248,yes,yes,cellular,no
3475,54,housemaid,married,primary,no,3151,no,no,unknown,no
3476,33,admin.,single,tertiary,no,193,no,no,unknown,no
3477,33,management,married,tertiary,no,322,yes,no,cellular,no
3478,57,admin.,divorced,secondary,no,-461,yes,yes,unknown,no
3479,31,management,married,tertiary,no,1224,yes,yes,cellular,no
3480,35,housemaid,single,primary,no,745,no,no,telephone,yes
3481,39,technician,divorced,secondary,no,507,no,no,cellular,no
3482,50,technician,divorced,secondary,no,0,no,no,cellular,yes
3483,29,management,single,tertiary,no,268,no,no,cellular,yes
3484,49,technician,single,unknown,no,350,no,no,cellular,no
3485,28,technician,single,tertiary,no,387,yes,no,cellular,yes
3486,48,blue-collar,divorced,primary,no,0,no,no,unknown,no
3487,40,technician,single,tertiary,no,1175,no,no,cellular,yes
3488,31,blue-collar,married,secondary,no,3311,yes,no,unknown,yes
3489,34,entrepreneur,married,secondary,no,3119,yes,no,unknown,no
3490,43,management,married,secondary,no,373,yes,no,unknown,no
3491,51,technician,married,secondary,no,-1944,yes,no,cellular,yes
3492,37,management,married,tertiary,no,630,no,no,cellular,yes
3493,55,management,married,secondary,no,2693,no,no,cellular,yes
3494,53,unemployed,divorced,secondary,no,587,no,no,cellular,yes
3495,41,blue-collar,married,secondary,no,0,yes,no,cellular,no
3496,37,services,single,secondary,no,1045,no,no,cellular,yes
3497,22,student,single,secondary,no,1522,no,no,cellular,yes
3498,35,blue-collar,divorced,primary,no,300,yes,no,unknown,yes
3499,56,management,married,unknown,no,4623,no,no,cellular,yes
3500,34,technician,single,secondary,no,85,yes,no,unknown,yes
3501,39,management,married,secondary,no,1880,no,no,cellular,yes
3502,53,blue-collar,divorced,primary,no,559,no,no,telephone,no
3503,36,entrepreneur,single,secondary,no,296,no,no,cellular,no
3504,53,technician,married,secondary,no,6,yes,no,unknown,no
3505,62,blue-collar,married,secondary,no,272,no,no,cellular,yes
3506,49,technician,single,secondary,no,1202,yes,no,unknown,no
3507,54,admin.,married,primary,no,976,yes,no,unknown,no
3508,44,blue-collar,married,tertiary,no,2185,yes,no,unknown,no
3509,54,management,divorced,tertiary,no,3473,yes,no,cellular,no
3510,35,technician,married,tertiary,no,328,yes,no,cellular,yes
3511,35,services,single,primary,no,167,no,yes,cellular,yes
3512,33,admin.,single,secondary,no,-15,no,no,telephone,no
3513,37,technician,single,tertiary,no,6101,no,no,cellular,no
3514,36,management,married,tertiary,no,23,no,no,cellular,no
3515,37,management,married,tertiary,no,108,yes,yes,cellular,yes
3516,37,technician,divorced,secondary,no,3068,yes,yes,cellular,yes
3517,32,technician,single,secondary,no,10,no,no,cellular,no
3518,39,blue-collar,divorced,secondary,no,0,yes,no,cellular,no
3519,37,entrepreneur,married,tertiary,no,342,yes,no,unknown,no
3520,29,services,single,tertiary,no,1788,no,no,cellular,yes
3521,27,technician,married,secondary,no,58,yes,no,unknown,no
3522,57,retired,married,unknown,no,230,no,no,cellular,yes
3523,41,unemployed,divorced,secondary,no,271,yes,no,unknown,no
3524,30,technician,single,secondary,no,1286,no,no,telephone,no
3525,50,admin.,single,secondary,no,167,no,yes,cellular,no
3526,61,retired,married,primary,no,3738,no,no,telephone,no
3527,38,blue-collar,married,secondary,no,292,yes,yes,unknown,no
3528,39,blue-collar,married,primary,no,34,yes,no,unknown,no
3529,50,technician,married,tertiary,no,2313,no,no,cellular,yes
3530,30,management,single,tertiary,no,572,no,no,cellular,yes
3531,56,blue-collar,married,secondary,no,1521,yes,yes,cellular,no
3532,24,technician,married,secondary,no,556,yes,no,cellular,yes
3533,32,entrepreneur,married,secondary,no,390,no,no,cellular,yes
3534,53,technician,married,secondary,no,1982,yes,yes,cellular,yes
3535,38,services,divorced,primary,no,92,yes,yes,unknown,no
3536,46,self-employed,divorced,secondary,no,0,no,no,unknown,no
3537,27,technician,married,secondary,no,241,no,yes,unknown,no
3538,54,management,married,tertiary,no,1114,yes,no,cellular,no
3539,73,retired,married,primary,no,1388,no,no,cellular,no
3540,44,management,married,unknown,no,21,no,no,cellular,no
3541,49,retired,married,primary,no,-37,no,no,unknown,no
3542,52,services,married,secondary,no,1000,no,no,cellular,yes
3543,35,technician,single,tertiary,no,5301,no,no,cellular,yes
3544,40,technician,single,secondary,no,5637,yes,no,unknown,yes
3545,43,technician,married,secondary,no,2344,yes,no,unknown,no
3546,36,management,married,tertiary,no,495,no,no,cellular,yes
3547,43,blue-collar,married,secondary,no,576,yes,yes,unknown,no
3548,45,technician,single,tertiary,no,5336,no,no,unknown,no
3549,57,retired,married,secondary,no,427,no,no,cellular,no
3550,64,self-employed,married,tertiary,no,661,no,no,cellular,yes
3551,32,management,married,tertiary,no,2431,yes,no,cellular,yes
3552,43,management,married,tertiary,no,1429,yes,no,cellular,yes
3553,30,technician,single,secondary,no,2734,no,no,cellular,yes
3554,43,technician,divorced,secondary,no,-36,yes,no,cellular,no
3555,41,blue-collar,married,primary,no,3658,yes,no,cellular,no
3556,33,services,married,primary,no,908,yes,yes,cellular,no
3557,28,admin.,single,tertiary,no,373,yes,no,cellular,no
3558,35,technician,married,secondary,no,294,yes,no,cellular,yes
3559,42,management,single,tertiary,no,525,no,no,cellular,no
3560,40,management,single,tertiary,no,1509,no,no,cellular,no
3561,73,retired,married,secondary,no,2850,no,no,cellular,yes
3562,35,blue-collar,married,primary,yes,-1489,yes,yes,unknown,no
3563,45,services,married,secondary,no,0,no,no,unknown,no
3564,29,management,single,tertiary,no,600,yes,no,cellular,no
3565,32,management,single,tertiary,no,111,yes,no,unknown,no
3566,33,blue-collar,married,primary,no,-191,yes,yes,cellular,yes
3567,58,retired,divorced,secondary,no,1080,yes,no,cellular,yes
3568,46,entrepreneur,married,tertiary,no,1920,no,no,cellular,yes
3569,43,technician,married,secondary,no,4945,yes,no,cellular,yes
3570,47,admin.,married,secondary,no,298,yes,no,cellular,no
3571,21,student,single,primary,no,423,no,no,cellular,yes
3572,45,technician,married,secondary,no,144,yes,yes,cellular,no
3573,30,blue-collar,married,secondary,no,631,yes,no,cellular,no
3574,37,management,single,tertiary,no,0,no,no,cellular,no
3575,23,blue-collar,married,secondary,no,272,no,no,cellular,yes
3576,39,services,married,secondary,no,208,no,yes,cellular,no
3577,38,management,divorced,tertiary,no,76,no,no,cellular,no
3578,25,admin.,single,secondary,no,120,yes,no,unknown,no
3579,29,blue-collar,single,secondary,no,-20,no,yes,cellular,yes
3580,46,blue-collar,single,tertiary,no,283,no,no,cellular,yes
3581,29,blue-collar,married,primary,no,-382,yes,no,cellular,no
3582,45,blue-collar,married,primary,no,101,yes,no,unknown,yes
3583,40,self-employed,single,tertiary,no,1616,no,no,telephone,yes
3584,24,blue-collar,single,secondary,no,167,no,yes,cellular,yes
3585,26,blue-collar,married,secondary,no,-11,yes,yes,cellular,yes
3586,35,blue-collar,married,primary,no,0,no,no,cellular,no
3587,31,management,single,secondary,no,1310,yes,no,cellular,no
3588,26,admin.,single,secondary,yes,0,yes,no,cellular,no
3589,35,technician,single,tertiary,no,2453,yes,no,cellular,no
3590,47,technician,divorced,tertiary,no,8422,no,no,cellular,no
3591,47,blue-collar,married,secondary,no,1996,no,no,unknown,yes
3592,55,unknown,married,secondary,no,1157,no,no,cellular,no
3593,33,management,married,tertiary,no,22867,yes,no,cellular,yes
3594,31,blue-collar,single,secondary,no,953,yes,no,cellular,yes
3595,42,management,divorced,tertiary,no,461,yes,no,unknown,no
3596,39,blue-collar,married,secondary,no,661,yes,no,cellular,no
3597,27,blue-collar,married,primary,no,416,yes,no,unknown,yes
3598,53,technician,married,tertiary,no,395,no,no,cellular,yes
3599,31,blue-collar,divorced,secondary,no,-277,yes,no,telephone,yes
3600,52,admin.,single,secondary,no,2398,yes,no,cellular,yes
3601,44,services,divorced,secondary,no,608,yes,yes,unknown,no
3602,57,unemployed,married,tertiary,no,209,no,no,unknown,no
3603,54,self-employed,married,tertiary,no,990,no,no,cellular,yes
3604,76,retired,married,secondary,no,4112,no,no,telephone,yes
3605,51,services,divorced,secondary,no,65,no,yes,cellular,yes
3606,31,services,single,secondary,no,3,yes,no,cellular,no
3607,32,self-employed,married,secondary,no,1942,yes,no,unknown,no
3608,38,management,single,tertiary,no,455,yes,no,cellular,yes
3609,32,unemployed,married,secondary,no,262,no,no,cellular,no
3610,25,student,single,secondary,no,1608,no,no,cellular,yes
3611,36,technician,married,secondary,no,368,yes,yes,unknown,yes
3612,35,management,married,tertiary,no,0,yes,yes,cellular,no
3613,40,admin.,married,secondary,no,-283,no,no,unknown,no
3614,31,technician,single,secondary,no,1170,yes,no,unknown,no
3615,57,management,married,tertiary,no,375,no,no,cellular,yes
3616,51,blue-collar,married,primary,no,844,yes,no,unknown,no
3617,51,admin.,married,secondary,no,2662,no,no,telephone,no
3618,26,student,single,unknown,no,19,no,no,telephone,no
3619,55,housemaid,married,secondary,no,127,yes,no,telephone,yes
3620,46,admin.,married,secondary,no,22,no,no,cellular,yes
3621,37,services,married,secondary,no,1543,yes,no,cellular,yes
3622,34,blue-collar,married,secondary,no,751,yes,yes,cellular,yes
3623,38,technician,married,secondary,no,318,no,no,cellular,yes
3624,29,admin.,married,tertiary,no,332,no,no,cellular,yes
3625,37,technician,single,secondary,no,1130,no,no,cellular,yes
3626,33,blue-collar,married,secondary,no,312,yes,no,unknown,no
3627,37,technician,single,secondary,no,3326,yes,no,unknown,yes
3628,62,management,married,secondary,no,1128,no,no,cellular,yes
3629,47,management,divorced,tertiary,no,107,no,no,unknown,no
3630,34,blue-collar,single,secondary,no,2764,yes,no,cellular,no
3631,31,technician,single,tertiary,no,176,no,no,cellular,no
3632,49,unemployed,married,secondary,no,13818,no,no,cellular,no
3633,38,admin.,married,secondary,no,47,yes,no,cellular,yes
3634,51,self-employed,married,unknown,no,2094,no,no,cellular,yes
3635,35,admin.,married,secondary,yes,76,no,yes,unknown,no
3636,30,admin.,married,secondary,no,-170,yes,yes,unknown,no
3637,42,blue-collar,married,secondary,no,108,yes,no,telephone,no
3638,28,admin.,single,secondary,no,154,yes,no,cellular,yes
3639,30,blue-collar,married,secondary,no,278,yes,yes,unknown,yes
3640,37,blue-collar,married,secondary,yes,-399,yes,yes,unknown,no
3641,35,management,divorced,tertiary,no,141,no,yes,cellular,yes
3642,69,retired,married,secondary,no,0,no,no,cellular,yes
3643,60,blue-collar,married,primary,no,4903,no,yes,unknown,no
3644,33,management,married,tertiary,no,516,yes,no,cellular,no
3645,42,management,married,tertiary,no,-700,yes,no,unknown,no
3646,70,retired,married,primary,no,2795,no,no,cellular,yes
3647,76,retired,married,primary,no,1492,no,no,telephone,yes
3648,32,admin.,single,secondary,no,344,no,no,cellular,yes
3649,64,retired,married,secondary,no,1574,no,no,telephone,yes
3650,24,student,single,secondary,no,23878,no,no,cellular,yes
3651,36,unemployed,single,secondary,no,115,no,no,cellular,no
3652,25,services,divorced,secondary,no,1694,no,no,cellular,no
3653,34,services,married,secondary,no,24,yes,no,unknown,no
3654,22,student,single,secondary,no,552,no,no,cellular,yes
3655,29,technician,single,secondary,no,706,yes,no,cellular,yes
3656,33,management,single,tertiary,no,191,no,yes,cellular,no
3657,32,services,married,secondary,no,-34,yes,no,unknown,yes
3658,38,blue-collar,married,primary,no,5839,yes,no,unknown,yes
3659,26,blue-collar,single,secondary,no,592,yes,yes,unknown,no
3660,33,services,married,secondary,no,387,yes,no,cellular,no
3661,37,entrepreneur,married,primary,no,8,yes,yes,cellular,no
3662,58,management,single,tertiary,no,1387,yes,no,telephone,no
3663,37,admin.,married,secondary,no,1314,yes,no,cellular,no
3664,69,retired,married,secondary,no,3588,yes,no,cellular,yes
3665,36,technician,married,tertiary,no,521,no,no,cellular,yes
3666,36,management,married,tertiary,no,93,no,no,cellular,yes
3667,53,management,married,tertiary,no,2578,no,no,cellular,no
3668,42,blue-collar,married,secondary,no,443,yes,no,unknown,yes
3669,75,retired,divorced,secondary,no,2199,no,no,telephone,no
3670,35,management,single,tertiary,no,2646,no,no,cellular,yes
3671,39,self-employed,divorced,secondary,no,0,yes,no,unknown,no
3672,27,technician,married,tertiary,no,8,yes,yes,cellular,no
3673,61,housemaid,married,primary,no,211,no,no,cellular,yes
3674,58,management,married,tertiary,no,3768,yes,no,unknown,no
3675,59,retired,married,unknown,no,1033,no,no,unknown,yes
3676,33,admin.,married,secondary,no,920,no,no,cellular,yes
3677,28,services,single,secondary,no,458,no,no,cellular,no
3678,27,management,married,tertiary,no,802,no,no,cellular,yes
3679,61,management,married,tertiary,no,3371,no,no,cellular,yes
3680,77,retired,divorced,primary,no,639,no,no,telephone,no
3681,45,technician,single,tertiary,no,0,no,no,cellular,no
3682,37,management,single,tertiary,no,427,yes,no,unknown,no
3683,55,admin.,married,secondary,no,139,no,no,cellular,yes
3684,32,blue-collar,married,primary,no,3136,yes,no,cellular,yes
3685,52,retired,married,tertiary,no,2269,no,no,unknown,yes
3686,40,blue-collar,married,primary,no,34,yes,no,cellular,no
3687,35,management,married,tertiary,no,1731,no,no,cellular,yes
3688,31,management,single,tertiary,no,924,no,no,cellular,yes
3689,35,housemaid,single,secondary,no,1015,yes,no,unknown,yes
3690,31,management,single,tertiary,no,15,no,no,cellular,no
3691,56,blue-collar,married,primary,no,0,yes,no,cellular,no
3692,54,management,married,tertiary,no,195,no,yes,cellular,no
3693,45,admin.,married,secondary,no,476,no,no,cellular,yes
3694,51,self-employed,married,secondary,no,4920,no,no,telephone,no
3695,54,blue-collar,married,primary,no,316,yes,no,cellular,no
3696,34,unemployed,single,secondary,no,1965,no,no,telephone,yes
3697,40,blue-collar,married,secondary,no,5060,no,no,cellular,yes
3698,40,blue-collar,married,primary,no,2129,yes,no,cellular,no
3699,38,management,married,tertiary,no,1617,yes,no,cellular,no
3700,26,student,single,tertiary,no,39,no,no,cellular,yes
3701,35,services,single,secondary,no,1742,yes,no,cellular,no
3702,28,technician,married,secondary,no,655,yes,no,unknown,no
3703,33,services,married,secondary,no,1697,no,no,cellular,yes
3704,60,retired,divorced,tertiary,no,439,no,yes,cellular,yes
3705,33,self-employed,married,tertiary,no,263,no,no,cellular,no
3706,60,admin.,single,secondary,no,473,no,no,cellular,no
3707,48,management,married,tertiary,no,0,no,yes,cellular,yes
3708,27,technician,single,tertiary,no,401,no,no,cellular,yes
3709,73,retired,married,primary,no,279,no,no,cellular,yes
3710,33,management,single,tertiary,no,935,no,no,cellular,yes
3711,53,blue-collar,married,primary,no,421,yes,no,cellular,yes
3712,48,services,single,primary,no,-139,no,no,cellular,no
3713,35,management,single,tertiary,no,565,yes,no,unknown,yes
3714,34,technician,single,secondary,yes,103,yes,yes,cellular,no
3715,39,technician,single,tertiary,no,393,no,no,cellular,yes
3716,28,admin.,divorced,secondary,no,451,yes,no,cellular,yes
3717,24,services,single,secondary,no,638,yes,yes,cellular,yes
3718,38,services,divorced,unknown,no,6360,no,no,unknown,yes
3719,23,student,single,tertiary,no,0,no,no,cellular,yes
3720,52,technician,divorced,secondary,no,1005,yes,no,cellular,yes
3721,38,management,single,tertiary,no,3646,yes,no,cellular,yes
3722,34,management,single,tertiary,no,76,yes,no,cellular,yes
3723,47,management,single,tertiary,no,0,no,no,cellular,no
3724,35,blue-collar,married,secondary,no,260,yes,no,telephone,no
3725,40,technician,married,secondary,no,66,yes,no,unknown,no
3726,50,blue-collar,married,primary,no,0,no,no,unknown,no
3727,42,technician,married,tertiary,no,1079,no,no,cellular,no
3728,52,services,married,primary,no,306,yes,no,cellular,yes
3729,60,management,married,tertiary,no,553,yes,no,cellular,no
3730,31,management,married,tertiary,no,1224,yes,yes,cellular,yes
3731,95,retired,divorced,primary,no,2282,no,no,telephone,yes
3732,27,services,single,secondary,no,266,no,yes,cellular,no
3733,20,student,single,secondary,no,130,no,no,telephone,no
3734,25,technician,single,secondary,no,938,no,no,cellular,yes
3735,34,management,married,secondary,no,1007,yes,no,cellular,no
3736,46,blue-collar,married,unknown,no,336,yes,no,cellular,yes
3737,40,management,married,primary,no,738,yes,yes,cellular,no
3738,49,blue-collar,divorced,primary,no,24,yes,no,cellular,yes
3739,41,technician,single,secondary,no,650,yes,no,cellular,yes
3740,25,management,single,tertiary,no,808,no,no,cellular,yes
3741,23,services,single,secondary,no,488,no,no,cellular,yes
3742,42,blue-collar,married,unknown,no,1154,yes,no,cellular,no
3743,42,blue-collar,married,secondary,no,2913,no,no,cellular,yes
3744,45,unemployed,married,secondary,no,2040,no,no,telephone,yes
3745,33,blue-collar,married,secondary,no,-112,yes,no,unknown,no
3746,30,management,married,tertiary,no,0,no,no,cellular,no
3747,29,self-employed,single,tertiary,no,1579,no,no,cellular,yes
3748,38,management,married,tertiary,no,1276,no,no,cellular,yes
3749,52,services,married,unknown,no,482,yes,yes,cellular,no
3750,42,technician,married,secondary,no,4466,no,no,cellular,no
3751,60,blue-collar,divorced,secondary,no,1310,no,no,unknown,no
3752,55,blue-collar,married,primary,no,-79,no,yes,unknown,no
3753,36,management,divorced,tertiary,no,1057,no,no,cellular,yes
3754,44,technician,single,tertiary,no,2033,no,no,cellular,yes
3755,24,self-employed,single,tertiary,no,91,yes,no,cellular,no
3756,55,unemployed,divorced,secondary,no,309,no,no,cellular,yes
3757,53,management,married,tertiary,no,15,no,no,cellular,yes
3758,27,services,single,secondary,no,-195,yes,no,cellular,yes
3759,27,student,single,secondary,no,538,no,no,cellular,yes
3760,53,technician,married,tertiary,no,673,yes,no,cellular,no
3761,37,services,divorced,secondary,no,49,yes,no,unknown,yes
3762,30,student,single,tertiary,no,2539,no,no,telephone,yes
3763,36,services,married,secondary,no,297,yes,yes,cellular,no
3764,79,retired,divorced,primary,no,2787,no,no,telephone,yes
3765,51,blue-collar,married,primary,no,1694,no,no,cellular,no
3766,37,management,married,tertiary,no,0,yes,no,cellular,yes
3767,32,technician,single,tertiary,no,1855,no,no,cellular,yes
3768,34,technician,single,secondary,no,666,no,no,cellular,yes
3769,39,services,married,secondary,no,25,yes,yes,cellular,yes
3770,45,management,divorced,tertiary,no,6200,no,no,cellular,no
3771,31,blue-collar,married,secondary,no,892,yes,no,cellular,no
3772,47,technician,married,secondary,no,1167,yes,no,cellular,yes
3773,60,blue-collar,married,secondary,no,2879,yes,no,cellular,no
3774,78,retired,divorced,unknown,no,2628,no,no,telephone,no
3775,60,admin.,married,unknown,no,4629,yes,no,cellular,yes
3776,36,technician,married,secondary,no,283,yes,yes,unknown,no
3777,49,admin.,married,secondary,no,167,no,yes,cellular,no
3778,48,blue-collar,married,primary,no,343,no,no,unknown,no
3779,36,unemployed,single,tertiary,no,1291,no,no,cellular,yes
3780,29,management,single,tertiary,no,15459,no,no,cellular,yes
3781,37,management,married,tertiary,no,1113,no,no,cellular,yes
3782,53,technician,divorced,primary,no,1443,yes,no,unknown,yes
3783,34,blue-collar,married,primary,no,455,yes,no,unknown,no
3784,57,admin.,single,secondary,no,5768,yes,no,unknown,yes
3785,26,management,married,tertiary,no,775,no,no,unknown,no
3786,35,management,married,tertiary,no,71,yes,no,cellular,no
3787,28,technician,single,tertiary,no,11862,no,no,cellular,yes
3788,28,student,single,secondary,no,0,no,no,cellular,yes
3789,48,housemaid,single,secondary,no,1042,no,no,telephone,no
3790,26,technician,single,secondary,no,1105,yes,no,cellular,yes
3791,73,retired,married,primary,no,934,no,no,cellular,yes
3792,32,technician,single,tertiary,no,-770,yes,no,cellular,yes
3793,48,technician,married,secondary,no,1526,no,no,cellular,no
3794,57,blue-collar,married,primary,no,2112,no,no,cellular,yes
3795,30,technician,single,tertiary,no,3086,yes,no,cellular,no
3796,35,unemployed,single,primary,no,68,no,no,cellular,yes
3797,66,retired,married,tertiary,no,3,no,no,cellular,yes
3798,45,blue-collar,married,primary,no,700,yes,no,telephone,no
3799,29,student,single,secondary,no,658,no,no,cellular,yes
3800,45,self-employed,married,secondary,no,2278,no,no,unknown,no
3801,30,management,single,tertiary,no,536,no,no,cellular,yes
3802,37,entrepreneur,married,secondary,no,-170,yes,no,unknown,no
3803,36,blue-collar,single,secondary,no,2596,no,no,unknown,no
3804,55,admin.,married,secondary,no,865,yes,no,cellular,no
3805,34,technician,married,secondary,no,2019,yes,yes,unknown,no
3806,34,services,married,secondary,no,1182,yes,no,unknown,no
3807,46,management,divorced,secondary,no,0,no,no,cellular,yes
3808,39,management,married,secondary,no,363,yes,yes,cellular,no
3809,47,blue-collar,married,primary,no,-245,yes,yes,unknown,no
3810,59,admin.,married,secondary,no,2145,no,no,telephone,no
3811,51,housemaid,divorced,secondary,no,9228,no,no,cellular,yes
3812,34,services,married,secondary,no,295,yes,yes,cellular,no
3813,30,management,single,tertiary,no,2,no,no,cellular,no
3814,33,management,single,tertiary,no,718,yes,no,cellular,yes
3815,33,self-employed,divorced,tertiary,no,454,no,yes,cellular,no
3816,45,blue-collar,married,secondary,no,2246,yes,yes,cellular,no
3817,45,management,married,unknown,no,2724,no,no,cellular,yes
3818,32,management,single,tertiary,no,131,yes,no,cellular,no
3819,29,technician,single,tertiary,no,1669,no,no,cellular,yes
3820,46,technician,married,tertiary,no,0,no,no,unknown,no
3821,39,admin.,married,secondary,no,150,no,no,cellular,yes
3822,57,management,married,tertiary,no,473,no,no,cellular,yes
3823,34,management,married,tertiary,no,1778,no,no,cellular,yes
3824,45,technician,single,tertiary,no,1591,no,no,cellular,no
3825,41,blue-collar,married,secondary,no,306,yes,no,telephone,no
3826,47,services,single,unknown,no,1784,no,no,cellular,yes
3827,28,student,single,tertiary,no,61,yes,no,cellular,no
3828,30,services,married,secondary,no,271,yes,no,unknown,no
3829,32,management,single,tertiary,no,819,yes,no,cellular,yes
3830,45,blue-collar,divorced,primary,no,594,yes,no,unknown,yes
3831,39,technician,single,secondary,no,391,no,yes,cellular,yes
3832,45,blue-collar,single,secondary,no,0,no,no,cellular,yes
3833,28,admin.,single,secondary,no,0,yes,yes,cellular,yes
3834,60,management,married,unknown,no,264,no,no,telephone,yes
3835,55,management,married,unknown,no,3122,no,no,cellular,yes
3836,57,retired,married,secondary,no,3738,yes,no,cellular,no
3837,34,management,married,tertiary,no,0,yes,no,cellular,yes
3838,49,blue-collar,married,secondary,no,298,yes,no,cellular,no
3839,35,technician,single,tertiary,no,670,no,no,cellular,yes
3840,43,management,married,tertiary,no,0,yes,no,cellular,no
3841,36,blue-collar,divorced,secondary,no,2278,yes,no,unknown,no
3842,45,management,married,tertiary,no,81,no,yes,cellular,no
3843,30,services,single,secondary,no,-271,yes,no,cellular,yes
3844,31,technician,married,secondary,no,180,no,no,cellular,no
3845,38,technician,married,tertiary,no,940,no,no,cellular,no
3846,80,retired,married,secondary,no,668,no,no,telephone,yes
3847,34,technician,single,tertiary,no,1039,no,no,cellular,no
3848,28,services,single,secondary,no,168,yes,no,cellular,no
3849,50,blue-collar,married,primary,no,9301,yes,no,cellular,no
3850,36,blue-collar,married,secondary,no,199,yes,no,cellular,no
3851,57,retired,married,secondary,no,519,yes,no,unknown,no
3852,31,technician,married,secondary,no,4,no,no,unknown,no
3853,32,blue-collar,single,unknown,no,258,yes,no,cellular,no
3854,32,management,single,tertiary,no,46,no,no,cellular,yes
3855,42,blue-collar,married,secondary,no,413,yes,no,cellular,yes
3856,59,entrepreneur,married,primary,no,124,yes,no,cellular,no
3857,51,retired,single,tertiary,no,730,yes,no,unknown,no
3858,42,services,married,secondary,no,1165,yes,no,cellular,no
3859,56,management,divorced,tertiary,no,4266,yes,no,unknown,yes
3860,41,blue-collar,married,secondary,no,196,yes,no,unknown,no
3861,45,technician,married,secondary,no,351,yes,no,telephone,no
3862,33,self-employed,single,tertiary,no,61,no,no,cellular,yes
3863,44,blue-collar,married,unknown,no,146,yes,no,unknown,yes
3864,39,blue-collar,divorced,primary,no,1317,yes,no,cellular,yes
3865,48,admin.,single,secondary,no,1544,yes,no,telephone,yes
3866,28,services,married,secondary,no,510,yes,yes,cellular,yes
3867,47,blue-collar,married,secondary,no,665,no,no,cellular,no
3868,60,retired,divorced,secondary,no,-639,yes,no,cellular,yes
3869,35,entrepreneur,married,secondary,no,1309,yes,no,cellular,no
3870,43,management,married,tertiary,no,149,yes,no,unknown,yes
3871,47,admin.,single,secondary,no,3696,no,no,cellular,yes
3872,35,technician,single,tertiary,no,13460,yes,no,cellular,yes
3873,42,admin.,single,secondary,no,1022,yes,no,unknown,no
3874,31,technician,single,secondary,no,53,yes,yes,cellular,yes
3875,30,management,single,tertiary,no,3410,yes,no,cellular,no
3876,36,services,married,secondary,no,145,yes,no,cellular,no
3877,22,housemaid,single,secondary,no,1796,no,no,cellular,yes
3878,38,blue-collar,married,secondary,no,360,yes,no,unknown,no
3879,57,retired,married,tertiary,no,138,no,no,unknown,no
3880,46,unemployed,married,secondary,no,2940,yes,no,unknown,no
3881,36,technician,married,tertiary,no,911,yes,yes,cellular,no
3882,26,blue-collar,single,secondary,no,-128,no,yes,cellular,no
3883,31,unemployed,divorced,tertiary,no,256,yes,no,cellular,yes
3884,56,blue-collar,married,secondary,no,316,yes,no,unknown,no
3885,45,management,single,tertiary,no,4831,no,no,cellular,yes
3886,64,retired,married,primary,no,48,no,no,cellular,yes
3887,23,student,single,secondary,no,8494,no,no,cellular,no
3888,32,self-employed,married,tertiary,no,1464,no,no,telephone,no
3889,43,technician,married,tertiary,no,591,yes,no,cellular,no
3890,24,blue-collar,single,primary,no,1033,yes,no,cellular,no
3891,55,services,married,unknown,no,2944,no,no,cellular,yes
3892,46,management,single,secondary,no,244,yes,no,unknown,no
3893,31,management,single,tertiary,no,3384,no,no,cellular,yes
3894,34,services,married,secondary,no,1637,yes,no,cellular,no
3895,42,blue-collar,married,secondary,no,1598,yes,yes,cellular,yes
3896,36,blue-collar,married,primary,no,243,yes,yes,unknown,no
3897,26,management,single,tertiary,no,-8,no,no,cellular,no
3898,38,services,single,primary,no,-87,yes,no,cellular,no
3899,30,management,married,tertiary,no,2994,yes,no,cellular,no
3900,52,management,married,tertiary,no,4358,no,no,telephone,no
3901,29,self-employed,married,tertiary,no,242,yes,no,cellular,no
3902,73,retired,married,unknown,no,519,no,no,telephone,yes
3903,46,services,married,secondary,no,-522,yes,no,cellular,no
3904,26,management,single,tertiary,no,3,yes,no,cellular,no
3905,44,admin.,married,secondary,no,1042,yes,no,cellular,no
3906,41,services,married,primary,no,0,yes,no,cellular,no
3907,39,technician,single,secondary,no,1104,no,no,cellular,no
3908,64,retired,married,primary,no,12067,no,no,telephone,yes
3909,27,student,single,unknown,no,132,no,no,cellular,yes
3910,31,unknown,married,secondary,no,111,no,no,cellular,yes
3911,36,admin.,divorced,secondary,no,1224,yes,no,cellular,yes
3912,38,admin.,married,secondary,no,4874,no,no,unknown,no
3913,50,admin.,married,secondary,no,736,yes,no,unknown,no
3914,36,technician,married,tertiary,no,341,no,no,cellular,yes
3915,34,technician,divorced,tertiary,no,66,no,yes,cellular,no
3916,31,services,single,secondary,no,-205,no,no,cellular,yes
3917,47,blue-collar,married,secondary,no,1612,yes,no,cellular,yes
3918,42,management,married,secondary,no,1018,no,no,cellular,no
3919,35,admin.,single,secondary,no,855,yes,no,unknown,no
3920,55,management,married,tertiary,no,86,no,no,telephone,no
3921,42,management,married,primary,no,5310,yes,no,cellular,yes
3922,48,technician,married,secondary,no,-205,yes,yes,cellular,no
3923,62,management,married,tertiary,no,2785,no,no,cellular,yes
3924,62,retired,married,primary,no,1515,yes,no,cellular,no
3925,65,retired,married,primary,no,276,no,no,cellular,yes
3926,46,technician,married,secondary,no,190,yes,no,cellular,no
3927,41,blue-collar,married,primary,no,2453,yes,no,unknown,yes
3928,33,blue-collar,married,tertiary,no,870,no,yes,cellular,no
3929,54,admin.,married,tertiary,no,19,no,no,cellular,no
3930,37,unknown,single,tertiary,no,0,no,no,cellular,yes
3931,32,services,married,secondary,no,207,yes,no,unknown,no
3932,56,blue-collar,divorced,primary,yes,-1,no,no,cellular,no
3933,30,student,single,tertiary,no,7529,no,no,cellular,yes
3934,36,technician,divorced,secondary,no,1451,yes,no,cellular,yes
3935,36,management,single,tertiary,no,219,no,no,cellular,no
3936,26,blue-collar,single,primary,no,941,no,no,cellular,yes
3937,49,technician,divorced,secondary,no,2677,yes,yes,cellular,no
3938,28,services,single,secondary,no,168,no,no,cellular,yes
3939,60,retired,married,primary,no,364,yes,no,unknown,no
3940,28,technician,single,secondary,no,981,yes,no,cellular,no
3941,39,self-employed,single,tertiary,no,426,no,no,unknown,yes
3942,52,management,married,tertiary,no,7192,no,no,cellular,yes
3943,29,unemployed,single,tertiary,no,70,no,no,cellular,yes
3944,33,management,single,tertiary,no,224,no,no,cellular,yes
3945,33,technician,divorced,secondary,yes,6,no,no,cellular,no
3946,31,unemployed,divorced,tertiary,no,756,no,no,cellular,yes
3947,27,technician,married,secondary,no,2183,yes,yes,unknown,yes
3948,28,services,single,secondary,no,341,yes,no,cellular,yes
3949,34,technician,single,secondary,no,18777,yes,no,cellular,no
3950,55,services,divorced,secondary,no,0,no,no,cellular,yes
3951,30,management,married,tertiary,no,-27,yes,no,unknown,no
3952,42,admin.,divorced,secondary,no,241,yes,no,cellular,yes
3953,47,self-employed,married,tertiary,no,1011,no,no,cellular,yes
3954,47,management,single,tertiary,no,551,no,no,cellular,yes
3955,57,technician,married,secondary,no,1753,yes,no,cellular,no
3956,79,retired,divorced,primary,no,79,no,no,cellular,yes
3957,49,services,married,secondary,no,320,no,no,telephone,yes
3958,31,services,single,secondary,no,900,yes,no,cellular,no
3959,51,management,married,tertiary,no,-321,no,no,cellular,no
3960,40,technician,married,secondary,no,214,no,no,cellular,no
3961,72,admin.,married,primary,no,2321,no,no,cellular,yes
3962,29,admin.,single,tertiary,no,41,yes,no,cellular,yes
3963,54,housemaid,married,primary,no,3304,no,yes,cellular,no
3964,59,entrepreneur,married,tertiary,no,1728,no,no,cellular,no
3965,34,technician,married,tertiary,no,932,yes,no,cellular,no
3966,37,management,single,tertiary,no,698,no,no,cellular,yes
3967,33,technician,married,secondary,no,1234,no,no,telephone,no
3968,57,management,married,secondary,no,7162,no,no,cellular,no
3969,66,housemaid,divorced,primary,no,3701,no,no,telephone,yes
3970,27,services,single,secondary,no,1347,no,no,telephone,yes
3971,36,management,single,tertiary,no,7606,yes,no,unknown,yes
3972,59,retired,married,primary,no,363,no,no,cellular,yes
3973,47,management,married,tertiary,no,60,no,no,unknown,no
3974,51,blue-collar,married,unknown,no,1432,no,no,cellular,no
3975,24,blue-collar,married,primary,no,656,yes,no,unknown,yes
3976,23,student,single,secondary,no,4126,no,no,cellular,yes
3977,35,services,married,unknown,no,618,no,no,cellular,yes
3978,32,services,single,secondary,no,182,yes,no,cellular,no
3979,56,retired,married,secondary,no,488,no,no,telephone,no
3980,38,technician,single,secondary,no,1130,no,no,cellular,yes
3981,30,technician,single,secondary,no,863,yes,no,unknown,yes
3982,32,blue-collar,married,secondary,no,225,yes,no,cellular,yes
3983,40,management,married,tertiary,no,0,no,no,cellular,no
3984,46,management,married,unknown,no,2466,no,no,telephone,yes
3985,33,admin.,married,secondary,no,17,yes,no,cellular,no
3986,36,technician,married,secondary,no,3,no,no,cellular,no
3987,43,blue-collar,single,primary,no,0,no,no,cellular,yes
3988,64,retired,married,secondary,no,466,yes,no,cellular,yes
3989,46,management,married,tertiary,no,273,yes,no,cellular,yes
3990,38,services,married,primary,no,0,yes,no,cellular,no
3991,27,management,single,tertiary,no,2648,no,no,cellular,yes
3992,42,technician,divorced,secondary,no,305,yes,no,cellular,no
3993,40,blue-collar,married,primary,no,13,yes,no,unknown,no
3994,42,blue-collar,married,primary,no,1556,no,yes,cellular,no
3995,40,management,married,tertiary,yes,0,no,no,cellular,no
3996,50,management,single,unknown,no,1277,no,no,cellular,no
3997,44,admin.,single,secondary,no,1534,no,no,cellular,yes
3998,31,blue-collar,married,primary,no,1127,yes,no,telephone,no
3999,45,management,married,tertiary,no,54,yes,no,telephone,no
4000,57,blue-collar,married,primary,no,3109,no,no,cellular,yes
4001,59,technician,divorced,secondary,no,2396,no,no,cellular,yes
4002,60,management,married,tertiary,yes,-311,no,no,cellular,no
4003,55,management,married,tertiary,no,7803,no,no,cellular,yes
4004,35,technician,single,secondary,no,16,yes,no,cellular,yes
4005,61,management,married,tertiary,no,175,no,no,telephone,yes
4006,32,entrepreneur,married,unknown,no,73,yes,no,cellular,no
4007,39,blue-collar,married,secondary,no,180,yes,no,cellular,no
4008,39,management,single,tertiary,no,1914,no,no,cellular,no
4009,26,admin.,single,secondary,no,2509,no,no,cellular,yes
4010,49,entrepreneur,divorced,secondary,no,159,yes,no,unknown,no
4011,25,student,single,secondary,no,293,yes,no,telephone,no
4012,26,admin.,single,secondary,no,766,no,no,cellular,yes
4013,33,blue-collar,married,secondary,no,-81,yes,no,cellular,no
4014,78,retired,divorced,primary,no,55,no,no,telephone,no
4015,36,services,divorced,secondary,no,115,no,no,unknown,no
4016,35,blue-collar,divorced,secondary,no,336,yes,no,cellular,yes
4017,37,admin.,divorced,secondary,no,1533,yes,no,cellular,yes
4018,33,blue-collar,married,secondary,no,1402,no,no,cellular,no
4019,60,admin.,divorced,secondary,no,12039,no,no,telephone,yes
4020,21,blue-collar,single,secondary,no,2265,no,no,cellular,no
4021,35,management,single,tertiary,no,992,no,yes,cellular,yes
4022,52,technician,married,secondary,no,1490,no,yes,unknown,no
4023,48,housemaid,married,secondary,no,3570,no,no,cellular,no
4024,49,services,married,secondary,no,2416,yes,no,cellular,yes
4025,50,blue-collar,married,primary,no,859,yes,yes,telephone,no
4026,34,admin.,married,secondary,no,61,no,yes,unknown,no
4027,36,housemaid,married,primary,no,622,no,no,unknown,no
4028,32,services,married,secondary,no,264,yes,yes,cellular,yes
4029,38,blue-collar,single,unknown,no,495,yes,no,unknown,no
4030,31,management,married,tertiary,no,477,yes,no,cellular,no
4031,49,technician,married,tertiary,no,3726,no,no,cellular,yes
4032,25,student,single,secondary,no,469,no,no,cellular,yes
4033,31,admin.,single,secondary,no,81,yes,no,cellular,no
4034,92,retired,married,unknown,no,775,no,no,cellular,yes
4035,26,management,single,tertiary,no,1027,no,no,cellular,yes
4036,41,admin.,single,tertiary,no,982,no,no,cellular,no
4037,37,management,married,tertiary,no,11265,no,no,unknown,no
4038,29,services,single,secondary,no,37,no,yes,cellular,no
4039,71,housemaid,divorced,primary,no,1311,no,no,cellular,yes
4040,28,blue-collar,married,secondary,no,61,yes,no,cellular,yes
4041,31,blue-collar,married,secondary,no,2,yes,no,unknown,yes
4042,35,technician,married,secondary,no,4508,yes,no,cellular,yes
4043,51,technician,married,tertiary,no,0,no,no,telephone,no
4044,50,blue-collar,married,primary,no,2590,yes,no,unknown,no
4045,33,technician,single,secondary,no,2583,no,no,cellular,no
4046,30,student,single,tertiary,no,2766,no,no,cellular,yes
4047,27,blue-collar,single,primary,no,232,yes,no,cellular,yes
4048,41,admin.,divorced,secondary,no,6046,yes,yes,telephone,yes
4049,47,blue-collar,married,secondary,no,125,no,no,cellular,no
4050,39,technician,married,secondary,no,211,no,no,telephone,no
4051,48,technician,married,secondary,no,-938,yes,no,cellular,no
4052,29,management,single,unknown,no,560,no,no,cellular,yes
4053,52,blue-collar,married,primary,no,230,yes,no,cellular,no
4054,39,housemaid,divorced,secondary,no,70,no,no,cellular,no
4055,24,services,single,secondary,no,414,yes,no,cellular,yes
4056,28,blue-collar,single,secondary,no,-46,yes,no,cellular,yes
4057,48,technician,married,secondary,no,10655,no,no,telephone,no
4058,38,blue-collar,married,secondary,no,-210,yes,no,unknown,no
4059,45,entrepreneur,married,unknown,no,3133,yes,yes,cellular,yes
4060,37,management,married,primary,no,1506,no,no,cellular,no
4061,35,technician,married,secondary,no,840,yes,no,cellular,no
4062,38,management,married,tertiary,no,413,no,no,cellular,yes
4063,50,technician,divorced,secondary,no,-54,yes,yes,cellular,yes
4064,56,retired,married,secondary,no,-1206,yes,no,cellular,yes
4065,36,blue-collar,single,tertiary,no,1830,no,no,cellular,no
4066,33,technician,single,secondary,no,66,no,no,cellular,yes
4067,54,blue-collar,married,primary,no,258,no,no,telephone,no
4068,44,technician,single,secondary,no,365,yes,no,unknown,no
4069,27,blue-collar,single,secondary,no,1049,no,no,telephone,no
4070,30,blue-collar,single,secondary,no,953,yes,no,unknown,yes
4071,24,self-employed,single,tertiary,no,2984,yes,no,unknown,yes
4072,31,technician,single,secondary,no,816,no,no,cellular,no
4073,47,unemployed,married,primary,no,2946,no,no,unknown,no
4074,30,services,married,secondary,no,129,yes,no,unknown,yes
4075,47,admin.,married,secondary,no,996,no,no,telephone,no
4076,35,management,single,tertiary,no,-324,no,yes,cellular,yes
4077,22,student,single,secondary,no,381,no,no,cellular,yes
4078,40,management,married,tertiary,no,66,no,no,cellular,yes
4079,31,management,single,tertiary,no,37,no,no,cellular,yes
4080,40,blue-collar,married,primary,no,-388,yes,no,cellular,no
4081,40,technician,married,tertiary,no,103,yes,no,unknown,no
4082,36,management,single,tertiary,no,20,yes,no,cellular,no
4083,36,technician,single,tertiary,no,962,yes,no,cellular,yes
4084,24,blue-collar,single,secondary,no,3,yes,no,cellular,no
4085,38,blue-collar,single,primary,no,1583,yes,no,cellular,no
4086,40,services,married,secondary,no,9374,yes,no,cellular,no
4087,36,unknown,married,secondary,no,179,no,no,cellular,no
4088,59,retired,married,tertiary,no,422,yes,no,cellular,yes
4089,32,services,married,secondary,no,689,yes,yes,cellular,yes
4090,46,management,married,tertiary,no,1217,yes,no,unknown,no
4091,34,services,married,secondary,no,244,no,no,cellular,no
4092,39,services,married,secondary,no,3870,yes,no,cellular,no
4093,39,management,single,tertiary,no,93,yes,yes,cellular,no
4094,54,management,married,tertiary,no,752,no,no,telephone,yes
4095,43,management,married,tertiary,no,78,yes,no,cellular,no
4096,27,services,single,secondary,no,353,yes,no,cellular,yes
4097,61,retired,married,secondary,no,1058,no,no,cellular,yes
4098,52,blue-collar,married,primary,no,2396,yes,no,cellular,no
4099,48,management,married,tertiary,no,20718,yes,no,unknown,no
4100,53,management,married,tertiary,no,20772,no,no,cellular,no
4101,37,services,married,secondary,no,4151,yes,yes,cellular,yes
4102,27,admin.,single,secondary,no,454,no,yes,cellular,no
4103,30,admin.,single,secondary,no,223,yes,no,unknown,yes
4104,43,blue-collar,married,primary,no,3131,yes,no,unknown,no
4105,35,technician,single,secondary,no,-89,yes,no,cellular,no
4106,39,admin.,divorced,secondary,no,160,yes,no,cellular,no
4107,28,admin.,single,secondary,no,520,yes,no,cellular,no
4108,34,management,married,tertiary,no,3301,yes,no,cellular,yes
4109,39,technician,single,secondary,no,1104,no,no,cellular,yes
4110,58,management,married,secondary,no,2155,no,yes,cellular,yes
4111,33,blue-collar,married,secondary,no,89,yes,no,cellular,yes
4112,23,student,single,tertiary,no,82,no,no,cellular,no
4113,31,entrepreneur,single,secondary,no,131,yes,no,cellular,no
4114,53,admin.,divorced,secondary,no,1151,yes,no,unknown,no
4115,43,management,divorced,tertiary,no,481,yes,no,cellular,yes
4116,33,services,single,secondary,no,170,no,no,cellular,yes
4117,22,management,single,tertiary,no,104,no,yes,cellular,yes
4118,60,unemployed,married,secondary,no,957,no,no,cellular,yes
4119,50,services,married,secondary,no,77,no,no,cellular,no
4120,74,retired,married,secondary,no,935,no,no,cellular,yes
4121,41,blue-collar,single,secondary,yes,-386,no,yes,cellular,yes
4122,33,blue-collar,married,secondary,no,315,no,no,cellular,yes
4123,42,blue-collar,married,secondary,no,490,yes,no,unknown,no
4124,50,entrepreneur,married,tertiary,no,-168,yes,no,cellular,yes
4125,37,management,married,tertiary,no,2283,no,no,cellular,yes
4126,33,management,married,tertiary,no,273,yes,no,unknown,yes
4127,35,blue-collar,married,secondary,no,1055,no,no,unknown,yes
4128,46,self-employed,divorced,tertiary,no,21,no,no,cellular,yes
4129,27,technician,single,secondary,no,0,no,no,cellular,no
4130,44,self-employed,married,primary,no,414,yes,no,cellular,no
4131,56,management,married,tertiary,no,505,yes,yes,cellular,no
4132,41,entrepreneur,divorced,secondary,no,1588,yes,yes,unknown,no
4133,32,unemployed,married,secondary,no,2996,yes,no,unknown,no
4134,40,management,single,tertiary,no,0,no,no,cellular,yes
4135,45,management,married,tertiary,no,2671,no,no,cellular,yes
4136,43,technician,single,unknown,no,11115,no,no,cellular,yes
4137,33,technician,single,tertiary,no,149,yes,no,cellular,yes
4138,24,admin.,married,secondary,no,299,yes,no,cellular,no
4139,47,blue-collar,married,secondary,no,863,yes,no,unknown,yes
4140,25,admin.,single,secondary,no,1871,no,no,cellular,yes
4141,31,technician,married,secondary,no,7369,no,no,cellular,no
4142,29,admin.,single,tertiary,no,514,no,no,cellular,no
4143,29,blue-collar,single,primary,no,213,yes,no,unknown,yes
4144,74,retired,married,tertiary,no,1843,no,no,cellular,yes
4145,31,technician,single,secondary,no,2916,no,no,cellular,no
4146,39,housemaid,married,secondary,no,953,no,no,cellular,no
4147,52,housemaid,married,primary,no,3283,no,no,unknown,no
4148,43,admin.,married,tertiary,no,189,yes,no,cellular,yes
4149,60,technician,married,secondary,no,0,no,no,cellular,yes
4150,37,admin.,married,secondary,no,597,no,no,cellular,yes
4151,37,management,married,tertiary,no,789,yes,yes,cellular,no
4152,27,entrepreneur,married,secondary,no,97,yes,yes,cellular,no
4153,70,retired,married,secondary,no,2384,no,no,cellular,yes
4154,46,unemployed,single,tertiary,no,44,no,no,cellular,yes
4155,81,retired,divorced,unknown,no,0,no,no,telephone,no
4156,29,housemaid,single,tertiary,no,19,no,no,cellular,yes
4157,69,retired,married,primary,no,324,no,no,cellular,yes
4158,77,retired,married,secondary,no,638,no,no,cellular,yes
4159,50,admin.,divorced,secondary,no,363,yes,no,unknown,yes
4160,55,management,divorced,tertiary,no,2037,no,no,cellular,yes
4161,28,management,single,tertiary,no,203,no,no,cellular,no
4162,32,management,single,tertiary,no,769,no,no,cellular,yes
4163,47,services,married,secondary,no,1111,no,no,unknown,no
4164,21,technician,single,unknown,no,360,no,no,cellular,yes
4165,44,admin.,divorced,secondary,no,0,no,no,cellular,yes
4166,38,entrepreneur,married,tertiary,no,898,yes,no,unknown,no
4167,33,services,single,secondary,no,-27,yes,no,unknown,no
4168,45,management,married,secondary,no,5888,yes,no,unknown,no
4169,26,blue-collar,single,secondary,no,8,yes,no,cellular,no
4170,30,management,single,tertiary,no,697,no,no,cellular,yes
4171,72,retired,married,primary,no,4657,no,no,cellular,yes
4172,36,blue-collar,married,secondary,no,3935,yes,yes,unknown,no
4173,27,management,single,secondary,no,843,no,no,cellular,yes
4174,53,blue-collar,married,primary,no,343,yes,no,cellular,yes
4175,60,retired,married,primary,no,414,no,no,unknown,no
4176,29,blue-collar,single,tertiary,no,98,no,no,cellular,no
4177,58,services,married,primary,no,2946,yes,no,cellular,yes
4178,55,blue-collar,married,secondary,yes,67,no,no,cellular,no
4179,44,blue-collar,married,secondary,no,794,yes,no,cellular,no
4180,40,technician,married,secondary,no,694,yes,no,cellular,yes
4181,28,blue-collar,married,primary,no,674,yes,no,telephone,no
4182,31,entrepreneur,single,unknown,no,301,yes,no,cellular,no
4183,37,admin.,married,primary,no,214,yes,no,cellular,yes
4184,28,self-employed,married,secondary,no,-522,yes,yes,cellular,yes
4185,57,retired,married,secondary,no,1044,no,no,telephone,yes
4186,27,services,single,secondary,no,2457,yes,no,unknown,no
4187,35,blue-collar,married,secondary,no,0,yes,yes,unknown,yes
4188,30,services,single,secondary,no,117,no,no,cellular,no
4189,55,technician,married,secondary,no,517,yes,yes,unknown,no
4190,28,management,single,tertiary,no,334,yes,no,unknown,no
4191,69,retired,married,unknown,no,426,no,no,telephone,yes
4192,60,retired,married,tertiary,no,0,yes,no,unknown,no
4193,51,management,single,tertiary,no,151,yes,no,cellular,yes
4194,41,services,married,primary,no,450,yes,no,unknown,no
4195,47,management,married,tertiary,no,2351,no,no,cellular,yes
4196,41,admin.,married,secondary,no,120,no,yes,cellular,no
4197,30,management,married,tertiary,no,1567,yes,no,cellular,yes
4198,30,technician,married,tertiary,no,2166,no,no,cellular,yes
4199,60,management,married,tertiary,no,0,no,no,cellular,yes
4200,30,management,single,tertiary,no,218,no,no,unknown,no
4201,44,entrepreneur,married,tertiary,no,121,no,no,cellular,yes
4202,76,retired,married,primary,no,2223,no,no,telephone,yes
4203,55,technician,married,unknown,no,240,yes,no,cellular,yes
4204,33,self-employed,married,tertiary,no,1278,no,no,cellular,yes
4205,59,unemployed,single,primary,no,7724,no,no,cellular,yes
4206,34,admin.,married,secondary,no,2378,yes,yes,telephone,no
4207,62,management,married,tertiary,no,997,no,no,cellular,yes
4208,34,management,single,tertiary,no,1396,yes,no,cellular,no
4209,40,services,single,secondary,no,19343,yes,no,cellular,no
4210,35,unemployed,married,secondary,no,759,no,no,cellular,no
4211,21,student,single,secondary,no,216,no,no,cellular,yes
4212,53,housemaid,married,primary,no,104,no,yes,unknown,yes
4213,38,management,married,tertiary,no,1199,no,no,cellular,yes
4214,33,management,single,tertiary,no,224,no,no,cellular,yes
4215,23,housemaid,single,primary,no,93,yes,no,cellular,no
4216,32,management,married,tertiary,no,4945,no,no,cellular,yes
4217,43,blue-collar,married,primary,no,3917,no,no,cellular,yes
4218,50,services,married,secondary,no,1501,no,no,cellular,yes
4219,29,blue-collar,single,secondary,no,482,no,yes,cellular,yes
4220,34,technician,married,tertiary,no,23076,no,no,cellular,yes
4221,28,services,single,primary,no,198,no,no,cellular,yes
4222,47,admin.,single,tertiary,no,0,no,no,cellular,no
4223,55,management,divorced,primary,no,3629,yes,no,unknown,no
4224,47,blue-collar,married,primary,no,193,yes,no,cellular,no
4225,45,management,married,tertiary,no,1300,no,no,cellular,no
4226,40,services,married,secondary,no,664,yes,yes,cellular,no
4227,31,management,single,tertiary,no,533,no,no,cellular,yes
4228,47,housemaid,married,secondary,no,3940,yes,no,cellular,yes
4229,30,technician,single,secondary,no,-232,no,yes,cellular,no
4230,37,services,single,secondary,no,608,no,no,cellular,no
4231,54,management,married,tertiary,no,8295,no,no,cellular,yes
4232,47,blue-collar,married,primary,no,-58,yes,no,cellular,no
4233,49,blue-collar,married,secondary,no,3728,yes,no,cellular,yes
4234,45,unknown,married,primary,no,44,no,no,unknown,no
4235,60,retired,married,primary,no,600,no,no,cellular,no
4236,26,admin.,divorced,secondary,no,-45,yes,no,unknown,no
4237,38,services,single,tertiary,no,1222,yes,no,unknown,no
4238,55,management,single,tertiary,no,0,no,no,cellular,no
4239,29,blue-collar,married,secondary,no,296,yes,no,unknown,no
4240,54,services,single,secondary,no,0,no,no,cellular,yes
4241,37,unemployed,single,tertiary,no,1316,yes,no,cellular,yes
4242,40,services,married,secondary,no,105,yes,no,cellular,no
4243,34,self-employed,married,tertiary,no,2427,no,no,telephone,no
4244,33,services,married,secondary,no,227,yes,yes,cellular,yes
4245,35,admin.,married,secondary,no,898,yes,no,cellular,yes
4246,52,admin.,married,secondary,no,423,yes,yes,cellular,no
4247,60,management,married,tertiary,no,474,no,no,cellular,yes
4248,49,blue-collar,married,secondary,no,2039,yes,no,cellular,yes
4249,45,admin.,single,secondary,no,341,yes,yes,cellular,no
4250,30,self-employed,single,tertiary,no,48,no,no,cellular,no
4251,34,self-employed,single,tertiary,no,9962,no,no,cellular,yes
4252,28,student,single,secondary,no,196,no,no,cellular,yes
4253,41,services,married,secondary,no,1319,yes,no,cellular,no
4254,56,management,divorced,tertiary,no,10532,no,no,cellular,yes
4255,42,management,married,secondary,yes,-34,no,no,cellular,no
4256,43,management,married,unknown,no,275,no,no,cellular,no
4257,32,services,single,tertiary,no,1743,yes,no,cellular,no
4258,60,technician,married,secondary,no,824,yes,no,cellular,yes
4259,43,management,married,tertiary,no,40,no,no,cellular,yes
4260,35,technician,single,secondary,no,204,yes,no,cellular,yes
4261,22,student,single,tertiary,no,1161,no,yes,cellular,no
4262,46,management,divorced,tertiary,no,2166,yes,no,cellular,yes
4263,56,management,married,tertiary,no,616,no,no,cellular,yes
4264,37,blue-collar,married,secondary,no,2697,yes,no,cellular,no
4265,33,management,married,secondary,no,336,no,no,cellular,yes
4266,32,blue-collar,single,secondary,no,567,yes,no,cellular,no
4267,55,management,married,primary,no,2587,no,no,cellular,yes
4268,30,management,single,tertiary,no,1191,no,no,cellular,no
4269,37,management,married,tertiary,no,0,no,no,cellular,yes
4270,32,housemaid,married,secondary,no,0,no,no,cellular,no
4271,57,management,married,tertiary,no,0,yes,no,cellular,no
4272,32,blue-collar,married,primary,no,902,yes,no,unknown,no
4273,47,admin.,divorced,secondary,no,225,no,no,cellular,yes
4274,36,blue-collar,married,primary,no,1503,no,no,cellular,no
4275,31,unemployed,divorced,primary,no,0,yes,no,unknown,yes
4276,50,blue-collar,married,primary,no,383,no,no,telephone,no
4277,45,technician,married,secondary,no,1348,no,yes,cellular,yes
4278,45,management,married,tertiary,no,0,yes,no,cellular,no
4279,34,technician,married,secondary,no,0,no,no,cellular,no
4280,42,management,married,tertiary,no,254,no,no,cellular,yes
4281,55,retired,married,secondary,no,102,yes,no,unknown,no
4282,35,management,single,tertiary,no,1756,no,no,cellular,yes
4283,28,management,single,tertiary,no,882,no,yes,cellular,no
4284,38,services,married,secondary,no,-314,yes,no,unknown,no
4285,44,admin.,married,unknown,no,40,no,yes,unknown,no
4286,24,student,single,secondary,no,8165,no,no,cellular,yes
4287,45,blue-collar,divorced,primary,no,-207,no,no,cellular,yes
4288,48,management,married,primary,no,1744,no,no,unknown,no
4289,39,admin.,single,secondary,no,1078,no,no,unknown,no
4290,46,blue-collar,married,secondary,no,640,yes,no,cellular,yes
4291,38,blue-collar,married,secondary,no,1165,yes,no,cellular,yes
4292,48,admin.,married,secondary,no,2235,yes,yes,unknown,no
4293,36,technician,single,secondary,no,2511,yes,no,cellular,yes
4294,45,self-employed,married,tertiary,no,-497,yes,yes,cellular,no
4295,54,admin.,divorced,secondary,no,1872,no,no,cellular,yes
4296,53,admin.,married,secondary,no,3765,no,no,unknown,yes
4297,34,blue-collar,divorced,secondary,no,1780,yes,no,unknown,no
4298,32,management,married,tertiary,no,376,yes,no,cellular,yes
4299,53,technician,married,secondary,no,1776,no,no,unknown,no
4300,51,retired,married,primary,no,67,no,no,unknown,yes
4301,42,housemaid,married,unknown,no,302,yes,no,cellular,no
4302,52,management,divorced,tertiary,no,-803,yes,no,cellular,no
4303,26,technician,single,secondary,no,639,yes,no,unknown,yes
4304,39,technician,single,secondary,no,1022,yes,no,unknown,yes
4305,21,management,single,tertiary,no,243,no,yes,cellular,no
4306,43,blue-collar,married,secondary,no,514,yes,yes,cellular,no
4307,38,management,married,tertiary,no,1223,no,no,cellular,yes
4308,58,unemployed,married,primary,no,1183,no,no,cellular,yes
4309,31,technician,single,tertiary,no,969,no,no,cellular,no
4310,26,management,single,tertiary,no,1646,no,no,cellular,yes
4311,36,blue-collar,single,secondary,no,1822,yes,no,cellular,yes
4312,43,management,married,tertiary,no,3518,no,no,cellular,yes
4313,52,services,married,secondary,no,992,yes,no,cellular,yes
4314,42,blue-collar,married,primary,no,2003,yes,no,cellular,no
4315,40,entrepreneur,married,tertiary,yes,0,no,no,unknown,yes
4316,33,blue-collar,single,primary,no,910,yes,no,cellular,no
4317,38,technician,single,tertiary,no,508,yes,yes,cellular,yes
4318,29,student,single,secondary,no,459,no,no,cellular,yes
4319,75,retired,divorced,secondary,no,1341,no,no,cellular,yes
4320,30,admin.,single,secondary,no,0,no,no,cellular,yes
4321,45,management,divorced,tertiary,no,3150,yes,no,cellular,no
4322,34,management,married,tertiary,no,2037,no,no,cellular,yes
4323,34,blue-collar,single,unknown,no,129,yes,yes,cellular,yes
4324,32,technician,divorced,tertiary,no,3255,no,no,cellular,yes
4325,48,technician,married,secondary,no,862,no,no,cellular,no
4326,52,blue-collar,married,secondary,no,1500,no,yes,unknown,no
4327,31,technician,single,secondary,no,4888,yes,no,telephone,no
4328,30,blue-collar,single,secondary,no,161,no,yes,telephone,yes
4329,34,technician,single,secondary,no,2085,no,no,cellular,yes
4330,35,admin.,married,secondary,no,2,yes,no,cellular,yes
4331,40,blue-collar,married,primary,no,57,yes,no,cellular,yes
4332,60,blue-collar,married,primary,no,5,no,no,cellular,yes
4333,42,housemaid,married,primary,no,0,no,yes,cellular,no
4334,42,admin.,married,secondary,no,534,yes,no,unknown,no
4335,36,blue-collar,married,primary,no,156,yes,no,cellular,no
4336,40,services,married,secondary,no,695,yes,no,cellular,no
4337,55,management,married,tertiary,no,1433,no,no,unknown,no
4338,67,retired,divorced,secondary,no,704,no,no,cellular,yes
4339,86,retired,married,primary,no,5236,no,no,telephone,yes
4340,49,management,married,tertiary,no,2881,no,no,cellular,yes
4341,35,blue-collar,divorced,primary,no,13,no,yes,cellular,no
4342,25,student,single,unknown,no,3,no,no,cellular,yes
4343,42,services,single,unknown,no,974,no,no,cellular,no
4344,41,services,married,secondary,no,471,yes,no,cellular,yes
4345,58,management,married,tertiary,no,4152,yes,no,telephone,yes
4346,28,student,single,tertiary,no,1562,no,no,cellular,yes
4347,72,retired,divorced,tertiary,no,438,no,no,cellular,yes
4348,50,self-employed,married,primary,no,0,no,no,cellular,no
4349,30,technician,married,secondary,no,-306,yes,yes,cellular,no
4350,44,blue-collar,single,primary,no,1593,yes,no,unknown,yes
4351,60,management,married,tertiary,no,2222,yes,no,cellular,yes
4352,30,services,married,secondary,no,80,yes,no,unknown,no
4353,40,technician,divorced,tertiary,no,0,no,no,unknown,yes
4354,54,unemployed,divorced,secondary,no,309,no,no,cellular,yes
4355,41,admin.,married,secondary,no,3138,no,no,cellular,yes
4356,40,housemaid,married,secondary,no,84,yes,yes,unknown,no
4357,38,blue-collar,married,primary,no,362,yes,no,unknown,no
4358,56,services,divorced,secondary,no,72,yes,yes,cellular,no
4359,35,technician,married,tertiary,no,1629,no,no,cellular,yes
4360,49,management,married,tertiary,no,1093,yes,yes,cellular,yes
4361,31,management,single,tertiary,no,2007,yes,no,unknown,no
4362,39,management,married,tertiary,no,119,yes,no,cellular,yes
4363,48,unknown,married,unknown,no,3,no,no,cellular,no
4364,40,management,married,tertiary,no,-63,no,yes,cellular,no
4365,27,management,single,tertiary,no,99,yes,no,unknown,yes
4366,36,blue-collar,single,secondary,no,366,yes,yes,unknown,yes
4367,35,management,married,tertiary,no,43,no,no,cellular,yes
4368,52,services,married,secondary,no,2993,no,no,cellular,no
4369,41,blue-collar,single,secondary,no,3851,no,no,cellular,no
4370,60,blue-collar,married,secondary,no,196,no,no,unknown,no
4371,51,management,married,tertiary,no,469,no,no,cellular,yes
4372,27,services,married,secondary,no,54,yes,no,cellular,no
4373,42,housemaid,married,primary,no,1371,no,no,unknown,no
4374,35,self-employed,married,tertiary,no,3698,yes,no,cellular,yes
4375,39,services,single,secondary,no,7066,yes,no,cellular,yes
4376,34,blue-collar,single,secondary,no,3723,yes,no,unknown,no
4377,55,unemployed,married,primary,no,1221,no,yes,cellular,no
4378,45,technician,single,tertiary,no,0,no,no,cellular,yes
4379,31,admin.,single,secondary,no,779,yes,yes,cellular,no
4380,51,management,married,secondary,no,1573,no,no,cellular,no
4381,33,blue-collar,single,primary,no,447,yes,no,unknown,no
4382,44,technician,married,tertiary,no,4580,yes,no,unknown,yes
4383,32,management,single,tertiary,no,0,yes,yes,cellular,no
4384,36,entrepreneur,single,tertiary,no,658,yes,no,unknown,no
4385,59,retired,married,secondary,no,493,no,no,cellular,yes
4386,32,self-employed,single,tertiary,no,2559,no,no,cellular,yes
4387,61,self-employed,divorced,tertiary,no,6,yes,no,cellular,yes
4388,28,management,single,tertiary,no,223,yes,no,telephone,yes
4389,27,unknown,single,secondary,no,1187,no,no,telephone,yes
4390,47,services,married,secondary,no,278,yes,no,cellular,no
4391,37,management,married,tertiary,no,57,no,no,cellular,yes
4392,47,blue-collar,married,secondary,no,820,no,no,cellular,yes
4393,37,management,single,tertiary,no,1027,yes,no,cellular,yes
4394,30,admin.,single,secondary,no,-36,no,no,cellular,yes
4395,23,management,single,tertiary,no,1506,no,no,cellular,yes
4396,21,student,single,secondary,no,794,no,no,cellular,yes
4397,19,student,single,secondary,no,302,no,no,cellular,yes
4398,38,services,single,secondary,no,322,yes,no,unknown,no
4399,30,management,married,secondary,no,850,no,no,cellular,yes
4400,42,management,married,tertiary,no,372,yes,no,cellular,yes
4401,31,blue-collar,married,secondary,no,604,yes,no,cellular,no
4402,36,admin.,single,tertiary,no,3954,yes,no,unknown,no
4403,29,services,single,secondary,no,197,yes,no,cellular,no
4404,28,management,single,secondary,no,2840,no,no,cellular,yes
4405,34,admin.,married,secondary,no,1499,yes,no,cellular,no
4406,46,blue-collar,married,secondary,no,4707,yes,no,unknown,no
4407,73,retired,married,tertiary,no,1843,no,no,cellular,yes
4408,58,blue-collar,married,primary,no,1357,yes,no,unknown,no
4409,30,self-employed,single,tertiary,no,578,yes,no,unknown,no
4410,36,services,single,secondary,no,760,no,no,unknown,no
4411,29,management,single,tertiary,no,-27,no,no,cellular,yes
4412,20,student,single,primary,no,134,no,no,cellular,no
4413,44,blue-collar,married,secondary,no,88,yes,no,cellular,yes
4414,37,management,married,tertiary,no,4436,no,no,cellular,yes
4415,54,management,married,tertiary,no,184,no,no,cellular,no
4416,36,management,single,tertiary,no,171,no,no,unknown,no
4417,48,management,divorced,tertiary,no,657,no,yes,cellular,no
4418,36,self-employed,single,tertiary,no,1240,no,no,cellular,yes
4419,56,retired,married,secondary,no,3738,yes,no,cellular,yes
4420,37,services,married,secondary,no,50,yes,no,unknown,no
4421,56,management,married,primary,no,7747,no,no,unknown,no
4422,44,blue-collar,married,unknown,no,15578,yes,no,unknown,no
4423,33,blue-collar,single,primary,no,127,yes,no,unknown,yes
4424,31,technician,divorced,tertiary,no,0,no,no,cellular,yes
4425,39,student,single,tertiary,no,1107,yes,no,telephone,no
4426,28,unemployed,married,secondary,no,863,yes,yes,unknown,no
4427,31,entrepreneur,married,secondary,no,15,no,yes,cellular,no
4428,51,blue-collar,married,secondary,no,1022,yes,no,cellular,no
4429,45,services,divorced,secondary,no,0,yes,yes,cellular,no
4430,39,technician,single,tertiary,no,861,no,no,unknown,no
4431,49,management,married,tertiary,no,1050,yes,no,cellular,yes
4432,25,student,single,secondary,no,1919,yes,no,cellular,no
4433,46,blue-collar,married,secondary,no,922,no,yes,cellular,no
4434,48,management,divorced,tertiary,no,174,no,no,cellular,no
4435,36,services,married,secondary,no,52,yes,no,cellular,yes
4436,25,unemployed,single,tertiary,no,343,no,no,cellular,yes
4437,27,technician,single,secondary,no,158,no,no,unknown,yes
4438,30,management,single,tertiary,no,232,no,no,cellular,yes
4439,81,retired,married,primary,no,243,no,no,cellular,yes
4440,39,blue-collar,married,secondary,no,276,no,no,cellular,yes
4441,28,technician,single,tertiary,no,-123,no,yes,cellular,yes
4442,61,retired,married,secondary,no,3114,no,no,cellular,yes
4443,30,technician,married,secondary,no,-393,yes,yes,cellular,yes
4444,28,admin.,single,secondary,no,377,no,no,cellular,yes
4445,35,blue-collar,married,secondary,no,262,no,no,cellular,yes
4446,38,blue-collar,divorced,primary,no,0,no,no,unknown,no
4447,43,blue-collar,married,secondary,no,953,yes,no,cellular,yes
4448,31,management,married,tertiary,no,3160,yes,no,cellular,yes
4449,34,entrepreneur,married,tertiary,no,842,yes,no,cellular,no
4450,33,blue-collar,married,primary,no,50,yes,no,cellular,no
4451,47,services,single,secondary,no,3644,no,no,unknown,no
4452,28,technician,single,tertiary,no,375,yes,no,cellular,no
4453,33,technician,single,tertiary,no,179,yes,no,cellular,no
4454,50,blue-collar,married,primary,no,4979,no,no,telephone,yes
4455,40,services,married,secondary,no,1305,no,no,cellular,no
4456,35,technician,single,secondary,no,1001,no,yes,cellular,no
4457,46,technician,single,secondary,no,874,no,no,cellular,yes
4458,43,management,married,primary,no,62,yes,no,cellular,no
4459,30,blue-collar,single,secondary,no,132,yes,no,unknown,no
4460,38,technician,single,secondary,no,3278,no,no,cellular,yes
4461,33,technician,single,tertiary,no,109,yes,yes,cellular,yes
4462,31,blue-collar,single,secondary,no,196,yes,no,cellular,yes
4463,52,blue-collar,married,primary,no,306,no,no,cellular,yes
4464,31,technician,married,tertiary,no,95,no,no,cellular,no
4465,25,blue-collar,married,secondary,no,0,no,yes,cellular,yes
4466,30,management,married,tertiary,no,5381,no,no,cellular,no
4467,30,self-employed,married,secondary,no,131,yes,no,unknown,no
4468,55,management,divorced,tertiary,no,-207,no,no,cellular,no
4469,32,management,divorced,tertiary,no,12,no,no,cellular,no
4470,49,self-employed,married,secondary,no,-199,yes,yes,cellular,no
4471,36,blue-collar,married,secondary,no,1772,no,no,unknown,yes
4472,34,management,married,secondary,yes,879,yes,no,cellular,yes
4473,39,blue-collar,married,secondary,no,3832,yes,no,unknown,no
4474,41,management,married,tertiary,no,9,yes,no,cellular,no
4475,36,management,single,unknown,no,62,no,no,cellular,yes
4476,58,self-employed,married,tertiary,no,2596,no,no,telephone,no
4477,33,management,single,tertiary,no,321,no,no,cellular,no
4478,33,management,married,tertiary,no,0,yes,no,cellular,yes
4479,25,student,single,unknown,no,1003,no,no,cellular,yes
4480,55,technician,married,secondary,no,0,yes,yes,cellular,yes
4481,27,services,married,secondary,no,511,yes,no,unknown,no
4482,40,management,married,tertiary,no,30,yes,no,cellular,no
4483,32,services,married,secondary,no,1129,yes,no,cellular,yes
4484,87,retired,divorced,primary,no,6746,no,no,telephone,yes
4485,28,management,single,tertiary,no,-227,yes,no,unknown,no
4486,56,management,divorced,tertiary,no,3885,yes,no,cellular,no
4487,36,management,married,tertiary,no,-861,yes,yes,cellular,no
4488,34,management,married,tertiary,no,105,yes,no,unknown,no
4489,57,admin.,married,secondary,no,403,yes,no,cellular,yes
4490,31,entrepreneur,single,secondary,no,379,yes,no,cellular,no
4491,46,services,divorced,secondary,no,281,yes,yes,cellular,no
4492,43,management,single,tertiary,no,0,no,no,cellular,yes
4493,36,admin.,married,secondary,no,212,yes,yes,cellular,yes
4494,32,admin.,single,secondary,no,678,yes,no,cellular,yes
4495,28,admin.,married,tertiary,no,167,yes,yes,cellular,no
4496,26,admin.,single,secondary,no,102,no,yes,cellular,yes
4497,36,management,single,tertiary,no,1841,yes,no,cellular,no
4498,56,management,married,tertiary,no,746,no,no,cellular,no
4499,31,admin.,single,secondary,no,1129,yes,no,cellular,no
4500,24,management,married,secondary,no,2278,yes,no,unknown,no
4501,37,student,divorced,tertiary,no,0,no,no,telephone,no
4502,45,unemployed,married,tertiary,no,1148,no,no,cellular,no
4503,49,services,married,secondary,no,823,no,no,cellular,yes
4504,36,blue-collar,divorced,secondary,no,638,yes,no,unknown,yes
4505,35,management,married,secondary,no,533,no,no,cellular,no
4506,26,student,single,tertiary,no,294,no,no,cellular,yes
4507,46,blue-collar,married,unknown,no,842,yes,no,telephone,yes
4508,41,management,divorced,tertiary,no,3426,no,no,cellular,yes
4509,65,management,divorced,tertiary,no,2756,no,no,cellular,no
4510,46,housemaid,married,primary,no,3512,no,no,cellular,yes
4511,37,admin.,single,secondary,no,309,yes,no,cellular,no
4512,37,technician,single,secondary,no,265,yes,yes,cellular,yes
4513,52,services,divorced,secondary,no,36,yes,yes,cellular,yes
4514,34,blue-collar,married,secondary,no,1454,yes,no,cellular,yes
4515,34,technician,single,secondary,no,440,yes,no,cellular,no
4516,28,blue-collar,single,unknown,no,913,yes,no,unknown,no
4517,40,management,single,tertiary,no,257,no,no,cellular,no
4518,42,blue-collar,married,primary,no,480,yes,no,unknown,no
4519,30,entrepreneur,single,secondary,no,732,no,no,cellular,yes
4520,31,self-employed,single,tertiary,no,1815,no,no,telephone,yes
4521,31,technician,married,tertiary,no,2166,no,no,cellular,yes
4522,42,blue-collar,married,secondary,no,790,yes,no,unknown,no
4523,44,blue-collar,married,secondary,no,294,yes,no,unknown,no
4524,50,admin.,divorced,secondary,no,797,yes,no,telephone,no
4525,29,unemployed,single,tertiary,no,150,yes,no,cellular,no
4526,47,unemployed,married,secondary,yes,0,no,no,cellular,no
4527,53,blue-collar,married,secondary,no,-8,no,no,cellular,yes
4528,35,blue-collar,divorced,primary,no,1792,yes,no,cellular,yes
4529,32,management,single,tertiary,no,597,no,yes,cellular,no
4530,46,admin.,married,unknown,no,5511,no,no,cellular,yes
4531,30,technician,single,tertiary,no,655,no,no,cellular,yes
4532,30,technician,married,tertiary,no,606,yes,no,cellular,no
4533,33,management,married,tertiary,no,191,no,no,cellular,yes
4534,29,admin.,single,secondary,no,900,yes,no,unknown,no
4535,35,self-employed,single,tertiary,no,353,no,no,cellular,yes
4536,31,management,single,tertiary,no,424,no,yes,cellular,no
4537,60,retired,married,secondary,no,1690,no,no,unknown,yes
4538,46,management,married,tertiary,no,3984,no,no,cellular,no
4539,35,blue-collar,married,secondary,no,625,no,no,cellular,no
4540,26,management,single,tertiary,no,943,no,no,cellular,yes
4541,29,self-employed,single,tertiary,no,1579,no,no,cellular,yes
4542,32,technician,married,tertiary,no,4654,yes,yes,cellular,yes
4543,27,management,single,primary,yes,13,no,no,cellular,yes
4544,37,technician,married,secondary,no,588,yes,no,cellular,no
4545,48,blue-collar,married,unknown,no,113,no,no,cellular,no
4546,26,technician,single,secondary,no,668,yes,no,unknown,yes
4547,42,blue-collar,married,unknown,no,452,yes,no,cellular,no
4548,39,management,married,tertiary,no,2939,no,no,cellular,yes
4549,33,technician,single,secondary,no,0,no,no,unknown,no
4550,24,admin.,married,secondary,no,0,yes,no,cellular,no
4551,25,management,married,tertiary,no,4461,no,no,cellular,yes
4552,29,services,married,secondary,no,1386,yes,no,unknown,no
4553,35,technician,single,secondary,no,1227,no,no,cellular,yes
4554,31,management,divorced,tertiary,no,294,yes,no,cellular,yes
4555,25,services,single,secondary,no,505,no,no,cellular,yes
4556,36,technician,married,secondary,no,3579,no,no,cellular,no
4557,50,unemployed,married,secondary,no,297,yes,no,cellular,no
4558,30,admin.,single,secondary,no,-213,yes,yes,unknown,yes
4559,44,management,married,tertiary,no,3091,yes,no,unknown,no
4560,44,blue-collar,married,primary,no,112,yes,no,unknown,no
4561,38,admin.,single,secondary,no,4023,no,no,unknown,no
4562,50,admin.,single,secondary,no,2252,no,no,cellular,yes
4563,80,retired,married,primary,no,155,no,no,telephone,yes
4564,43,self-employed,married,secondary,no,918,yes,no,unknown,no
4565,28,management,single,unknown,yes,101,yes,no,unknown,no
4566,52,management,married,tertiary,no,11650,yes,no,cellular,no
4567,41,technician,married,tertiary,no,585,yes,no,telephone,no
4568,29,technician,single,secondary,no,938,no,no,cellular,yes
4569,35,management,married,secondary,no,724,yes,no,cellular,yes
4570,35,unemployed,married,secondary,no,2080,yes,no,telephone,no
4571,34,technician,married,secondary,no,1246,no,no,unknown,no
4572,35,unemployed,married,primary,no,3285,no,no,cellular,yes
4573,37,admin.,married,secondary,no,1396,yes,no,cellular,no
4574,28,management,single,secondary,no,171,no,no,cellular,yes
4575,29,blue-collar,married,secondary,no,580,yes,yes,cellular,yes
4576,57,management,married,tertiary,no,-92,yes,yes,unknown,yes
4577,30,services,married,secondary,no,517,no,no,cellular,yes
4578,25,management,single,tertiary,no,2506,no,no,cellular,yes
4579,51,admin.,divorced,secondary,no,-338,yes,no,cellular,no
4580,49,technician,divorced,tertiary,no,1807,yes,no,cellular,no
4581,41,technician,married,secondary,no,2123,no,no,cellular,no
4582,60,technician,married,secondary,no,294,no,no,telephone,yes
4583,34,services,single,secondary,no,-374,yes,no,cellular,yes
4584,41,blue-collar,married,secondary,no,97,no,yes,cellular,no
4585,28,self-employed,single,secondary,no,5679,yes,no,cellular,yes
4586,34,housemaid,married,tertiary,no,897,no,no,cellular,no
4587,55,retired,married,primary,no,3876,no,no,cellular,no
4588,53,entrepreneur,married,primary,no,694,yes,no,unknown,no
4589,29,services,single,secondary,no,695,no,no,unknown,no
4590,37,management,married,tertiary,no,-666,yes,no,cellular,no
4591,32,technician,married,secondary,no,765,yes,yes,cellular,yes
4592,25,student,single,tertiary,no,1189,no,no,cellular,yes
4593,43,admin.,single,secondary,no,56831,no,no,unknown,no
4594,32,admin.,married,secondary,no,200,no,no,cellular,yes
4595,29,blue-collar,single,secondary,no,228,no,no,cellular,no
4596,43,admin.,married,secondary,no,506,no,no,unknown,no
4597,23,technician,single,secondary,no,1587,yes,yes,cellular,no
4598,30,services,single,secondary,no,1649,yes,no,unknown,no
4599,54,services,married,secondary,no,131,no,no,cellular,no
4600,37,unemployed,married,secondary,no,1978,no,no,cellular,yes
4601,42,admin.,married,secondary,no,329,no,no,cellular,no
4602,34,management,single,tertiary,no,5086,no,no,cellular,yes
4603,25,technician,single,secondary,no,4859,no,no,cellular,yes
4604,26,services,single,secondary,no,-72,yes,no,unknown,no
4605,38,admin.,married,secondary,no,1559,no,no,cellular,yes
4606,29,housemaid,single,tertiary,no,19,no,no,cellular,yes
4607,63,retired,married,secondary,no,4752,no,no,cellular,yes
4608,40,management,divorced,unknown,no,4095,yes,no,cellular,no
4609,43,unknown,married,primary,no,0,yes,no,cellular,no
4610,27,admin.,single,tertiary,no,689,no,no,cellular,no
4611,31,technician,married,tertiary,no,0,yes,yes,unknown,no
4612,33,blue-collar,single,secondary,no,697,no,no,cellular,yes
4613,35,technician,single,tertiary,no,0,yes,no,telephone,no
4614,41,blue-collar,married,secondary,no,-190,no,yes,cellular,yes
4615,33,technician,married,secondary,no,221,yes,no,cellular,yes
4616,30,blue-collar,married,secondary,no,2493,no,no,cellular,yes
4617,73,retired,married,unknown,no,3443,no,no,telephone,yes
4618,51,management,divorced,tertiary,no,1937,yes,no,cellular,no
4619,42,management,married,tertiary,no,976,no,no,cellular,yes
4620,39,technician,single,secondary,no,175,no,yes,unknown,no
4621,54,management,married,tertiary,no,1464,no,no,cellular,yes
4622,55,admin.,married,primary,no,319,no,no,cellular,no
4623,70,retired,married,primary,no,4982,no,no,cellular,no
4624,36,technician,married,tertiary,no,911,yes,yes,cellular,yes
4625,27,housemaid,married,secondary,yes,65,yes,yes,cellular,no
4626,29,technician,single,secondary,no,544,yes,no,unknown,no
4627,26,admin.,single,tertiary,no,3730,yes,no,cellular,no
4628,33,entrepreneur,married,secondary,no,3140,yes,yes,cellular,no
4629,55,blue-collar,married,primary,no,3485,no,no,cellular,yes
4630,45,retired,single,secondary,yes,86,no,no,cellular,no
4631,37,admin.,single,secondary,no,728,no,no,cellular,yes
4632,32,student,married,secondary,no,1536,no,no,cellular,yes
4633,37,blue-collar,married,primary,no,-738,yes,no,cellular,no
4634,38,admin.,divorced,secondary,no,0,yes,no,cellular,no
4635,36,services,married,unknown,no,618,no,no,cellular,yes
4636,33,services,divorced,secondary,no,44,no,yes,cellular,yes
4637,31,technician,single,tertiary,no,22,yes,no,unknown,yes
4638,32,admin.,married,secondary,no,-1,no,no,cellular,no
4639,25,student,single,secondary,no,154,no,no,cellular,yes
4640,35,management,single,tertiary,no,80,no,no,cellular,yes
4641,31,blue-collar,single,secondary,no,2194,no,no,cellular,no
4642,48,admin.,married,secondary,no,112,no,no,cellular,no
4643,47,blue-collar,married,secondary,no,292,no,no,cellular,yes
4644,42,management,married,tertiary,no,24780,no,no,cellular,no
4645,62,retired,married,secondary,no,1495,no,no,cellular,yes
4646,55,management,divorced,secondary,no,204,yes,no,cellular,yes
4647,32,management,single,tertiary,no,11,yes,yes,cellular,no
4648,32,services,single,secondary,no,72,no,no,cellular,no
4649,53,technician,single,tertiary,no,185,yes,no,cellular,yes
4650,54,unemployed,divorced,secondary,no,1664,no,no,cellular,yes
4651,56,admin.,married,secondary,no,105,no,no,telephone,no
4652,30,services,single,secondary,no,-143,yes,no,cellular,no
4653,26,admin.,single,secondary,no,96,no,no,cellular,yes
4654,59,services,married,secondary,no,2965,yes,no,cellular,yes
4655,34,management,divorced,tertiary,no,1173,no,yes,cellular,no
4656,26,management,single,tertiary,no,1646,no,no,cellular,yes
4657,55,housemaid,married,primary,no,2152,no,no,unknown,yes
4658,34,management,single,tertiary,no,48,yes,no,cellular,yes
4659,47,self-employed,married,secondary,no,4420,yes,yes,cellular,yes
4660,31,admin.,single,secondary,no,131,yes,no,cellular,yes
4661,45,management,married,tertiary,yes,-577,yes,yes,cellular,no
4662,50,services,married,secondary,no,2376,yes,no,cellular,yes
4663,32,technician,single,secondary,no,129,yes,no,cellular,no
4664,38,technician,married,secondary,no,0,yes,no,cellular,yes
4665,37,unemployed,married,secondary,no,459,no,no,cellular,no
4666,37,services,single,tertiary,no,1189,no,no,cellular,yes
4667,35,technician,single,tertiary,no,470,yes,no,cellular,yes
4668,25,admin.,single,secondary,no,184,no,yes,telephone,no
4669,31,technician,single,secondary,no,271,yes,no,cellular,no
4670,25,technician,single,tertiary,no,148,no,no,cellular,no
4671,40,blue-collar,married,secondary,no,100,yes,no,unknown,no
4672,39,management,single,tertiary,no,1682,yes,no,cellular,no
4673,33,admin.,married,secondary,no,0,yes,no,telephone,yes
4674,57,admin.,married,unknown,no,1401,no,no,cellular,no
4675,53,admin.,single,primary,no,0,yes,no,cellular,no
4676,37,unemployed,married,secondary,no,4969,yes,no,cellular,no
4677,48,management,married,tertiary,no,1741,yes,yes,telephone,no
4678,34,admin.,divorced,secondary,no,0,yes,no,cellular,no
4679,61,technician,married,secondary,no,1191,no,no,cellular,yes
4680,35,admin.,single,secondary,no,0,yes,no,cellular,yes
4681,61,retired,married,tertiary,no,2557,yes,no,cellular,yes
4682,58,retired,married,secondary,no,13,no,no,cellular,no
4683,45,self-employed,divorced,tertiary,no,963,yes,no,cellular,yes
4684,34,management,married,tertiary,no,577,yes,no,cellular,no
4685,57,admin.,married,secondary,no,4168,yes,yes,unknown,no
4686,43,admin.,single,secondary,no,-247,yes,yes,cellular,yes
4687,48,blue-collar,married,secondary,no,750,no,no,cellular,no
4688,34,management,single,tertiary,no,13014,no,no,cellular,yes
4689,25,services,single,tertiary,no,130,yes,no,cellular,no
4690,27,student,single,tertiary,no,0,no,no,cellular,yes
4691,58,retired,divorced,primary,no,2538,yes,no,cellular,yes
4692,32,technician,single,tertiary,no,4665,yes,no,unknown,yes
4693,37,technician,married,secondary,no,1120,yes,no,unknown,no
4694,32,services,single,secondary,no,6983,no,no,cellular,yes
4695,36,blue-collar,divorced,secondary,no,7051,no,yes,cellular,no
4696,55,entrepreneur,married,secondary,no,113,yes,no,unknown,no
4697,43,management,single,tertiary,no,1696,yes,no,cellular,yes
4698,60,management,married,tertiary,no,13546,no,no,cellular,yes
4699,26,management,single,tertiary,no,7628,no,no,cellular,no
4700,26,management,single,secondary,no,2613,no,no,cellular,yes
4701,27,technician,single,tertiary,no,1075,no,no,cellular,yes
4702,36,self-employed,married,secondary,no,1184,yes,no,cellular,yes
4703,30,technician,single,secondary,no,2371,no,no,cellular,yes
4704,33,services,married,tertiary,no,597,no,no,cellular,no
4705,44,unemployed,married,tertiary,no,1151,yes,no,unknown,no
4706,30,management,married,tertiary,no,6432,yes,no,cellular,no
4707,44,self-employed,divorced,secondary,no,8,no,no,cellular,yes
4708,48,blue-collar,married,primary,no,783,no,yes,cellular,no
4709,31,management,married,tertiary,no,4328,no,no,cellular,yes
4710,53,management,married,tertiary,no,3634,no,no,cellular,yes
4711,54,entrepreneur,divorced,unknown,no,4736,yes,no,telephone,yes
4712,59,entrepreneur,married,secondary,no,496,no,no,cellular,yes
4713,31,blue-collar,single,secondary,yes,-575,yes,no,unknown,no
4714,47,technician,divorced,secondary,no,1851,yes,no,unknown,no
4715,39,housemaid,married,tertiary,no,94,no,no,cellular,no
4716,50,technician,married,secondary,no,3370,no,no,cellular,yes
4717,34,technician,single,secondary,no,513,yes,no,cellular,no
4718,61,self-employed,divorced,tertiary,no,6610,no,no,cellular,yes
4719,35,management,single,tertiary,no,6659,yes,no,unknown,no
4720,38,self-employed,single,tertiary,no,1612,yes,no,cellular,yes
4721,58,housemaid,married,primary,no,435,yes,no,telephone,no
4722,48,self-employed,married,tertiary,no,16,yes,yes,cellular,no
4723,36,technician,single,secondary,no,376,no,no,cellular,yes
4724,29,technician,married,secondary,no,344,yes,yes,unknown,no
4725,33,management,married,secondary,no,3935,yes,no,cellular,yes
4726,33,blue-collar,married,primary,no,331,yes,no,unknown,no
4727,39,management,divorced,tertiary,no,517,yes,yes,unknown,yes
4728,35,management,married,tertiary,no,2717,no,no,cellular,yes
4729,26,admin.,single,tertiary,no,3672,yes,no,unknown,no
4730,48,housemaid,married,secondary,no,0,no,no,cellular,yes
4731,33,management,married,tertiary,no,271,yes,no,cellular,yes
4732,58,retired,single,primary,no,6570,no,no,cellular,no
4733,44,management,married,tertiary,no,0,yes,no,unknown,no
4734,36,management,married,tertiary,no,0,yes,no,cellular,yes
4735,40,management,single,tertiary,no,27,no,no,cellular,no
4736,48,admin.,married,secondary,no,191,yes,no,cellular,no
4737,77,retired,single,primary,no,300,no,no,cellular,no
4738,87,retired,married,secondary,no,433,no,no,telephone,no
4739,51,management,divorced,tertiary,no,1267,yes,no,unknown,no
4740,37,admin.,single,secondary,no,-261,no,yes,cellular,no
4741,57,admin.,divorced,secondary,no,658,no,no,cellular,yes
4742,47,technician,married,secondary,no,1219,no,no,cellular,yes
4743,37,management,married,tertiary,no,578,yes,no,cellular,no
4744,35,management,married,tertiary,no,354,no,yes,cellular,no
4745,29,services,single,secondary,no,-271,yes,no,unknown,yes
4746,38,management,single,tertiary,no,1746,yes,no,unknown,no
4747,27,admin.,married,secondary,no,3415,no,no,cellular,yes
4748,32,technician,single,tertiary,no,195,yes,no,cellular,no
4749,33,admin.,married,secondary,no,82,yes,no,cellular,yes
4750,57,retired,married,secondary,no,0,yes,no,cellular,no
4751,54,unknown,married,secondary,no,2206,no,no,cellular,yes
4752,28,blue-collar,single,tertiary,no,727,yes,no,unknown,no
4753,31,blue-collar,single,secondary,no,54,yes,no,cellular,yes
4754,53,retired,married,primary,no,136,yes,no,unknown,no
4755,56,management,married,unknown,no,4623,no,no,cellular,yes
4756,41,services,divorced,secondary,no,840,yes,no,cellular,yes
4757,40,technician,single,secondary,no,277,yes,no,unknown,no
4758,31,technician,married,unknown,no,14533,no,no,cellular,yes
4759,27,technician,single,tertiary,no,15161,no,no,cellular,yes
4760,54,technician,married,secondary,no,3323,yes,yes,cellular,no
4761,32,management,single,tertiary,no,316,yes,no,cellular,no
4762,33,services,married,secondary,no,5034,yes,no,unknown,no
4763,55,admin.,married,secondary,no,602,no,no,cellular,yes
4764,55,technician,divorced,tertiary,no,264,yes,no,unknown,no
4765,35,admin.,single,secondary,no,2452,yes,no,unknown,no
4766,39,admin.,single,secondary,no,6512,no,no,unknown,no
4767,48,management,single,tertiary,no,399,no,yes,cellular,no
4768,52,blue-collar,married,primary,no,1524,no,no,cellular,yes
4769,65,retired,married,primary,no,3629,no,no,cellular,yes
4770,35,admin.,single,secondary,no,0,no,yes,cellular,no
4771,36,services,married,primary,no,92,yes,no,cellular,yes
4772,55,technician,married,secondary,no,517,yes,yes,cellular,no
4773,52,technician,married,tertiary,no,2557,no,no,cellular,yes
4774,41,blue-collar,married,secondary,no,0,no,no,unknown,no
4775,40,blue-collar,married,secondary,no,1451,no,no,cellular,yes
4776,38,blue-collar,single,secondary,no,0,no,no,cellular,no
4777,50,entrepreneur,married,tertiary,no,2410,no,no,cellular,no
4778,38,management,single,tertiary,no,427,yes,no,cellular,no
4779,40,blue-collar,single,secondary,no,0,yes,no,unknown,no
4780,35,self-employed,single,primary,no,181,yes,no,unknown,no
4781,36,student,married,primary,no,3503,no,no,unknown,no
4782,32,blue-collar,married,secondary,no,10287,yes,no,cellular,yes
4783,36,technician,divorced,secondary,no,556,yes,no,cellular,no
4784,32,admin.,married,tertiary,no,284,yes,no,cellular,yes
4785,43,admin.,single,secondary,no,6,no,no,unknown,no
4786,42,services,married,secondary,no,737,yes,no,unknown,no
4787,50,admin.,single,secondary,no,3702,no,no,cellular,no
4788,55,management,married,tertiary,no,12972,no,no,telephone,yes
4789,43,technician,divorced,unknown,no,4389,no,no,cellular,yes
4790,27,student,single,secondary,no,67,no,no,telephone,yes
4791,52,services,married,unknown,no,337,yes,no,unknown,no
4792,43,blue-collar,married,unknown,no,285,yes,no,cellular,no
4793,29,blue-collar,married,secondary,no,294,yes,no,unknown,no
4794,42,management,married,tertiary,no,783,yes,no,cellular,no
4795,36,technician,married,tertiary,no,1354,no,no,cellular,yes
4796,32,technician,single,tertiary,no,390,yes,no,unknown,no
4797,67,retired,divorced,secondary,no,704,no,no,cellular,yes
4798,42,technician,divorced,tertiary,no,2611,yes,no,cellular,yes
4799,57,management,married,secondary,no,39,yes,no,cellular,no
4800,32,management,single,tertiary,no,7290,yes,no,cellular,yes
4801,41,blue-collar,married,secondary,no,5517,yes,no,cellular,yes
4802,41,blue-collar,married,primary,no,686,yes,no,cellular,no
4803,38,management,married,tertiary,no,4174,no,no,cellular,yes
4804,33,management,single,tertiary,no,307,no,no,cellular,no
4805,42,technician,married,secondary,no,2,no,no,unknown,no
4806,31,services,single,secondary,no,658,no,no,cellular,no
4807,26,management,single,tertiary,no,828,yes,no,cellular,yes
4808,43,blue-collar,married,secondary,no,-312,yes,no,unknown,no
4809,46,technician,divorced,tertiary,no,0,yes,no,cellular,no
4810,34,entrepreneur,married,secondary,no,456,yes,yes,cellular,no
4811,33,technician,single,tertiary,no,1393,yes,no,cellular,yes
4812,77,retired,married,secondary,no,2123,no,no,telephone,no
4813,38,entrepreneur,married,tertiary,no,1110,yes,no,cellular,yes
4814,50,admin.,married,secondary,no,4855,no,no,cellular,yes
4815,36,self-employed,single,tertiary,no,258,no,no,cellular,no
4816,40,blue-collar,married,primary,no,830,yes,no,cellular,yes
4817,37,unemployed,married,secondary,no,80,no,no,cellular,no
4818,36,unemployed,married,tertiary,no,4145,no,no,unknown,yes
4819,59,retired,married,secondary,no,2467,no,no,cellular,no
4820,50,unemployed,married,secondary,no,3357,no,no,cellular,yes
4821,46,entrepreneur,married,secondary,no,131,yes,no,cellular,no
4822,32,technician,single,tertiary,no,4071,no,no,cellular,yes
4823,43,blue-collar,married,primary,no,953,yes,no,unknown,no
4824,34,admin.,married,tertiary,no,142,yes,no,cellular,yes
4825,37,technician,married,unknown,no,189,no,no,cellular,yes
4826,32,student,single,tertiary,no,0,no,no,cellular,yes
4827,38,management,divorced,tertiary,no,4335,yes,no,cellular,no
4828,30,management,single,tertiary,no,4210,no,no,cellular,yes
4829,29,management,single,tertiary,no,572,yes,no,telephone,yes
4830,36,admin.,married,secondary,no,1954,yes,yes,cellular,no
4831,31,services,single,secondary,no,181,no,no,cellular,yes
4832,33,unemployed,single,tertiary,no,6748,no,no,cellular,yes
4833,57,management,married,tertiary,no,2681,no,no,cellular,yes
4834,56,technician,married,tertiary,no,1062,no,no,unknown,no
4835,52,technician,married,tertiary,no,0,no,yes,cellular,no
4836,44,admin.,married,secondary,yes,0,no,yes,unknown,no
4837,60,retired,married,secondary,no,7,no,yes,cellular,no
4838,34,management,married,tertiary,no,580,yes,no,cellular,no
4839,44,services,married,secondary,no,5781,yes,yes,cellular,no
4840,65,retired,married,tertiary,no,1973,no,no,telephone,yes
4841,37,admin.,married,secondary,no,1207,yes,no,telephone,yes
4842,59,admin.,divorced,secondary,no,1525,no,no,telephone,no
4843,59,management,divorced,tertiary,no,0,yes,no,cellular,no
4844,29,student,single,secondary,no,1779,no,no,cellular,yes
4845,36,services,married,secondary,no,3740,yes,no,cellular,no
4846,49,services,married,secondary,no,7019,yes,no,cellular,yes
4847,30,blue-collar,married,primary,no,201,yes,no,cellular,yes
4848,39,blue-collar,married,secondary,no,854,yes,yes,cellular,no
4849,49,technician,married,tertiary,no,1071,no,no,cellular,yes
4850,33,technician,married,secondary,no,-616,yes,yes,unknown,no
4851,34,technician,married,secondary,no,1,no,no,cellular,yes
4852,32,technician,single,secondary,no,719,yes,no,unknown,no
4853,28,management,single,tertiary,no,0,yes,no,cellular,yes
4854,25,student,single,tertiary,no,253,no,no,cellular,yes
4855,34,management,married,tertiary,no,303,yes,no,cellular,no
4856,26,services,married,secondary,no,54,yes,no,unknown,no
4857,28,admin.,single,unknown,no,2736,no,no,cellular,yes
4858,34,blue-collar,single,secondary,no,-72,yes,no,cellular,no
4859,28,technician,single,secondary,no,909,no,yes,cellular,yes
4860,61,admin.,married,unknown,no,4629,yes,no,cellular,yes
4861,41,management,married,tertiary,no,5561,no,no,cellular,yes
4862,61,management,married,tertiary,no,997,no,no,cellular,yes
4863,29,services,married,secondary,no,191,yes,no,cellular,no
4864,42,management,divorced,tertiary,no,238,no,no,cellular,yes
4865,26,blue-collar,divorced,secondary,no,0,yes,no,unknown,no
4866,60,retired,married,tertiary,no,2194,yes,no,telephone,no
4867,51,entrepreneur,married,primary,no,726,yes,yes,cellular,no
4868,25,services,married,secondary,no,4522,yes,no,cellular,no
4869,31,blue-collar,single,secondary,no,1979,yes,yes,cellular,yes
4870,39,admin.,married,secondary,no,607,yes,no,cellular,yes
4871,37,unemployed,single,tertiary,no,1032,no,no,telephone,no
4872,34,entrepreneur,married,tertiary,no,121,yes,no,telephone,no
4873,29,unknown,single,secondary,no,923,no,no,cellular,no
4874,53,management,married,tertiary,no,1624,no,no,cellular,yes
4875,38,management,single,tertiary,no,38,no,no,cellular,no
4876,30,unemployed,married,tertiary,no,0,yes,no,cellular,no
4877,63,blue-collar,married,primary,no,115,no,no,telephone,yes
4878,48,entrepreneur,married,secondary,no,104,yes,yes,cellular,no
4879,37,admin.,single,secondary,no,245,yes,yes,unknown,yes
4880,33,management,married,tertiary,no,2599,no,no,cellular,yes
4881,73,retired,married,tertiary,no,459,no,no,cellular,yes
4882,44,management,married,secondary,no,0,no,no,cellular,no
4883,35,management,divorced,tertiary,no,1723,yes,no,cellular,yes
4884,44,management,divorced,tertiary,no,2367,no,no,cellular,yes
4885,39,services,single,secondary,no,1048,yes,no,cellular,no
4886,32,blue-collar,single,primary,no,121,yes,no,cellular,yes
4887,50,blue-collar,married,secondary,no,907,no,yes,cellular,no
4888,29,technician,married,secondary,no,23,yes,no,cellular,yes
4889,40,admin.,married,secondary,no,0,no,no,cellular,yes
4890,47,self-employed,married,secondary,no,318,no,no,cellular,no
4891,31,services,single,tertiary,no,1626,no,no,unknown,no
4892,41,blue-collar,married,secondary,no,5060,no,no,cellular,yes
4893,45,entrepreneur,divorced,secondary,no,1187,no,yes,cellular,no
4894,35,technician,married,secondary,no,5553,yes,no,cellular,no
4895,28,management,single,tertiary,no,939,yes,no,unknown,yes
4896,31,blue-collar,single,primary,no,216,yes,no,unknown,yes
4897,49,unemployed,married,tertiary,no,377,no,no,cellular,no
4898,45,blue-collar,single,tertiary,no,-243,no,yes,cellular,no
4899,33,services,married,secondary,no,386,no,no,cellular,yes
4900,32,technician,single,tertiary,no,932,yes,no,cellular,yes
4901,41,services,married,secondary,no,3992,yes,no,telephone,no
4902,36,blue-collar,married,secondary,no,136,yes,no,unknown,no
4903,50,admin.,divorced,secondary,no,-194,yes,no,cellular,no
4904,45,management,married,tertiary,no,22815,no,no,cellular,no
4905,30,management,married,tertiary,no,419,yes,no,cellular,yes
4906,29,services,single,secondary,no,1008,yes,no,unknown,no
4907,51,retired,married,secondary,no,1435,no,no,unknown,yes
4908,50,blue-collar,married,unknown,no,605,yes,no,unknown,no
4909,35,technician,married,tertiary,no,416,no,no,cellular,no
4910,45,blue-collar,married,secondary,no,1144,yes,no,unknown,yes
4911,38,management,single,tertiary,no,6158,yes,no,cellular,yes
4912,45,blue-collar,divorced,secondary,no,-184,yes,no,cellular,yes
4913,55,retired,divorced,secondary,no,1580,no,yes,unknown,yes
4914,26,admin.,single,secondary,no,255,no,no,cellular,yes
4915,71,retired,married,primary,no,2600,no,no,cellular,yes
4916,55,technician,divorced,secondary,yes,4,no,no,cellular,yes
4917,46,services,married,secondary,no,375,no,no,telephone,no
4918,33,blue-collar,single,primary,no,1390,yes,no,unknown,no
4919,38,management,divorced,tertiary,no,151,yes,no,cellular,no
4920,40,blue-collar,married,primary,no,-22,yes,no,unknown,no
4921,35,management,single,tertiary,no,243,yes,no,unknown,no
4922,58,management,divorced,tertiary,no,5701,no,no,cellular,yes
4923,52,entrepreneur,divorced,secondary,no,105,no,yes,telephone,no
4924,29,management,single,tertiary,no,1026,no,no,cellular,yes
4925,60,retired,divorced,tertiary,no,979,yes,no,cellular,yes
4926,37,management,married,tertiary,no,1113,no,no,cellular,yes
4927,46,blue-collar,married,secondary,no,1147,yes,no,cellular,yes
4928,33,self-employed,single,tertiary,no,658,yes,no,cellular,yes
4929,40,blue-collar,married,secondary,no,299,yes,no,cellular,no
4930,50,management,single,tertiary,no,1200,no,no,cellular,yes
4931,33,management,single,tertiary,no,1120,no,no,cellular,yes
4932,34,self-employed,married,secondary,no,179,yes,yes,cellular,no
4933,39,unemployed,married,tertiary,no,201,no,no,cellular,yes
4934,38,technician,married,secondary,no,226,yes,no,unknown,yes
4935,40,technician,divorced,secondary,no,0,no,no,cellular,no
4936,41,admin.,single,secondary,no,90,yes,no,cellular,no
4937,56,unemployed,single,primary,no,1110,no,no,cellular,yes
4938,29,services,single,secondary,no,20,yes,no,unknown,no
4939,35,management,single,tertiary,no,1618,yes,yes,cellular,yes
4940,40,management,single,unknown,no,838,yes,no,unknown,no
4941,36,technician,single,secondary,no,664,no,no,cellular,no
4942,44,admin.,married,secondary,no,0,no,no,cellular,no
4943,56,retired,married,primary,no,9367,no,no,cellular,yes
4944,42,blue-collar,married,secondary,no,413,yes,no,cellular,yes
4945,53,entrepreneur,single,secondary,no,62,yes,no,unknown,yes
4946,59,retired,married,unknown,no,613,no,no,cellular,no
4947,24,student,single,secondary,no,822,no,no,cellular,yes
4948,32,management,single,secondary,no,131,yes,yes,cellular,yes
4949,82,retired,divorced,primary,no,0,no,no,telephone,yes
4950,51,blue-collar,married,unknown,no,0,no,no,unknown,no
4951,41,management,divorced,secondary,no,0,no,no,cellular,no
4952,34,blue-collar,married,primary,no,218,yes,yes,unknown,no
4953,32,admin.,divorced,secondary,no,-331,yes,yes,unknown,no
4954,26,blue-collar,single,secondary,no,535,no,no,cellular,yes
4955,60,admin.,married,secondary,no,3547,no,no,telephone,yes
4956,38,services,married,secondary,no,3165,yes,no,unknown,no
4957,58,housemaid,married,primary,no,237,no,no,telephone,no
4958,30,management,single,tertiary,no,1028,no,no,cellular,yes
4959,49,unknown,married,primary,no,341,yes,yes,unknown,yes
4960,42,technician,single,unknown,no,11115,no,no,cellular,yes
4961,29,self-employed,single,tertiary,no,805,no,no,cellular,yes
4962,45,housemaid,married,secondary,no,4068,no,no,cellular,yes
4963,49,blue-collar,married,secondary,no,598,yes,no,cellular,no
4964,26,technician,single,secondary,no,430,no,no,cellular,no
4965,44,unemployed,single,primary,yes,-4,no,yes,cellular,yes
4966,35,management,single,tertiary,no,1750,yes,no,cellular,yes
4967,37,management,single,tertiary,no,455,yes,no,cellular,yes
4968,37,unemployed,married,secondary,no,1978,no,no,cellular,yes
4969,44,management,divorced,tertiary,no,0,no,no,unknown,no
4970,37,self-employed,divorced,tertiary,no,60,no,yes,unknown,no
4971,30,management,single,tertiary,no,5359,no,no,cellular,yes
4972,49,services,married,secondary,no,1114,no,no,cellular,no
4973,68,retired,married,secondary,no,1316,no,no,telephone,no
4974,59,management,married,tertiary,no,287,yes,no,cellular,no
4975,44,blue-collar,married,secondary,no,2885,yes,no,unknown,no
4976,49,services,married,primary,no,5737,yes,no,unknown,no
4977,40,blue-collar,married,secondary,no,-839,yes,yes,cellular,yes
4978,41,management,married,tertiary,no,653,yes,no,telephone,no
4979,38,management,single,tertiary,no,4841,no,no,cellular,no
4980,52,technician,married,secondary,no,0,yes,no,cellular,yes
4981,40,blue-collar,married,unknown,no,1181,yes,no,cellular,yes
4982,47,student,single,unknown,no,107,no,no,telephone,no
4983,52,blue-collar,married,secondary,no,7119,no,yes,telephone,yes
4984,58,retired,married,primary,no,0,no,no,cellular,no
4985,86,retired,divorced,primary,no,0,no,no,telephone,yes
4986,34,blue-collar,married,secondary,no,182,no,no,cellular,yes
4987,29,unemployed,single,secondary,no,670,yes,no,unknown,no
4988,30,management,single,tertiary,no,13774,no,no,cellular,no
4989,40,blue-collar,married,secondary,no,188,yes,yes,unknown,yes
4990,51,admin.,married,secondary,no,241,no,no,cellular,yes
4991,24,services,married,secondary,no,4500,yes,no,cellular,yes
4992,38,entrepreneur,married,tertiary,no,7752,yes,no,cellular,no
4993,30,technician,single,secondary,no,133,yes,no,cellular,no
4994,41,management,married,tertiary,no,0,no,no,cellular,yes
4995,28,self-employed,single,tertiary,no,805,no,no,cellular,no
4996,67,retired,married,primary,no,942,no,no,cellular,yes
4997,58,entrepreneur,married,tertiary,no,776,yes,no,telephone,yes
4998,63,retired,married,secondary,no,1612,no,no,telephone,yes
4999,23,services,single,secondary,no,425,yes,no,unknown,yes
5000,33,technician,single,secondary,no,930,yes,no,cellular,no
5001,55,blue-collar,married,primary,no,11,no,no,unknown,no
5002,25,services,single,secondary,no,628,no,no,cellular,no
5003,53,admin.,married,primary,no,228,yes,no,unknown,no
5004,54,self-employed,divorced,primary,no,351,yes,no,unknown,yes
5005,30,management,married,tertiary,no,233,yes,no,unknown,no
5006,61,retired,married,secondary,no,11,no,no,cellular,yes
5007,26,technician,married,secondary,no,915,no,no,cellular,yes
5008,61,retired,divorced,primary,no,3624,no,no,cellular,yes
5009,39,management,single,secondary,no,120,no,no,unknown,no
5010,52,blue-collar,married,secondary,no,5828,yes,no,telephone,no
5011,42,self-employed,married,primary,no,3717,no,no,unknown,no
5012,31,services,married,secondary,no,593,yes,no,cellular,no
5013,31,blue-collar,divorced,secondary,no,-209,yes,no,cellular,no
5014,42,management,divorced,tertiary,no,1243,no,no,cellular,yes
5015,33,technician,married,secondary,no,2362,yes,no,cellular,no
5016,45,technician,divorced,secondary,no,146,no,no,cellular,no
5017,36,management,single,tertiary,no,1027,yes,no,cellular,no
5018,30,management,married,tertiary,no,882,no,no,cellular,no
5019,36,self-employed,married,tertiary,no,506,no,no,cellular,yes
5020,30,management,single,tertiary,no,398,no,no,cellular,yes
5021,47,blue-collar,married,secondary,no,1536,yes,no,cellular,no
5022,49,admin.,married,secondary,no,10250,yes,no,telephone,yes
5023,36,management,single,secondary,no,0,no,no,cellular,no
5024,53,management,divorced,tertiary,no,380,no,yes,cellular,yes
5025,33,management,married,tertiary,no,62,yes,no,cellular,no
5026,27,technician,single,secondary,yes,0,no,yes,cellular,yes
5027,36,blue-collar,married,secondary,no,274,yes,no,unknown,yes
5028,37,management,single,tertiary,no,340,no,no,cellular,no
5029,24,services,single,secondary,yes,-122,yes,no,unknown,yes
5030,38,management,married,tertiary,no,1440,no,no,cellular,no
5031,43,blue-collar,single,secondary,no,3,yes,no,unknown,yes
5032,42,management,married,tertiary,no,187,no,no,cellular,no
5033,33,management,single,tertiary,no,3770,no,no,cellular,no
5034,57,technician,divorced,secondary,no,470,no,no,cellular,yes
5035,35,blue-collar,married,secondary,no,1949,yes,no,unknown,no
5036,22,student,single,unknown,no,1215,no,no,cellular,yes
5037,31,technician,single,tertiary,no,967,no,no,cellular,no
5038,41,technician,married,secondary,no,0,no,no,cellular,no
5039,22,student,single,secondary,no,144,no,no,cellular,yes
5040,50,services,married,secondary,no,901,yes,no,unknown,no
5041,29,management,married,tertiary,no,318,yes,no,cellular,no
5042,47,blue-collar,married,secondary,no,116,yes,no,unknown,no
5043,46,management,divorced,tertiary,no,-130,yes,no,cellular,yes
5044,35,management,married,tertiary,no,1193,yes,no,unknown,no
5045,58,retired,married,primary,no,1351,yes,no,telephone,no
5046,41,entrepreneur,married,primary,no,406,no,no,unknown,no
5047,39,services,single,tertiary,no,410,no,no,unknown,no
5048,57,retired,divorced,tertiary,no,734,no,no,cellular,yes
5049,40,technician,divorced,secondary,no,2394,no,no,unknown,no
5050,34,self-employed,married,tertiary,no,0,no,no,cellular,yes
5051,25,management,married,unknown,no,448,no,no,cellular,yes
5052,49,management,married,tertiary,no,5887,no,no,cellular,yes
5053,35,blue-collar,married,unknown,no,520,yes,no,cellular,yes
5054,34,entrepreneur,married,primary,no,7279,yes,no,cellular,yes
5055,31,services,single,secondary,no,85,no,no,cellular,no
5056,35,services,married,secondary,no,0,yes,no,cellular,no
5057,33,blue-collar,single,primary,no,863,yes,no,telephone,yes
5058,32,management,single,tertiary,no,354,no,no,cellular,yes
5059,52,management,married,tertiary,no,583,no,no,cellular,yes
5060,35,services,married,secondary,no,2918,no,yes,cellular,yes
5061,50,admin.,married,secondary,no,219,yes,no,cellular,no
5062,44,management,married,tertiary,no,309,yes,no,cellular,yes
5063,34,management,single,tertiary,no,212,no,no,cellular,yes
5064,79,retired,married,secondary,no,8304,no,no,telephone,yes
5065,61,management,married,secondary,no,967,no,no,cellular,no
5066,45,blue-collar,married,secondary,no,521,yes,no,unknown,no
5067,60,retired,divorced,secondary,no,1091,no,no,cellular,yes
5068,53,blue-collar,divorced,primary,no,4401,no,no,telephone,yes
5069,29,technician,single,secondary,no,590,no,no,cellular,yes
5070,49,technician,divorced,secondary,no,-236,yes,no,unknown,no
5071,35,technician,married,tertiary,no,22,no,no,cellular,no
5072,35,blue-collar,married,secondary,no,257,yes,no,cellular,no
5073,38,student,single,unknown,no,64,no,no,cellular,no
5074,39,management,married,secondary,no,215,no,no,cellular,yes
5075,35,management,single,tertiary,no,0,no,no,cellular,no
5076,46,blue-collar,married,primary,no,369,yes,no,unknown,yes
5077,34,management,single,tertiary,no,2646,no,no,cellular,yes
5078,54,technician,married,secondary,no,0,no,no,cellular,yes
5079,23,technician,single,secondary,no,4545,no,no,cellular,no
5080,39,management,married,tertiary,no,1836,no,no,cellular,yes
5081,33,technician,single,secondary,no,2085,no,no,cellular,yes
5082,62,retired,married,secondary,no,298,no,no,cellular,yes
5083,39,technician,married,primary,no,2118,yes,no,cellular,no
5084,38,management,single,tertiary,no,690,yes,no,unknown,no
5085,31,services,married,secondary,no,447,no,no,cellular,yes
5086,25,student,single,secondary,no,2975,no,no,cellular,yes
5087,50,housemaid,single,primary,no,1158,yes,no,cellular,no
5088,59,admin.,single,secondary,no,4744,no,no,cellular,yes
5089,43,admin.,married,secondary,no,2,yes,yes,cellular,no
5090,30,management,single,tertiary,no,156,yes,no,unknown,no
5091,41,technician,divorced,secondary,no,75,no,no,cellular,no
5092,31,technician,single,tertiary,no,252,no,no,cellular,yes
5093,50,admin.,married,secondary,no,3608,yes,no,cellular,yes
5094,67,retired,married,secondary,no,1146,no,no,cellular,yes
5095,35,management,single,tertiary,no,0,no,no,cellular,no
5096,27,management,single,tertiary,no,6791,no,no,telephone,no
5097,30,technician,married,secondary,no,450,no,yes,cellular,no
5098,36,blue-collar,married,secondary,no,1049,yes,no,cellular,yes
5099,29,student,single,secondary,no,1377,yes,no,cellular,yes
5100,36,blue-collar,married,primary,no,378,yes,no,cellular,yes
5101,33,services,married,secondary,no,804,yes,yes,unknown,no
5102,49,technician,married,secondary,no,1091,no,no,telephone,no
5103,49,technician,married,secondary,no,378,no,no,unknown,no
5104,40,blue-collar,divorced,secondary,no,0,yes,no,unknown,no
5105,32,housemaid,divorced,secondary,no,-613,yes,no,cellular,no
5106,36,unemployed,single,tertiary,no,1291,no,no,cellular,yes
5107,44,technician,married,tertiary,no,1933,no,no,cellular,yes
5108,42,management,married,tertiary,no,441,no,no,cellular,no
5109,33,management,single,secondary,no,2955,yes,no,cellular,no
5110,42,services,married,secondary,no,774,no,no,cellular,yes
5111,34,blue-collar,single,secondary,no,3043,yes,yes,cellular,yes
5112,37,admin.,divorced,tertiary,no,4708,no,no,cellular,yes
5113,34,services,married,secondary,no,-16,yes,yes,unknown,no
5114,29,management,married,tertiary,no,16,yes,no,cellular,no
5115,29,management,single,tertiary,no,9407,no,no,cellular,yes
5116,36,management,single,tertiary,no,479,no,no,cellular,yes
5117,42,blue-collar,divorced,primary,no,301,yes,no,cellular,yes
5118,27,self-employed,married,tertiary,no,10005,yes,no,cellular,no
5119,30,blue-collar,married,secondary,no,-529,yes,no,cellular,no
5120,27,technician,single,secondary,no,489,yes,no,cellular,yes
5121,30,technician,single,secondary,no,853,no,no,cellular,yes
5122,37,management,married,tertiary,no,21,yes,no,unknown,no
5123,36,management,single,tertiary,no,2646,no,no,cellular,yes
5124,44,technician,married,secondary,no,0,yes,no,unknown,no
5125,24,student,single,secondary,no,125,no,no,cellular,yes
5126,36,technician,married,primary,no,0,no,no,unknown,yes
5127,51,unemployed,married,secondary,no,234,no,no,cellular,yes
5128,26,student,single,tertiary,no,97,no,no,cellular,no
5129,47,management,married,secondary,no,21,yes,no,cellular,no
5130,30,technician,single,secondary,no,298,yes,no,unknown,no
5131,59,services,married,secondary,no,307,yes,yes,unknown,no
5132,70,retired,divorced,secondary,no,0,no,no,cellular,yes
5133,46,management,married,tertiary,no,273,yes,no,cellular,yes
5134,52,technician,married,secondary,no,386,no,no,cellular,yes
5135,31,services,single,secondary,no,1629,yes,no,unknown,no
5136,33,services,single,tertiary,no,1595,yes,no,unknown,no
5137,41,blue-collar,married,primary,no,219,no,yes,unknown,yes
5138,39,admin.,divorced,secondary,no,878,yes,no,cellular,yes
5139,52,self-employed,divorced,secondary,no,385,no,yes,cellular,no
5140,61,management,married,secondary,no,985,no,no,cellular,yes
5141,47,unemployed,married,secondary,no,926,no,no,cellular,yes
5142,49,management,married,tertiary,no,413,no,yes,cellular,no
5143,59,retired,single,secondary,yes,-341,no,yes,cellular,no
5144,33,technician,married,secondary,no,0,no,no,cellular,no
5145,35,admin.,divorced,secondary,no,3636,no,yes,cellular,yes
5146,55,entrepreneur,married,secondary,no,27624,no,no,telephone,yes
5147,41,blue-collar,married,secondary,no,449,yes,yes,cellular,no
5148,61,retired,married,secondary,no,89,no,no,cellular,no
5149,46,management,married,tertiary,no,2817,no,no,cellular,yes
5150,34,services,married,secondary,no,190,yes,no,cellular,no
5151,56,retired,married,secondary,no,74,yes,no,unknown,no
5152,31,management,married,tertiary,no,141,yes,no,cellular,yes
5153,40,management,single,tertiary,no,0,yes,no,cellular,yes
5154,44,services,married,secondary,no,808,yes,no,unknown,no
5155,45,blue-collar,married,secondary,no,96,yes,no,cellular,yes
5156,59,admin.,married,secondary,no,3735,no,no,cellular,yes
5157,62,blue-collar,married,secondary,no,272,no,no,cellular,yes
5158,29,admin.,single,secondary,no,127,yes,yes,cellular,no
5159,36,admin.,single,secondary,no,787,no,no,unknown,no
5160,41,unemployed,single,tertiary,no,7968,no,no,cellular,yes
5161,43,services,married,secondary,no,1220,no,no,cellular,no
5162,31,services,married,secondary,no,1167,yes,yes,cellular,no
5163,36,management,married,tertiary,no,2547,no,no,cellular,no
5164,54,blue-collar,married,primary,no,244,yes,no,cellular,no
5165,35,blue-collar,married,secondary,no,126,yes,no,cellular,no
5166,49,blue-collar,married,secondary,no,1946,no,no,cellular,yes
5167,46,management,married,tertiary,no,3,no,no,cellular,no
5168,49,technician,married,secondary,no,307,no,no,cellular,yes
5169,29,admin.,single,secondary,no,382,yes,no,unknown,no
5170,41,technician,married,secondary,no,1066,no,no,cellular,yes
5171,50,management,married,tertiary,no,469,no,no,cellular,yes
5172,32,management,single,tertiary,no,718,yes,no,cellular,yes
5173,29,technician,single,secondary,no,110,yes,no,cellular,yes
5174,40,entrepreneur,married,primary,no,3676,yes,yes,unknown,no
5175,39,blue-collar,divorced,primary,no,3,no,yes,unknown,no
5176,50,technician,married,secondary,no,103,yes,no,cellular,no
5177,39,blue-collar,married,primary,no,118,no,no,cellular,yes
5178,48,services,married,primary,no,483,no,no,cellular,no
5179,55,blue-collar,married,secondary,no,196,no,no,cellular,yes
5180,38,management,married,tertiary,no,590,no,no,cellular,no
5181,55,management,married,tertiary,no,1161,yes,no,cellular,no
5182,55,services,single,secondary,no,1539,no,no,unknown,no
5183,30,admin.,married,secondary,no,482,no,no,cellular,no
5184,67,retired,married,primary,no,1430,no,no,telephone,yes
5185,40,technician,married,secondary,no,1270,no,no,cellular,no
5186,85,retired,married,primary,no,1255,no,no,cellular,yes
5187,48,management,married,tertiary,no,308,yes,no,cellular,no
5188,34,technician,married,secondary,no,0,no,no,cellular,no
5189,46,management,divorced,tertiary,no,1297,no,no,cellular,yes
5190,50,management,married,tertiary,no,938,no,no,cellular,yes
5191,45,unknown,married,tertiary,no,406,no,no,cellular,yes
5192,56,management,married,tertiary,no,0,no,yes,unknown,yes
5193,35,technician,single,secondary,no,183,no,no,cellular,no
5194,35,self-employed,single,tertiary,no,-30,no,no,cellular,no
5195,56,blue-collar,married,secondary,no,385,no,no,cellular,no
5196,29,blue-collar,single,secondary,no,234,yes,no,cellular,no
5197,26,technician,single,secondary,no,3244,no,no,cellular,no
5198,42,blue-collar,single,primary,no,1628,yes,no,cellular,yes
5199,57,management,married,tertiary,no,10583,no,no,cellular,yes
5200,71,retired,married,tertiary,no,14220,yes,no,cellular,yes
5201,65,admin.,married,secondary,no,952,no,no,cellular,yes
5202,33,blue-collar,divorced,primary,no,390,yes,no,unknown,yes
5203,31,admin.,married,secondary,no,307,yes,no,unknown,yes
5204,31,management,single,tertiary,no,307,no,no,cellular,yes
5205,33,admin.,single,tertiary,no,2,no,no,cellular,no
5206,57,technician,married,secondary,no,6362,yes,yes,cellular,no
5207,45,blue-collar,married,secondary,no,1723,no,no,cellular,yes
5208,43,technician,married,secondary,no,310,yes,no,unknown,no
5209,54,retired,divorced,tertiary,no,349,yes,no,cellular,no
5210,32,admin.,married,secondary,no,8749,yes,yes,unknown,yes
5211,45,management,married,tertiary,no,1529,no,no,cellular,no
5212,34,management,married,tertiary,no,158,no,no,cellular,yes
5213,34,management,divorced,tertiary,no,70,yes,no,unknown,no
5214,37,management,married,tertiary,no,2987,yes,no,cellular,yes
5215,26,admin.,single,secondary,no,1099,no,no,cellular,no
5216,56,blue-collar,divorced,primary,no,3021,no,no,unknown,no
5217,38,self-employed,single,secondary,no,592,no,no,cellular,no
5218,31,management,divorced,tertiary,no,414,no,yes,cellular,yes
5219,41,management,married,tertiary,no,217,no,no,cellular,no
5220,77,unknown,married,unknown,no,397,no,no,telephone,no
5221,39,unemployed,married,secondary,no,1654,no,no,unknown,no
5222,34,management,married,tertiary,no,3047,no,no,cellular,yes
5223,36,admin.,married,secondary,no,96,no,no,cellular,yes
5224,23,blue-collar,married,primary,no,-213,no,no,unknown,no
5225,58,admin.,married,unknown,no,0,yes,no,cellular,no
5226,47,blue-collar,divorced,primary,no,126,yes,no,unknown,yes
5227,56,management,married,tertiary,no,412,no,no,telephone,no
5228,29,admin.,divorced,secondary,no,504,yes,no,cellular,no
5229,61,retired,married,secondary,no,938,no,no,cellular,yes
5230,29,self-employed,married,secondary,no,123,no,yes,cellular,yes
5231,39,blue-collar,married,secondary,no,11854,yes,no,cellular,no
5232,47,admin.,married,secondary,no,368,no,no,cellular,yes
5233,27,blue-collar,single,secondary,no,-208,yes,no,unknown,no
5234,56,services,married,primary,no,444,yes,no,unknown,no
5235,34,blue-collar,married,secondary,no,262,no,no,cellular,yes
5236,38,services,married,secondary,no,0,no,yes,cellular,no
5237,53,blue-collar,married,primary,no,2295,no,no,cellular,no
5238,36,blue-collar,married,secondary,no,3463,yes,no,telephone,no
5239,40,blue-collar,married,secondary,no,1028,yes,yes,cellular,no
5240,30,blue-collar,married,primary,no,5956,yes,yes,cellular,no
5241,42,blue-collar,married,primary,no,0,yes,yes,cellular,no
5242,42,management,married,unknown,no,849,yes,no,cellular,yes
5243,33,management,single,tertiary,no,1859,yes,no,cellular,no
5244,61,retired,married,primary,no,0,yes,yes,telephone,no
5245,34,management,married,tertiary,no,0,no,no,cellular,yes
5246,25,blue-collar,single,secondary,no,1243,no,yes,cellular,yes
5247,34,blue-collar,married,primary,no,15841,yes,no,cellular,no
5248,30,management,single,tertiary,no,364,no,no,cellular,yes
5249,31,unemployed,single,primary,no,406,no,no,cellular,yes
5250,36,entrepreneur,divorced,tertiary,no,3407,no,no,cellular,yes
5251,36,self-employed,single,tertiary,no,4844,no,no,unknown,yes
5252,30,admin.,married,secondary,no,873,yes,no,unknown,yes
5253,69,retired,married,unknown,no,426,no,no,telephone,yes
5254,31,technician,single,tertiary,no,13711,yes,no,cellular,yes
5255,45,admin.,married,secondary,no,256,no,no,cellular,no
5256,34,management,divorced,tertiary,no,2885,no,no,cellular,yes
5257,35,management,single,tertiary,no,1162,no,no,cellular,yes
5258,42,technician,married,secondary,yes,-197,yes,no,cellular,no
5259,39,unemployed,married,secondary,no,270,yes,no,unknown,no
5260,42,admin.,divorced,secondary,no,527,no,yes,cellular,yes
5261,26,technician,single,secondary,no,237,yes,no,cellular,yes
5262,44,technician,married,secondary,no,267,no,no,cellular,yes
5263,77,retired,married,primary,no,1492,no,no,telephone,no
5264,60,services,married,secondary,no,8837,yes,no,unknown,no
5265,37,admin.,married,secondary,no,1967,no,no,telephone,yes
5266,30,management,married,tertiary,no,-181,yes,no,cellular,no
5267,33,admin.,married,secondary,no,0,yes,yes,cellular,no
5268,35,blue-collar,married,secondary,no,2200,yes,no,cellular,no
5269,46,management,married,primary,no,3229,yes,no,cellular,yes
5270,33,blue-collar,married,secondary,no,139,yes,yes,cellular,yes
5271,30,admin.,married,secondary,no,15,yes,no,unknown,no
5272,28,admin.,single,secondary,no,127,no,no,cellular,yes
5273,36,services,divorced,primary,no,418,yes,no,cellular,no
5274,48,admin.,married,secondary,no,292,yes,yes,cellular,no
5275,38,self-employed,married,secondary,no,138,no,no,unknown,no
5276,39,management,single,unknown,no,2887,yes,no,unknown,no
5277,31,technician,married,secondary,no,-360,yes,no,unknown,no
5278,42,admin.,single,secondary,no,30,yes,no,cellular,no
5279,35,unemployed,single,tertiary,no,415,no,no,cellular,yes
5280,26,unemployed,single,secondary,no,461,no,no,cellular,no
5281,63,retired,married,tertiary,no,1795,no,no,cellular,yes
5282,65,retired,married,tertiary,no,1948,no,no,cellular,no
5283,38,blue-collar,married,primary,no,7944,no,no,unknown,no
5284,40,services,married,secondary,no,2346,no,no,unknown,no
5285,52,services,married,secondary,no,-336,no,yes,unknown,no
5286,47,blue-collar,married,secondary,no,4709,no,no,cellular,no
5287,36,technician,single,secondary,no,12264,no,no,cellular,yes
5288,63,retired,divorced,secondary,no,859,no,no,cellular,no
5289,26,admin.,single,secondary,no,2509,no,no,cellular,yes
5290,74,retired,married,primary,no,5539,no,no,cellular,no
5291,30,management,single,tertiary,no,136,yes,no,unknown,no
5292,53,technician,married,primary,no,6181,no,no,cellular,yes
5293,42,management,married,unknown,no,1519,no,no,cellular,yes
5294,32,technician,single,secondary,no,945,no,no,cellular,no
5295,55,management,married,tertiary,no,5010,no,no,cellular,no
5296,48,technician,married,unknown,no,67,yes,no,unknown,no
5297,39,admin.,single,secondary,no,14,yes,yes,unknown,no
5298,42,unknown,single,unknown,no,942,no,no,cellular,yes
5299,59,technician,married,secondary,no,135,yes,yes,cellular,yes
5300,42,blue-collar,married,primary,no,402,no,no,cellular,no
5301,32,technician,married,secondary,no,255,no,yes,cellular,no
5302,29,management,single,tertiary,no,1377,no,no,cellular,yes
5303,30,admin.,divorced,secondary,no,10,yes,no,cellular,yes
5304,59,management,married,tertiary,no,553,yes,no,cellular,yes
5305,52,blue-collar,married,secondary,no,1405,no,yes,cellular,yes
5306,41,admin.,single,secondary,no,-109,yes,yes,cellular,yes
5307,49,blue-collar,married,primary,no,128,no,no,cellular,yes
5308,49,technician,married,secondary,no,788,no,no,unknown,no
5309,47,admin.,married,secondary,no,3676,no,no,cellular,yes
5310,35,management,single,tertiary,no,-292,yes,no,cellular,no
5311,34,management,single,tertiary,no,417,yes,no,cellular,yes
5312,38,management,married,tertiary,no,613,no,no,cellular,yes
5313,28,blue-collar,single,secondary,no,39,no,no,cellular,no
5314,40,technician,married,secondary,no,312,no,no,cellular,yes
5315,27,blue-collar,married,primary,yes,-588,no,no,unknown,no
5316,39,management,married,tertiary,no,1795,no,no,cellular,yes
5317,56,technician,divorced,secondary,no,179,no,no,cellular,yes
5318,47,blue-collar,married,primary,no,292,no,yes,telephone,no
5319,30,management,single,tertiary,no,162,yes,no,unknown,no
5320,45,admin.,married,secondary,no,967,no,no,unknown,no
5321,38,admin.,married,secondary,no,0,yes,yes,cellular,yes
5322,35,blue-collar,married,secondary,no,1098,yes,no,unknown,no
5323,28,technician,single,secondary,no,313,no,no,cellular,yes
5324,53,blue-collar,married,secondary,no,974,yes,no,unknown,no
5325,33,management,divorced,tertiary,no,2885,no,no,cellular,yes
5326,32,blue-collar,single,secondary,no,799,no,yes,cellular,yes
5327,55,retired,married,tertiary,no,357,yes,no,cellular,no
5328,27,student,single,secondary,no,6036,no,no,cellular,yes
5329,45,technician,married,secondary,no,0,yes,no,cellular,yes
5330,28,admin.,married,tertiary,no,174,yes,yes,cellular,no
5331,22,student,single,secondary,no,107,no,no,cellular,yes
5332,47,admin.,married,unknown,no,66,no,no,cellular,yes
5333,27,admin.,single,tertiary,no,1993,yes,no,cellular,no
5334,40,unemployed,married,primary,no,1908,yes,no,cellular,yes
5335,45,management,single,tertiary,no,4831,no,no,cellular,yes
5336,40,services,married,secondary,no,-192,yes,no,cellular,yes
5337,30,technician,single,secondary,no,1165,no,no,cellular,yes
5338,48,blue-collar,married,secondary,no,1730,yes,no,cellular,yes
5339,32,management,married,tertiary,no,0,no,no,cellular,no
5340,41,blue-collar,divorced,primary,no,138,yes,no,cellular,yes
5341,43,blue-collar,single,secondary,no,318,yes,no,unknown,yes
5342,31,admin.,single,secondary,no,622,no,no,cellular,yes
5343,38,technician,single,secondary,no,145,yes,no,unknown,no
5344,34,admin.,single,secondary,no,6979,yes,no,cellular,no
5345,29,management,single,tertiary,no,54,yes,yes,unknown,no
5346,38,blue-collar,married,primary,no,467,yes,no,unknown,no
5347,33,blue-collar,married,secondary,no,263,yes,no,unknown,no
5348,37,technician,single,tertiary,no,1609,no,yes,unknown,no
5349,32,self-employed,divorced,tertiary,no,3271,no,no,cellular,yes
5350,40,unemployed,married,secondary,no,1289,no,no,cellular,no
5351,32,entrepreneur,married,tertiary,no,598,no,no,cellular,no
5352,37,management,married,tertiary,no,6014,yes,no,cellular,no
5353,28,services,married,secondary,no,222,yes,no,unknown,no
5354,56,blue-collar,married,primary,no,8163,no,no,cellular,yes
5355,64,retired,married,secondary,no,3189,no,no,telephone,yes
5356,23,services,single,secondary,no,870,no,no,cellular,yes
5357,38,blue-collar,single,secondary,no,0,no,no,cellular,yes
5358,49,services,married,secondary,no,653,no,no,cellular,no
5359,28,blue-collar,single,primary,no,442,no,no,cellular,no
5360,49,management,divorced,tertiary,no,348,no,no,cellular,yes
5361,60,management,married,tertiary,no,3301,no,no,unknown,yes
5362,46,unemployed,married,secondary,no,2551,no,no,cellular,yes
5363,46,housemaid,married,secondary,no,38,no,no,cellular,yes
5364,34,technician,married,tertiary,no,8029,yes,no,cellular,yes
5365,53,blue-collar,divorced,primary,no,4401,no,no,telephone,yes
5366,51,blue-collar,married,unknown,no,0,yes,no,telephone,no
5367,27,technician,single,tertiary,no,11862,no,no,cellular,yes
5368,55,blue-collar,married,primary,no,781,yes,no,cellular,no
5369,56,technician,single,secondary,no,751,yes,no,cellular,no
5370,60,housemaid,married,primary,no,1163,no,no,cellular,yes
5371,55,admin.,married,secondary,no,602,no,no,cellular,yes
5372,32,management,married,tertiary,no,81,yes,no,cellular,no
5373,38,services,married,secondary,no,133,yes,no,unknown,no
5374,41,blue-collar,single,secondary,yes,1085,yes,yes,cellular,yes
5375,40,technician,divorced,tertiary,no,1871,yes,no,cellular,no
5376,41,management,married,secondary,no,280,yes,no,cellular,yes
5377,34,blue-collar,married,secondary,no,634,no,yes,cellular,yes
5378,33,management,single,tertiary,no,349,no,no,cellular,no
5379,48,housemaid,married,secondary,no,513,no,yes,cellular,yes
5380,60,services,married,tertiary,no,4256,yes,no,cellular,yes
5381,41,technician,married,tertiary,no,1517,no,no,cellular,yes
5382,59,retired,divorced,secondary,no,5583,yes,no,cellular,yes
5383,44,admin.,divorced,secondary,no,21,yes,no,cellular,no
5384,39,management,single,tertiary,no,5073,yes,no,cellular,yes
5385,38,services,single,secondary,no,2253,yes,no,cellular,yes
5386,33,self-employed,single,tertiary,no,562,yes,yes,cellular,yes
5387,38,technician,single,tertiary,no,69,yes,no,cellular,no
5388,47,management,married,tertiary,no,600,no,no,cellular,yes
5389,45,services,single,secondary,no,482,yes,yes,unknown,no
5390,37,self-employed,married,secondary,no,1633,no,no,cellular,yes
5391,28,admin.,divorced,secondary,no,-504,yes,yes,cellular,yes
5392,28,management,single,tertiary,no,187,no,no,cellular,yes
5393,44,blue-collar,married,secondary,no,3060,yes,no,cellular,no
5394,33,blue-collar,married,primary,no,5,yes,no,cellular,yes
5395,32,technician,single,tertiary,no,3818,no,no,cellular,no
5396,90,retired,divorced,secondary,no,1,no,no,cellular,yes
5397,39,blue-collar,divorced,secondary,no,33,no,no,cellular,no
5398,30,services,single,tertiary,no,803,no,no,cellular,no
5399,27,technician,single,secondary,no,740,yes,no,cellular,no
5400,48,technician,divorced,tertiary,no,83,no,yes,cellular,no
5401,24,management,married,unknown,no,448,no,no,cellular,yes
5402,35,unemployed,single,secondary,no,295,no,no,unknown,yes
5403,47,management,married,tertiary,no,3663,no,no,cellular,yes
5404,59,housemaid,married,primary,no,-187,yes,no,telephone,no
5405,30,management,single,tertiary,no,697,no,no,cellular,yes
5406,34,admin.,married,secondary,no,2374,yes,no,cellular,yes
5407,27,blue-collar,single,secondary,no,137,no,yes,cellular,no
5408,49,technician,divorced,secondary,no,972,no,no,cellular,no
5409,48,technician,married,secondary,no,197,no,yes,cellular,no
5410,31,technician,single,tertiary,no,23,no,no,cellular,no
5411,52,management,married,secondary,no,335,no,no,cellular,yes
5412,52,technician,married,secondary,no,475,yes,no,cellular,no
5413,53,management,married,tertiary,no,1356,yes,no,cellular,no
5414,36,management,single,tertiary,no,2163,no,no,cellular,no
5415,30,management,single,secondary,no,4642,yes,no,cellular,yes
5416,32,technician,married,secondary,no,348,yes,no,cellular,yes
5417,33,services,married,secondary,no,70,yes,no,cellular,no
5418,30,technician,single,secondary,no,3096,yes,no,cellular,no
5419,27,management,single,secondary,no,116,yes,no,cellular,no
5420,46,management,divorced,tertiary,no,624,no,no,cellular,yes
5421,48,housemaid,married,primary,no,7195,no,no,cellular,yes
5422,55,blue-collar,single,tertiary,no,325,yes,no,unknown,no
5423,30,technician,divorced,tertiary,no,317,yes,no,cellular,no
5424,26,blue-collar,married,secondary,no,895,yes,no,cellular,no
5425,51,blue-collar,married,primary,no,129,yes,no,cellular,yes
5426,27,student,single,secondary,no,279,no,no,cellular,yes
5427,70,retired,married,secondary,no,2064,no,no,cellular,no
5428,42,retired,married,primary,no,0,yes,no,unknown,no
5429,34,technician,single,secondary,no,179,no,no,cellular,no
5430,32,blue-collar,single,secondary,no,811,yes,no,cellular,yes
5431,37,management,married,tertiary,no,620,yes,no,cellular,no
5432,39,technician,married,secondary,no,116,no,no,cellular,yes
5433,35,technician,married,secondary,no,545,yes,no,cellular,yes
5434,65,retired,married,secondary,no,20806,no,no,telephone,yes
5435,60,retired,married,secondary,no,2060,no,no,cellular,no
5436,49,management,divorced,tertiary,no,755,no,no,cellular,yes
5437,27,management,single,tertiary,no,12956,yes,no,unknown,yes
5438,46,technician,married,unknown,no,3308,no,no,cellular,yes
5439,46,admin.,single,secondary,no,849,yes,no,unknown,yes
5440,29,technician,married,secondary,no,428,no,no,cellular,no
5441,42,technician,single,unknown,no,11115,no,no,cellular,yes
5442,38,services,married,secondary,no,1970,yes,no,cellular,yes
5443,66,housemaid,married,primary,no,40,no,no,telephone,yes
5444,32,technician,married,secondary,no,4790,yes,no,cellular,no
5445,31,admin.,married,secondary,no,3,yes,no,cellular,no
5446,58,entrepreneur,married,secondary,no,496,no,no,cellular,yes
5447,30,blue-collar,single,secondary,no,2145,yes,no,cellular,yes
5448,32,services,single,secondary,no,1168,yes,no,cellular,yes
5449,54,technician,single,secondary,no,224,no,no,cellular,no
5450,32,services,single,secondary,no,2459,yes,yes,unknown,no
5451,30,blue-collar,single,secondary,no,315,no,no,cellular,yes
5452,39,services,married,primary,no,324,yes,no,cellular,no
5453,37,unemployed,single,secondary,no,48,no,no,cellular,no
5454,61,retired,married,unknown,no,-492,no,yes,unknown,no
5455,39,services,divorced,secondary,no,282,yes,no,cellular,no
5456,47,management,married,tertiary,no,1057,no,no,cellular,no
5457,45,management,divorced,tertiary,no,2406,no,no,cellular,no
5458,29,management,single,tertiary,no,499,yes,no,cellular,no
5459,37,management,single,tertiary,no,876,yes,no,cellular,no
5460,29,unemployed,single,tertiary,no,7,no,no,cellular,no
5461,39,housemaid,married,secondary,no,1444,no,no,cellular,no
5462,27,services,single,secondary,no,246,no,no,cellular,yes
5463,33,admin.,married,secondary,no,51,yes,yes,cellular,yes
5464,29,blue-collar,married,secondary,no,1,yes,no,unknown,no
5465,33,unemployed,married,secondary,no,-144,no,no,cellular,yes
5466,41,technician,divorced,secondary,no,4047,yes,no,cellular,yes
5467,76,housemaid,divorced,primary,no,1411,no,no,telephone,yes
5468,31,management,single,tertiary,no,-201,yes,no,cellular,no
5469,28,student,single,secondary,no,153,no,no,cellular,yes
5470,30,blue-collar,married,secondary,no,378,yes,no,cellular,yes
5471,61,retired,married,secondary,no,1853,no,no,telephone,yes
5472,48,blue-collar,married,secondary,no,1730,yes,no,cellular,yes
5473,29,technician,single,secondary,no,674,no,no,cellular,yes
5474,53,technician,married,secondary,no,1319,no,no,unknown,yes
5475,49,management,single,tertiary,no,7443,no,no,telephone,yes
5476,61,housemaid,married,primary,no,2580,no,no,cellular,yes
5477,47,blue-collar,married,secondary,no,4840,no,no,unknown,no
5478,27,management,single,tertiary,no,574,yes,no,cellular,no
5479,39,admin.,divorced,secondary,no,728,yes,yes,cellular,yes
5480,55,management,divorced,tertiary,no,2383,no,no,cellular,yes
5481,25,admin.,single,secondary,no,122,yes,no,cellular,yes
5482,33,technician,divorced,tertiary,no,0,yes,no,cellular,no
5483,43,blue-collar,divorced,primary,no,3550,no,no,cellular,yes
5484,45,management,married,primary,no,321,yes,no,cellular,no
5485,31,blue-collar,single,secondary,no,573,yes,no,telephone,no
5486,39,management,married,secondary,no,517,yes,no,cellular,no
5487,34,self-employed,single,secondary,no,296,no,no,cellular,yes
5488,36,admin.,single,secondary,no,8785,yes,no,cellular,no
5489,30,blue-collar,single,primary,no,253,yes,no,cellular,yes
5490,34,housemaid,married,tertiary,no,11219,no,no,cellular,no
5491,32,admin.,single,secondary,no,45,yes,yes,cellular,no
5492,42,blue-collar,divorced,primary,no,213,yes,no,cellular,yes
5493,30,blue-collar,single,secondary,no,-390,yes,no,cellular,no
5494,33,technician,single,tertiary,no,68,no,no,cellular,no
5495,50,services,divorced,secondary,yes,-210,no,yes,cellular,no
5496,31,self-employed,married,secondary,no,157,yes,no,unknown,no
5497,28,management,single,tertiary,no,4013,yes,no,unknown,no
5498,31,admin.,married,secondary,no,0,yes,yes,cellular,no
5499,51,management,married,tertiary,no,0,yes,yes,unknown,no
5500,54,technician,single,secondary,no,198,yes,yes,cellular,no
5501,39,admin.,divorced,secondary,no,19,yes,no,cellular,yes
5502,41,management,married,tertiary,no,27696,no,no,cellular,yes
5503,43,services,single,secondary,no,550,yes,no,cellular,no
5504,58,management,divorced,tertiary,no,372,no,yes,unknown,yes
5505,38,management,married,tertiary,no,1187,yes,yes,cellular,no
5506,44,technician,married,secondary,no,945,yes,no,cellular,no
5507,61,management,married,unknown,no,264,no,no,telephone,yes
5508,42,technician,divorced,secondary,no,1533,no,yes,cellular,no
5509,42,entrepreneur,married,secondary,no,1002,no,no,unknown,no
5510,47,technician,divorced,unknown,no,442,yes,no,cellular,no
5511,35,retired,single,primary,no,434,no,no,unknown,no
5512,72,retired,married,primary,no,4657,no,no,telephone,yes
5513,48,management,married,secondary,no,4415,yes,no,cellular,yes
5514,37,blue-collar,married,secondary,no,10721,yes,no,unknown,no
5515,42,services,married,secondary,no,3465,yes,yes,cellular,yes
5516,57,retired,married,secondary,no,466,no,no,cellular,yes
5517,47,blue-collar,married,secondary,no,581,yes,no,cellular,no
5518,34,blue-collar,married,primary,no,503,yes,no,unknown,no
5519,42,technician,married,secondary,no,1865,yes,no,unknown,no
5520,43,management,single,tertiary,no,11891,no,no,cellular,yes
5521,50,unemployed,divorced,unknown,no,1088,no,no,cellular,yes
5522,47,blue-collar,married,secondary,no,820,no,no,cellular,yes
5523,46,admin.,single,tertiary,no,2889,yes,no,cellular,yes
5524,27,student,single,tertiary,no,24,yes,no,cellular,no
5525,77,retired,married,tertiary,no,1047,no,no,cellular,no
5526,41,management,married,tertiary,no,-556,yes,yes,unknown,no
5527,50,unemployed,single,secondary,no,588,no,no,cellular,no
5528,28,student,single,tertiary,no,221,yes,no,cellular,no
5529,56,management,married,tertiary,no,2333,no,no,cellular,yes
5530,29,management,married,secondary,no,231,no,no,cellular,yes
5531,37,unemployed,married,secondary,no,4769,no,no,cellular,no
5532,30,management,single,tertiary,no,536,no,no,cellular,yes
5533,30,blue-collar,married,secondary,no,194,yes,no,cellular,no
5534,60,retired,married,secondary,no,975,no,no,cellular,yes
5535,51,management,divorced,tertiary,no,93,yes,yes,cellular,no
5536,32,management,single,tertiary,no,935,no,no,cellular,yes
5537,51,unemployed,married,secondary,no,1416,no,no,cellular,yes
5538,29,management,married,tertiary,no,247,no,no,cellular,yes
5539,32,admin.,married,secondary,no,0,no,no,unknown,no
5540,52,retired,married,unknown,no,293,no,no,unknown,yes
5541,37,admin.,single,secondary,no,192,yes,no,unknown,no
5542,41,services,married,secondary,no,241,yes,yes,unknown,no
5543,36,management,married,tertiary,no,659,no,no,cellular,no
5544,60,retired,married,tertiary,no,2196,no,no,cellular,no
5545,24,blue-collar,single,secondary,no,833,yes,no,cellular,yes
5546,50,entrepreneur,divorced,tertiary,no,816,no,no,cellular,no
5547,30,technician,single,secondary,no,4684,yes,no,cellular,yes
5548,40,services,married,secondary,no,3164,yes,no,cellular,no
5549,33,blue-collar,divorced,secondary,no,3546,yes,no,unknown,yes
5550,45,admin.,married,secondary,no,205,no,no,cellular,yes
5551,26,technician,single,secondary,no,2002,no,no,cellular,yes
5552,37,blue-collar,married,secondary,no,-4,yes,yes,unknown,no
5553,23,student,single,secondary,no,922,no,no,cellular,yes
5554,24,blue-collar,single,secondary,no,9883,no,no,cellular,yes
5555,42,technician,married,secondary,no,473,yes,no,cellular,no
5556,42,management,married,tertiary,no,1823,yes,no,unknown,no
5557,19,student,single,unknown,no,60,no,no,cellular,no
5558,46,admin.,single,secondary,no,1544,yes,no,unknown,no
5559,24,management,single,tertiary,no,1030,no,no,cellular,yes
5560,37,admin.,married,secondary,no,96,no,no,cellular,no
5561,28,admin.,single,secondary,no,136,no,no,cellular,yes
5562,31,management,married,tertiary,no,1230,yes,no,unknown,no
5563,51,blue-collar,married,secondary,no,984,yes,no,telephone,no
5564,32,admin.,married,tertiary,no,653,no,no,cellular,yes
5565,41,blue-collar,married,secondary,no,338,yes,no,unknown,no
5566,31,self-employed,married,tertiary,no,322,yes,no,unknown,no
5567,40,technician,single,tertiary,no,47,yes,no,cellular,no
5568,56,blue-collar,married,secondary,no,448,yes,yes,cellular,yes
5569,42,unemployed,divorced,secondary,no,1713,yes,no,unknown,yes
5570,51,housemaid,married,unknown,no,2337,yes,no,cellular,no
5571,49,blue-collar,married,tertiary,no,1784,no,no,unknown,no
5572,53,management,married,unknown,no,2240,yes,no,cellular,yes
5573,37,entrepreneur,married,tertiary,no,1649,no,yes,cellular,yes
5574,45,admin.,married,secondary,no,524,yes,no,cellular,yes
5575,32,admin.,single,secondary,no,471,no,yes,cellular,yes
5576,59,retired,married,tertiary,no,9676,no,no,telephone,yes
5577,47,blue-collar,married,secondary,no,3696,yes,no,cellular,no
5578,59,retired,married,secondary,no,1887,no,no,cellular,no
5579,41,management,married,primary,no,5310,yes,no,cellular,yes
5580,52,retired,divorced,tertiary,no,3687,yes,yes,unknown,yes
5581,34,entrepreneur,married,tertiary,no,146,yes,no,cellular,yes
5582,57,entrepreneur,married,secondary,no,1179,no,no,cellular,no
5583,25,management,single,tertiary,no,362,no,no,cellular,yes
5584,44,management,married,tertiary,no,284,yes,yes,cellular,no
5585,32,blue-collar,married,primary,no,-454,yes,yes,cellular,yes
5586,32,blue-collar,married,secondary,no,889,yes,no,cellular,yes
5587,35,blue-collar,married,secondary,no,911,yes,no,cellular,no
5588,33,management,divorced,tertiary,no,2240,no,no,cellular,yes
5589,30,admin.,single,secondary,no,914,yes,no,cellular,yes
5590,44,management,married,tertiary,no,226,yes,no,cellular,yes
5591,49,blue-collar,married,secondary,no,1219,yes,no,cellular,no
5592,38,management,divorced,tertiary,no,155,yes,no,unknown,no
5593,32,management,single,tertiary,no,124,no,no,cellular,no
5594,55,housemaid,married,primary,no,1537,no,no,unknown,no
5595,47,management,single,tertiary,no,334,yes,no,cellular,yes
5596,40,services,married,secondary,no,181,yes,no,unknown,no
5597,65,retired,married,secondary,no,2326,no,yes,cellular,yes
5598,36,management,married,tertiary,no,630,no,no,cellular,yes
5599,32,management,single,tertiary,no,0,no,no,cellular,no
5600,33,blue-collar,single,primary,no,777,no,no,cellular,no
5601,59,retired,married,secondary,no,434,yes,no,unknown,no
5602,46,admin.,married,secondary,no,526,no,yes,cellular,no
5603,46,admin.,married,secondary,no,126,no,no,unknown,yes
5604,76,retired,divorced,primary,no,3049,no,no,cellular,yes
5605,62,self-employed,divorced,tertiary,no,6,yes,no,cellular,yes
5606,26,services,single,primary,no,179,yes,yes,cellular,no
5607,60,blue-collar,married,secondary,no,0,no,yes,unknown,no
5608,39,admin.,married,secondary,no,1757,no,no,telephone,yes
5609,58,retired,married,primary,no,269,yes,no,unknown,no
5610,33,unemployed,single,secondary,no,2066,no,yes,cellular,yes
5611,43,management,divorced,tertiary,no,9,yes,no,cellular,no
5612,30,blue-collar,single,secondary,no,80,yes,yes,cellular,no
5613,36,blue-collar,single,secondary,no,0,no,no,unknown,no
5614,34,services,divorced,secondary,no,0,yes,yes,unknown,no
5615,41,self-employed,married,secondary,no,1,no,no,cellular,no
5616,39,management,married,secondary,no,0,yes,no,cellular,no
5617,46,technician,married,secondary,no,4023,yes,no,cellular,no
5618,32,technician,single,tertiary,no,1212,yes,no,unknown,no
5619,30,management,single,tertiary,no,12857,yes,no,cellular,yes
5620,49,admin.,married,secondary,no,2501,yes,no,unknown,no
5621,35,management,divorced,tertiary,no,3837,yes,no,unknown,yes
5622,28,admin.,single,secondary,no,460,yes,no,unknown,yes
5623,58,housemaid,divorced,secondary,no,0,no,no,cellular,yes
5624,45,admin.,married,secondary,no,149,yes,no,unknown,yes
5625,29,management,married,tertiary,no,1441,yes,no,cellular,yes
5626,42,entrepreneur,married,primary,no,558,yes,no,cellular,no
5627,36,services,divorced,secondary,no,223,yes,yes,cellular,no
5628,55,blue-collar,divorced,primary,no,410,no,yes,cellular,no
5629,44,housemaid,married,secondary,no,192,no,no,unknown,no
5630,58,self-employed,married,tertiary,no,327,no,yes,cellular,no
5631,29,blue-collar,single,secondary,no,415,no,yes,cellular,no
5632,77,retired,married,primary,no,2590,no,no,telephone,no
5633,29,services,married,secondary,no,363,yes,no,cellular,no
5634,38,services,married,secondary,no,5293,yes,no,cellular,yes
5635,21,student,single,secondary,no,123,no,no,telephone,yes
5636,43,admin.,married,secondary,no,323,yes,yes,cellular,no
5637,40,management,single,tertiary,no,3840,yes,no,cellular,yes
5638,35,management,single,tertiary,no,2707,no,no,cellular,yes
5639,57,admin.,married,secondary,no,2137,no,no,telephone,no
5640,35,technician,single,secondary,no,1693,yes,no,cellular,no
5641,49,blue-collar,divorced,secondary,no,10613,no,yes,cellular,yes
5642,31,entrepreneur,single,tertiary,no,734,yes,no,cellular,no
5643,54,services,divorced,secondary,no,0,no,no,cellular,yes
5644,36,services,single,secondary,no,99,no,no,unknown,no
5645,57,management,divorced,tertiary,no,3287,no,no,cellular,yes
5646,50,housemaid,single,secondary,no,799,no,no,telephone,no
5647,57,management,married,tertiary,no,830,yes,yes,cellular,yes
5648,33,unemployed,single,secondary,no,682,no,no,cellular,no
5649,53,management,married,tertiary,no,-601,yes,no,unknown,no
5650,55,blue-collar,married,secondary,no,2059,yes,no,cellular,no
5651,32,entrepreneur,divorced,secondary,no,-934,yes,no,cellular,no
5652,33,technician,married,secondary,no,0,no,no,cellular,no
5653,28,admin.,married,secondary,no,330,no,no,cellular,yes
5654,31,management,married,tertiary,no,22867,yes,no,unknown,no
5655,66,retired,married,tertiary,no,1948,no,no,cellular,yes
5656,26,self-employed,single,secondary,no,551,no,no,cellular,yes
5657,29,technician,single,secondary,no,316,yes,no,cellular,yes
5658,45,blue-collar,married,primary,no,5461,yes,no,cellular,yes
5659,41,blue-collar,married,secondary,no,2157,yes,no,unknown,no
5660,30,technician,single,secondary,no,19,yes,no,cellular,no
5661,33,admin.,single,secondary,no,5,yes,no,cellular,yes
5662,34,management,married,tertiary,no,676,no,no,telephone,yes
5663,26,admin.,married,secondary,no,714,yes,no,unknown,no
5664,29,services,single,secondary,no,1934,no,no,cellular,yes
5665,47,technician,married,secondary,no,2480,no,no,cellular,yes
5666,50,management,married,secondary,no,2910,no,no,telephone,no
5667,39,management,married,tertiary,no,1425,yes,no,cellular,yes
5668,37,technician,married,tertiary,no,247,no,no,cellular,yes
5669,32,technician,married,secondary,no,473,no,yes,cellular,yes
5670,32,technician,single,tertiary,no,2684,yes,no,cellular,yes
5671,35,management,married,tertiary,no,2682,yes,no,cellular,no
5672,56,services,married,secondary,no,530,yes,no,unknown,no
5673,52,management,married,unknown,no,2240,yes,no,unknown,yes
5674,36,management,married,tertiary,no,2161,no,no,cellular,yes
5675,31,technician,married,secondary,no,106,yes,no,unknown,no
5676,38,entrepreneur,married,secondary,no,-272,no,yes,unknown,no
5677,53,admin.,married,secondary,no,1796,no,no,telephone,yes
5678,38,management,married,unknown,no,3576,no,no,cellular,yes
5679,35,blue-collar,married,secondary,no,262,no,no,cellular,yes
5680,42,technician,single,secondary,no,541,yes,no,cellular,yes
5681,22,student,single,unknown,no,1,no,no,telephone,no
5682,46,blue-collar,married,secondary,no,-396,no,yes,cellular,no
5683,36,unemployed,married,secondary,no,1766,no,no,unknown,yes
5684,52,self-employed,married,tertiary,no,2289,yes,yes,cellular,no
5685,57,management,married,secondary,no,2155,no,yes,cellular,yes
5686,66,retired,married,secondary,no,203,no,no,cellular,yes
5687,58,housemaid,married,tertiary,no,497,no,no,unknown,no
5688,26,blue-collar,single,secondary,no,3145,no,no,cellular,yes
5689,47,housemaid,married,primary,no,0,yes,no,telephone,no
5690,33,entrepreneur,married,tertiary,no,114,no,yes,cellular,no
5691,38,admin.,single,secondary,no,3239,no,no,unknown,yes
5692,36,technician,married,secondary,no,432,yes,yes,unknown,no
5693,58,entrepreneur,married,tertiary,no,2920,yes,no,unknown,no
5694,62,management,married,tertiary,no,3371,no,no,cellular,yes
5695,39,blue-collar,married,secondary,no,1756,yes,no,cellular,yes
5696,30,admin.,single,secondary,no,4448,no,no,cellular,yes
5697,56,management,married,tertiary,no,25290,no,no,cellular,no
5698,58,management,divorced,tertiary,no,5037,yes,no,cellular,yes
5699,48,unemployed,married,secondary,no,817,no,no,cellular,yes
5700,49,management,married,secondary,no,249,no,no,telephone,yes
5701,37,self-employed,married,secondary,no,3396,no,no,cellular,no
5702,46,blue-collar,single,primary,no,96,yes,no,cellular,no
5703,35,management,single,tertiary,no,62,yes,no,cellular,yes
5704,37,blue-collar,married,secondary,no,740,yes,no,cellular,no
5705,30,management,married,tertiary,no,944,no,no,cellular,yes
5706,57,services,married,secondary,no,0,yes,no,cellular,no
5707,41,management,married,secondary,no,3096,yes,no,cellular,no
5708,35,management,married,tertiary,no,753,no,no,cellular,no
5709,48,technician,single,secondary,no,479,no,no,unknown,no
5710,59,blue-collar,married,secondary,no,0,yes,no,unknown,no
5711,34,technician,married,tertiary,no,149,no,no,cellular,yes
5712,54,management,married,tertiary,no,0,no,yes,cellular,no
5713,23,technician,single,tertiary,no,1129,yes,no,unknown,yes
5714,30,services,married,secondary,no,699,yes,no,unknown,no
5715,24,blue-collar,single,secondary,no,327,yes,no,unknown,no
5716,46,blue-collar,married,secondary,no,1723,no,no,cellular,yes
5717,59,retired,divorced,secondary,no,514,no,no,cellular,yes
5718,32,blue-collar,divorced,secondary,no,880,yes,yes,unknown,no
5719,31,blue-collar,single,secondary,no,239,yes,no,cellular,yes
5720,45,admin.,married,secondary,no,0,no,no,cellular,no
5721,27,services,single,secondary,no,795,no,no,cellular,no
5722,81,retired,divorced,primary,no,949,no,no,cellular,yes
5723,42,blue-collar,married,primary,no,-407,yes,yes,cellular,yes
5724,36,management,married,tertiary,no,0,yes,no,telephone,yes
5725,27,admin.,single,secondary,no,292,yes,no,cellular,no
5726,39,management,married,secondary,no,11835,yes,no,cellular,yes
5727,31,admin.,single,secondary,no,554,yes,no,cellular,no
5728,36,services,single,unknown,no,281,yes,no,unknown,yes
5729,71,retired,married,tertiary,no,2887,no,no,cellular,yes
5730,28,technician,married,secondary,no,880,yes,no,unknown,no
5731,26,management,single,tertiary,no,45,no,no,cellular,yes
5732,64,management,married,tertiary,no,4688,no,no,cellular,yes
5733,27,unemployed,single,primary,no,93,no,no,unknown,no
5734,46,entrepreneur,married,tertiary,no,-43,no,no,unknown,no
5735,60,retired,divorced,tertiary,no,2166,no,no,unknown,no
5736,44,management,married,tertiary,no,58,yes,no,cellular,no
5737,32,technician,married,secondary,no,901,yes,no,unknown,no
5738,40,admin.,married,secondary,no,419,yes,yes,cellular,no
5739,44,blue-collar,married,secondary,yes,105,yes,no,cellular,yes
5740,58,entrepreneur,married,tertiary,no,853,no,no,unknown,yes
5741,30,technician,single,tertiary,no,635,no,no,cellular,yes
5742,54,retired,married,secondary,no,522,no,yes,cellular,no
5743,21,student,single,secondary,no,2488,no,no,telephone,yes
5744,43,management,married,tertiary,no,1429,yes,no,cellular,yes
5745,32,services,single,secondary,no,772,yes,no,unknown,yes
5746,42,blue-collar,married,primary,no,704,yes,yes,telephone,no
5747,36,technician,single,secondary,no,376,no,no,cellular,yes
5748,51,management,single,tertiary,no,1202,yes,no,cellular,no
5749,31,admin.,married,secondary,no,298,yes,yes,unknown,no
5750,40,admin.,married,primary,no,189,yes,no,unknown,no
5751,48,management,single,tertiary,no,0,no,no,unknown,no
5752,24,services,single,unknown,no,2022,no,no,cellular,yes
5753,36,blue-collar,married,secondary,no,561,yes,no,unknown,no
5754,27,services,single,secondary,no,139,no,no,cellular,no
5755,25,admin.,married,tertiary,no,906,no,no,cellular,yes
5756,46,blue-collar,married,unknown,no,9328,yes,no,cellular,yes
5757,59,management,married,tertiary,no,2239,no,no,cellular,yes
5758,37,admin.,married,secondary,no,641,yes,no,unknown,no
5759,32,entrepreneur,single,tertiary,no,7641,yes,yes,cellular,no
5760,31,management,single,tertiary,no,115,no,no,cellular,yes
5761,34,technician,married,primary,no,1301,no,no,cellular,no
5762,23,student,single,secondary,no,486,no,no,cellular,no
5763,27,self-employed,single,tertiary,no,270,yes,no,unknown,no
5764,38,blue-collar,married,secondary,no,376,yes,no,unknown,no
5765,44,blue-collar,single,secondary,no,25,yes,no,cellular,no
5766,44,management,divorced,tertiary,no,2422,yes,no,cellular,no
5767,60,retired,married,tertiary,no,0,no,no,cellular,no
5768,41,services,married,secondary,no,0,yes,no,unknown,no
5769,37,management,married,tertiary,no,332,yes,no,cellular,no
5770,37,technician,married,secondary,no,0,yes,no,cellular,yes
5771,36,management,married,tertiary,no,203,no,no,cellular,yes
5772,42,blue-collar,married,primary,no,7735,yes,no,cellular,no
5773,28,management,married,tertiary,no,1240,no,no,cellular,yes
5774,29,services,married,secondary,no,6567,yes,no,cellular,yes
5775,34,admin.,married,secondary,no,430,yes,no,cellular,no
5776,54,unemployed,divorced,secondary,no,1664,no,no,cellular,yes
5777,49,management,divorced,tertiary,no,1904,no,yes,cellular,no
5778,53,blue-collar,single,secondary,no,1442,no,no,telephone,no
5779,53,technician,married,primary,no,6839,yes,no,cellular,no
5780,59,self-employed,married,tertiary,no,2013,no,no,cellular,yes
5781,33,blue-collar,married,secondary,no,0,yes,no,unknown,yes
5782,33,self-employed,married,primary,no,1862,yes,no,unknown,no
5783,32,blue-collar,single,secondary,no,760,yes,no,cellular,no
5784,32,admin.,single,secondary,no,184,yes,no,unknown,no
5785,52,management,married,tertiary,no,1227,no,no,cellular,yes
5786,59,housemaid,married,primary,no,235,no,no,cellular,no
5787,32,blue-collar,married,primary,no,206,yes,no,unknown,no
5788,38,housemaid,single,secondary,no,465,yes,no,cellular,yes
5789,35,self-employed,married,secondary,no,5613,yes,no,cellular,yes
5790,37,services,married,secondary,no,466,yes,yes,cellular,yes
5791,34,blue-collar,married,secondary,no,1924,yes,yes,cellular,no
5792,41,self-employed,single,unknown,no,426,yes,no,unknown,no
5793,31,blue-collar,married,secondary,no,-190,yes,yes,cellular,no
5794,29,blue-collar,married,primary,no,79,yes,no,unknown,no
5795,31,admin.,married,secondary,no,212,yes,no,cellular,no
5796,42,management,married,tertiary,no,559,no,no,cellular,no
5797,44,management,married,tertiary,no,1954,no,no,cellular,yes
5798,43,unemployed,married,tertiary,no,0,no,no,cellular,yes
5799,34,management,married,secondary,no,56,yes,no,cellular,no
5800,43,services,married,secondary,no,774,no,no,cellular,yes
5801,33,blue-collar,single,secondary,no,498,no,no,cellular,yes
5802,31,technician,married,tertiary,no,120,no,no,cellular,yes
5803,47,management,married,tertiary,no,6637,yes,no,cellular,no
5804,47,management,married,unknown,no,4189,yes,no,cellular,yes
5805,55,management,divorced,tertiary,no,0,no,no,cellular,yes
5806,30,management,single,tertiary,no,1466,no,no,cellular,no
5807,29,admin.,single,secondary,no,731,no,no,cellular,yes
5808,43,admin.,single,secondary,no,386,no,no,cellular,no
5809,26,blue-collar,married,primary,no,133,no,yes,cellular,no
5810,46,management,married,tertiary,no,716,yes,yes,cellular,no
5811,32,technician,married,tertiary,no,2976,yes,no,cellular,yes
5812,30,management,single,tertiary,no,726,yes,no,cellular,no
5813,59,self-employed,married,tertiary,no,185,no,no,cellular,no
5814,61,admin.,married,tertiary,no,1332,no,no,cellular,yes
5815,60,retired,married,secondary,no,1853,no,no,cellular,yes
5816,58,management,married,tertiary,no,0,no,no,cellular,yes
5817,51,blue-collar,married,primary,no,2095,yes,yes,cellular,no
5818,39,blue-collar,married,primary,no,186,yes,no,unknown,no
5819,48,management,single,tertiary,no,5689,no,no,cellular,yes
5820,35,technician,single,secondary,no,1693,yes,no,cellular,yes
5821,33,technician,married,secondary,no,557,no,no,cellular,yes
5822,31,services,single,secondary,no,205,yes,no,cellular,no
5823,28,blue-collar,married,secondary,no,-470,yes,no,cellular,no
5824,34,management,married,tertiary,no,0,yes,yes,cellular,no
5825,49,technician,married,primary,no,486,no,no,telephone,no
5826,21,student,single,secondary,no,123,no,no,telephone,yes
5827,54,admin.,married,secondary,no,865,yes,no,cellular,no
5828,58,admin.,married,secondary,no,826,no,no,unknown,yes
5829,42,management,married,tertiary,no,-671,no,no,cellular,no
5830,28,student,single,secondary,no,1925,no,no,cellular,yes
5831,23,admin.,single,tertiary,no,897,yes,no,cellular,yes
5832,55,admin.,married,secondary,no,512,no,no,cellular,no
5833,44,blue-collar,single,primary,no,0,yes,no,cellular,no
5834,47,blue-collar,married,secondary,no,1730,yes,no,cellular,yes
5835,29,admin.,divorced,secondary,no,-254,yes,no,cellular,yes
5836,79,retired,married,primary,no,429,no,no,telephone,yes
5837,58,management,married,tertiary,no,3864,yes,no,cellular,yes
5838,43,management,divorced,tertiary,no,2367,no,no,cellular,yes
5839,42,services,married,secondary,no,508,yes,no,unknown,no
5840,71,retired,divorced,unknown,no,392,no,no,telephone,yes
5841,30,blue-collar,single,secondary,no,1598,yes,no,cellular,yes
5842,36,housemaid,married,secondary,no,2880,no,no,unknown,no
5843,52,blue-collar,divorced,primary,no,196,yes,no,unknown,no
5844,51,housemaid,divorced,tertiary,no,1613,no,no,cellular,yes
5845,26,student,single,secondary,no,5296,no,no,cellular,yes
5846,44,technician,married,secondary,no,5163,no,no,cellular,no
5847,36,management,married,tertiary,no,203,no,no,cellular,yes
5848,58,technician,married,secondary,no,1463,yes,no,cellular,no
5849,36,management,married,tertiary,no,-92,no,yes,cellular,no
5850,59,services,single,secondary,no,739,no,no,cellular,yes
5851,32,technician,single,secondary,no,6402,yes,no,cellular,yes
5852,51,technician,married,tertiary,no,1347,yes,yes,cellular,yes
5853,49,management,divorced,tertiary,no,914,no,no,cellular,yes
5854,36,technician,married,secondary,no,2473,no,no,cellular,yes
5855,40,unemployed,married,tertiary,no,2430,no,no,cellular,no
5856,31,blue-collar,single,secondary,no,228,no,no,cellular,yes
5857,34,management,single,tertiary,no,1494,yes,no,cellular,yes
5858,29,technician,single,secondary,no,3466,no,no,cellular,yes
5859,39,technician,married,secondary,no,2266,no,no,cellular,no
5860,42,services,married,secondary,no,1376,yes,no,cellular,yes
5861,56,entrepreneur,married,tertiary,no,51439,no,yes,cellular,no
5862,45,unknown,married,unknown,no,2834,no,no,cellular,no
5863,31,management,single,tertiary,yes,-365,yes,no,unknown,no
5864,24,student,single,primary,no,1235,no,no,cellular,yes
5865,40,unemployed,divorced,secondary,no,1694,no,no,cellular,yes
5866,24,student,single,tertiary,no,3415,no,no,cellular,yes
5867,57,management,divorced,unknown,no,0,no,no,unknown,no
5868,45,services,married,secondary,no,222,no,no,cellular,no
5869,49,technician,married,secondary,no,905,no,no,cellular,yes
5870,26,unemployed,married,secondary,no,285,yes,no,cellular,no
5871,39,blue-collar,married,secondary,no,284,yes,yes,cellular,no
5872,39,management,single,tertiary,no,633,no,no,cellular,no
5873,43,services,divorced,secondary,no,130,yes,no,unknown,no
5874,65,retired,married,primary,no,1760,no,no,cellular,yes
5875,45,services,married,primary,no,2406,yes,yes,cellular,no
5876,32,student,single,unknown,no,4110,no,no,cellular,no
5877,46,technician,married,secondary,no,1353,no,no,cellular,yes
5878,36,management,divorced,tertiary,no,563,no,no,unknown,no
5879,49,services,single,primary,no,114,yes,no,unknown,no
5880,27,technician,single,secondary,no,1842,yes,yes,cellular,no
5881,49,blue-collar,married,secondary,no,-454,yes,no,cellular,yes
5882,38,admin.,married,tertiary,no,4297,no,no,cellular,yes
5883,30,management,single,tertiary,no,2708,no,no,cellular,no
5884,52,admin.,married,primary,no,813,no,yes,cellular,no
5885,37,blue-collar,married,secondary,no,0,yes,no,cellular,no
5886,32,blue-collar,single,primary,no,180,yes,no,cellular,no
5887,28,management,single,tertiary,no,3796,no,no,cellular,yes
5888,39,services,married,secondary,no,2,yes,no,cellular,no
5889,49,management,married,tertiary,no,22520,no,no,cellular,yes
5890,35,blue-collar,married,primary,no,602,yes,no,cellular,no
5891,33,technician,single,tertiary,no,1636,yes,no,cellular,yes
5892,38,entrepreneur,married,unknown,no,259,no,no,cellular,no
5893,31,self-employed,married,secondary,no,581,yes,no,cellular,no
5894,37,management,married,tertiary,no,3723,no,no,cellular,yes
5895,34,blue-collar,divorced,unknown,no,172,no,no,cellular,yes
5896,35,technician,married,secondary,no,518,yes,no,cellular,yes
5897,33,management,married,tertiary,no,808,yes,no,cellular,no
5898,32,blue-collar,single,secondary,no,-84,yes,no,cellular,no
5899,52,management,divorced,primary,no,92,no,yes,cellular,no
5900,52,technician,divorced,secondary,no,511,no,yes,cellular,no
5901,47,retired,married,secondary,no,-71,yes,no,cellular,no
5902,45,technician,married,secondary,no,6993,yes,no,cellular,yes
5903,29,technician,married,tertiary,no,1489,yes,no,unknown,no
5904,31,technician,married,secondary,no,477,no,no,cellular,no
5905,39,management,married,tertiary,no,0,yes,no,cellular,no
5906,32,management,divorced,tertiary,no,874,no,no,cellular,yes
5907,39,management,married,tertiary,no,22,yes,no,unknown,no
5908,32,services,single,secondary,no,133,no,no,cellular,yes
5909,41,blue-collar,married,secondary,no,213,yes,no,unknown,no
5910,44,technician,married,secondary,no,1139,yes,no,cellular,no
5911,40,management,married,secondary,no,754,no,yes,cellular,yes
5912,28,blue-collar,single,secondary,no,1735,yes,no,cellular,no
5913,35,technician,divorced,secondary,no,2047,yes,no,cellular,no
5914,34,housemaid,divorced,primary,no,46,yes,no,telephone,no
5915,41,self-employed,married,tertiary,no,231,no,no,cellular,yes
5916,57,technician,married,unknown,no,1617,yes,no,unknown,no
5917,36,management,married,tertiary,no,495,no,no,cellular,yes
5918,46,unemployed,divorced,secondary,no,3354,yes,no,cellular,yes
5919,70,retired,divorced,primary,no,482,no,no,telephone,yes
5920,39,blue-collar,married,primary,no,398,yes,no,cellular,no
5921,25,services,single,secondary,no,162,yes,no,cellular,yes
5922,34,blue-collar,married,secondary,no,320,yes,no,cellular,yes
5923,51,management,divorced,tertiary,no,-2282,yes,yes,cellular,no
5924,84,entrepreneur,married,secondary,no,0,no,no,telephone,yes
5925,50,admin.,single,secondary,no,26,no,yes,telephone,no
5926,29,management,single,tertiary,no,5359,no,no,cellular,yes
5927,23,student,single,secondary,no,0,no,no,cellular,yes
5928,24,blue-collar,married,secondary,no,1222,yes,no,cellular,no
5929,58,self-employed,divorced,tertiary,no,1382,no,no,unknown,yes
5930,36,technician,married,secondary,no,1368,no,no,cellular,yes
5931,71,retired,divorced,primary,no,1729,no,no,cellular,yes
5932,32,blue-collar,divorced,unknown,no,291,yes,yes,unknown,no
5933,29,student,single,secondary,no,110,yes,no,unknown,no
5934,35,services,divorced,secondary,no,-718,yes,no,cellular,no
5935,32,technician,single,tertiary,no,696,no,yes,cellular,no
5936,35,technician,single,secondary,no,183,no,no,cellular,yes
5937,41,management,divorced,tertiary,no,1401,no,no,unknown,no
5938,54,management,married,secondary,no,1134,yes,no,cellular,yes
5939,49,management,married,tertiary,no,271,yes,no,cellular,no
5940,26,services,single,secondary,no,335,no,no,telephone,no
5941,55,technician,married,tertiary,no,11,no,no,cellular,no
5942,38,technician,married,secondary,no,1919,no,no,cellular,yes
5943,40,blue-collar,married,primary,no,-322,yes,yes,unknown,no
5944,44,technician,divorced,tertiary,no,9192,yes,no,unknown,no
5945,32,management,married,tertiary,no,3387,yes,no,cellular,yes
5946,43,blue-collar,married,primary,no,56,no,no,cellular,no
5947,26,student,single,secondary,no,502,yes,no,telephone,no
5948,35,management,single,tertiary,no,0,no,yes,cellular,no
5949,30,technician,single,secondary,no,120,yes,no,cellular,no
5950,25,admin.,single,secondary,no,507,yes,no,cellular,yes
5951,40,blue-collar,single,primary,no,1530,yes,no,cellular,no
5952,55,technician,married,tertiary,no,169,no,yes,cellular,yes
5953,30,technician,married,secondary,no,4,yes,no,cellular,no
5954,31,management,married,tertiary,no,2603,yes,no,cellular,yes
5955,48,technician,married,secondary,no,606,yes,no,cellular,no
5956,58,services,married,secondary,no,-37,no,yes,telephone,no
5957,31,blue-collar,married,secondary,no,1131,yes,yes,cellular,no
5958,46,blue-collar,married,secondary,no,624,yes,no,cellular,no
5959,76,retired,divorced,primary,no,802,no,no,cellular,yes
5960,33,blue-collar,single,secondary,no,-14,yes,no,cellular,no
5961,47,management,single,tertiary,no,86,no,no,cellular,yes
5962,36,services,single,secondary,no,528,no,no,cellular,no
5963,55,retired,married,secondary,no,6690,no,no,cellular,no
5964,54,management,married,tertiary,no,588,no,no,cellular,no
5965,54,management,married,tertiary,no,-1415,yes,yes,cellular,no
5966,56,retired,married,primary,no,152,yes,yes,cellular,no
5967,28,self-employed,married,secondary,no,123,no,yes,telephone,yes
5968,45,management,married,tertiary,no,506,no,no,cellular,yes
5969,39,technician,married,secondary,no,834,yes,yes,cellular,no
5970,41,blue-collar,married,secondary,no,1020,yes,no,unknown,no
5971,39,management,married,tertiary,no,710,yes,no,cellular,no
5972,36,management,married,tertiary,no,393,yes,no,cellular,yes
5973,62,retired,married,secondary,no,569,no,no,cellular,yes
5974,26,technician,single,secondary,no,-211,yes,no,unknown,no
5975,49,blue-collar,married,secondary,no,90,yes,no,unknown,no
5976,34,management,married,tertiary,no,3696,no,no,cellular,yes
5977,25,student,single,secondary,no,486,no,no,cellular,yes
5978,34,technician,single,tertiary,no,9851,yes,no,cellular,no
5979,33,management,married,secondary,no,67,yes,yes,unknown,no
5980,34,technician,single,secondary,no,4943,yes,yes,cellular,no
5981,39,technician,married,secondary,no,130,no,no,cellular,no
5982,42,admin.,single,secondary,no,-247,yes,yes,telephone,yes
5983,52,blue-collar,married,primary,no,1409,yes,no,unknown,no
5984,34,blue-collar,married,secondary,no,1257,yes,no,unknown,no
5985,37,blue-collar,single,unknown,no,217,no,no,cellular,yes
5986,38,admin.,married,secondary,no,215,yes,yes,unknown,no
5987,31,management,single,tertiary,no,98,no,no,cellular,no
5988,43,self-employed,married,tertiary,no,3003,no,no,cellular,no
5989,54,technician,married,secondary,no,0,no,no,telephone,no
5990,28,management,single,tertiary,no,385,no,yes,cellular,no
5991,52,management,married,tertiary,no,1158,no,no,cellular,no
5992,38,management,married,tertiary,no,0,no,no,cellular,no
5993,33,admin.,married,tertiary,no,79,yes,no,cellular,yes
5994,51,services,married,unknown,no,5801,yes,no,unknown,no
5995,39,housemaid,married,secondary,no,1444,no,no,telephone,yes
5996,52,admin.,single,unknown,no,2227,no,no,cellular,yes
5997,61,retired,married,primary,no,56,no,no,cellular,yes
5998,44,management,married,tertiary,no,1791,no,no,telephone,yes
5999,47,technician,married,secondary,no,335,no,no,cellular,yes
6000,47,services,married,secondary,no,311,yes,yes,cellular,no
6001,40,management,married,secondary,no,106,no,no,unknown,yes
6002,54,technician,divorced,secondary,no,2156,yes,no,cellular,yes
6003,65,retired,married,primary,no,343,no,no,telephone,no
6004,28,technician,single,secondary,no,6551,no,no,cellular,no
6005,42,housemaid,single,primary,no,5774,yes,no,unknown,no
6006,57,technician,married,secondary,no,7554,no,no,telephone,yes
6007,58,unknown,married,unknown,no,1547,no,no,telephone,yes
6008,31,management,single,tertiary,no,1761,yes,no,telephone,yes
6009,30,blue-collar,married,secondary,no,501,yes,yes,cellular,yes
6010,37,blue-collar,married,secondary,no,140,yes,yes,cellular,no
6011,48,management,married,tertiary,no,3842,no,no,cellular,yes
6012,24,technician,single,secondary,no,403,no,no,unknown,yes
6013,55,entrepreneur,divorced,primary,no,29,no,no,unknown,no
6014,36,management,divorced,tertiary,no,102,yes,no,cellular,no
6015,59,blue-collar,divorced,secondary,no,0,no,yes,cellular,no
6016,28,technician,single,secondary,no,2034,yes,no,unknown,no
6017,32,admin.,single,secondary,no,10218,yes,no,cellular,no
6018,49,blue-collar,married,secondary,no,1730,yes,no,cellular,yes
6019,31,student,single,tertiary,no,307,no,no,cellular,no
6020,42,entrepreneur,divorced,secondary,no,335,yes,no,cellular,yes
6021,24,technician,single,secondary,no,-126,yes,yes,unknown,no
6022,41,admin.,single,secondary,no,1020,yes,no,unknown,yes
6023,30,entrepreneur,single,secondary,no,265,yes,yes,unknown,no
6024,30,management,single,tertiary,no,2766,yes,yes,cellular,no
6025,57,management,married,tertiary,no,256,no,no,cellular,yes
6026,75,retired,divorced,primary,no,37127,no,no,cellular,no
6027,53,management,single,tertiary,no,1074,yes,no,unknown,no
6028,28,management,single,tertiary,no,957,no,no,cellular,yes
6029,44,technician,divorced,secondary,no,14,no,no,cellular,yes
6030,36,technician,divorced,secondary,no,3296,yes,no,cellular,no
6031,40,blue-collar,single,secondary,no,3,no,no,cellular,yes
6032,35,technician,single,tertiary,no,122,no,no,cellular,no
6033,36,admin.,married,secondary,no,465,yes,no,unknown,no
6034,41,services,divorced,secondary,no,727,yes,no,cellular,no
6035,77,retired,divorced,secondary,no,3417,no,no,cellular,yes
6036,47,technician,divorced,secondary,no,5735,no,no,unknown,no
6037,47,blue-collar,married,secondary,no,3715,no,no,cellular,yes
6038,40,management,married,tertiary,no,16,no,yes,cellular,no
6039,31,management,married,tertiary,no,83,no,no,cellular,no
6040,57,management,married,primary,no,2538,no,yes,telephone,no
6041,28,services,single,secondary,no,60,no,yes,cellular,no
6042,44,blue-collar,married,primary,no,2791,no,no,unknown,no
6043,33,services,married,secondary,no,22,yes,no,unknown,no
6044,33,technician,married,tertiary,no,599,yes,no,cellular,no
6045,41,services,married,unknown,yes,-1,no,yes,cellular,yes
6046,42,blue-collar,married,primary,no,-181,yes,no,unknown,no
6047,52,retired,divorced,tertiary,no,-309,yes,no,unknown,yes
6048,55,management,married,unknown,no,1504,yes,no,cellular,yes
6049,25,services,single,unknown,no,2022,no,no,cellular,yes
6050,35,management,married,tertiary,no,1510,yes,no,unknown,no
6051,37,management,single,tertiary,no,8828,no,no,unknown,yes
6052,30,services,married,tertiary,no,81,no,no,cellular,yes
6053,38,management,married,tertiary,no,-558,yes,no,cellular,no
6054,51,entrepreneur,married,primary,no,1443,no,no,cellular,yes
6055,45,blue-collar,divorced,primary,no,-311,yes,no,unknown,yes
6056,48,blue-collar,married,primary,no,816,yes,no,cellular,no
6057,33,student,single,unknown,no,1170,no,no,cellular,yes
6058,54,admin.,married,secondary,no,0,no,no,cellular,yes
6059,56,blue-collar,divorced,primary,no,8,yes,no,unknown,no
6060,30,management,single,tertiary,no,297,no,no,cellular,yes
6061,45,unemployed,single,secondary,no,33,no,no,cellular,no
6062,71,retired,married,tertiary,no,4388,no,no,cellular,yes
6063,44,technician,married,tertiary,no,1818,yes,yes,cellular,no
6064,37,technician,single,secondary,no,228,yes,no,cellular,no
6065,51,blue-collar,married,primary,no,3754,no,yes,cellular,no
6066,31,technician,single,tertiary,no,424,no,no,cellular,no
6067,34,unemployed,married,primary,no,309,no,no,cellular,yes
6068,43,technician,divorced,secondary,no,6835,no,no,cellular,no
6069,42,technician,divorced,secondary,no,248,no,no,cellular,no
6070,54,management,married,tertiary,no,313,yes,no,unknown,no
6071,29,blue-collar,married,secondary,no,7863,yes,no,cellular,yes
6072,47,technician,single,secondary,no,736,no,no,cellular,no
6073,46,housemaid,married,primary,no,312,yes,yes,cellular,no
6074,28,management,single,tertiary,no,3611,no,no,cellular,yes
6075,51,housemaid,married,unknown,no,174,no,no,telephone,no
6076,34,housemaid,married,secondary,no,0,yes,no,unknown,yes
6077,28,management,single,tertiary,no,730,yes,no,cellular,yes
6078,28,student,single,secondary,no,28,no,no,cellular,no
6079,20,student,single,unknown,no,755,no,no,cellular,yes
6080,34,student,single,unknown,no,5827,no,no,cellular,no
6081,59,unemployed,married,secondary,no,1047,no,no,cellular,yes
6082,35,unknown,married,primary,no,634,no,no,cellular,no
6083,33,management,divorced,tertiary,no,387,no,no,cellular,no
6084,51,technician,married,secondary,no,371,yes,yes,cellular,yes
6085,33,management,single,tertiary,no,3161,yes,no,cellular,yes
6086,54,management,married,secondary,no,2693,no,no,cellular,yes
6087,40,services,married,primary,no,1082,yes,no,unknown,yes
6088,46,services,married,secondary,no,0,no,no,cellular,no
6089,31,technician,single,tertiary,no,2744,yes,no,cellular,no
6090,32,technician,married,secondary,no,557,yes,no,cellular,no
6091,29,technician,divorced,secondary,no,124,no,no,unknown,no
6092,32,blue-collar,married,primary,no,494,yes,no,unknown,no
6093,56,retired,married,secondary,no,415,no,no,cellular,no
6094,54,housemaid,married,secondary,no,962,yes,no,cellular,yes
6095,40,management,divorced,tertiary,no,290,yes,no,unknown,no
6096,41,services,married,unknown,no,88,yes,no,cellular,no
6097,24,technician,single,secondary,no,726,no,no,cellular,yes
6098,30,blue-collar,married,primary,no,35,yes,no,cellular,no
6099,29,management,single,tertiary,no,1170,no,no,cellular,yes
6100,55,blue-collar,divorced,primary,no,8180,no,no,cellular,yes
6101,27,admin.,divorced,secondary,no,451,yes,no,cellular,yes
6102,45,blue-collar,married,primary,no,804,yes,no,unknown,yes
6103,40,management,single,tertiary,no,171,no,no,cellular,no
6104,51,admin.,divorced,secondary,no,340,yes,no,unknown,no
6105,34,technician,single,secondary,no,559,no,no,cellular,no
6106,32,blue-collar,married,secondary,no,1,yes,no,unknown,no
6107,36,admin.,married,secondary,no,542,yes,no,unknown,no
6108,32,blue-collar,married,secondary,no,-325,yes,yes,unknown,no
6109,27,services,married,secondary,no,221,no,yes,cellular,no
6110,37,technician,single,secondary,no,2442,no,no,cellular,yes
6111,27,management,single,tertiary,no,390,no,no,cellular,yes
6112,71,retired,married,primary,no,2988,no,no,telephone,yes
6113,29,self-employed,single,tertiary,no,655,no,no,cellular,yes
6114,49,technician,married,secondary,no,3144,no,no,cellular,no
6115,44,admin.,divorced,secondary,no,-43,yes,yes,cellular,no
6116,27,technician,single,tertiary,no,501,no,yes,telephone,no
6117,58,management,married,secondary,no,407,yes,no,cellular,no
6118,42,technician,married,secondary,no,4945,yes,no,cellular,yes
6119,38,management,married,primary,no,1365,yes,no,unknown,no
6120,34,management,married,tertiary,no,0,no,no,cellular,no
6121,39,technician,divorced,secondary,no,902,yes,no,cellular,yes
6122,59,retired,divorced,primary,no,81,yes,no,unknown,no
6123,55,retired,married,secondary,no,493,yes,no,unknown,no
6124,31,admin.,single,secondary,no,3950,yes,no,cellular,yes
6125,63,retired,single,tertiary,no,791,no,no,cellular,yes
6126,37,entrepreneur,married,tertiary,no,4798,yes,no,unknown,no
6127,26,technician,single,secondary,no,0,no,yes,cellular,no
6128,58,blue-collar,married,secondary,no,25,no,no,unknown,yes
6129,40,blue-collar,married,primary,no,1841,yes,no,cellular,yes
6130,52,services,married,secondary,no,659,no,no,cellular,yes
6131,33,technician,divorced,secondary,no,464,no,no,cellular,no
6132,28,self-employed,married,tertiary,no,120,yes,yes,unknown,no
6133,30,technician,single,secondary,no,4787,yes,no,cellular,no
6134,42,management,married,tertiary,no,1275,yes,yes,cellular,yes
6135,42,self-employed,married,tertiary,no,1932,yes,no,unknown,no
6136,31,unemployed,married,secondary,no,-825,yes,no,unknown,no
6137,38,entrepreneur,married,secondary,no,61,yes,yes,unknown,no
6138,30,self-employed,single,tertiary,no,3343,no,no,cellular,yes
6139,41,technician,married,secondary,no,102,yes,yes,unknown,no
6140,58,management,married,tertiary,no,3342,no,no,cellular,yes
6141,33,management,single,tertiary,no,0,no,no,unknown,no
6142,38,management,married,tertiary,no,676,no,no,cellular,no
6143,53,retired,married,secondary,no,4968,no,no,cellular,no
6144,28,technician,single,secondary,no,100,yes,no,cellular,no
6145,45,management,divorced,tertiary,no,2813,yes,no,cellular,no
6146,59,retired,married,secondary,no,2291,no,yes,cellular,no
6147,60,retired,married,secondary,no,0,no,no,cellular,no
6148,61,management,married,tertiary,no,267,no,no,cellular,yes
6149,44,admin.,married,secondary,no,345,yes,no,telephone,no
6150,39,admin.,divorced,secondary,no,32,no,yes,unknown,no
6151,27,management,single,tertiary,yes,0,yes,no,unknown,no
6152,35,self-employed,married,secondary,no,28,no,yes,unknown,no
6153,49,admin.,married,secondary,no,0,no,no,cellular,yes
6154,26,technician,single,secondary,yes,-454,no,yes,cellular,no
6155,29,unemployed,single,unknown,no,1584,no,no,cellular,yes
6156,45,blue-collar,married,secondary,no,10252,no,no,cellular,yes
6157,36,management,married,tertiary,no,9,no,no,cellular,yes
6158,34,housemaid,married,tertiary,no,0,no,no,cellular,yes
6159,29,admin.,single,tertiary,no,261,no,no,cellular,no
6160,21,unemployed,single,secondary,no,1333,no,no,cellular,no
6161,42,management,married,tertiary,no,1205,no,no,telephone,yes
6162,32,technician,single,tertiary,no,2481,no,no,cellular,no
6163,59,management,married,unknown,no,3428,yes,yes,cellular,no
6164,52,services,married,secondary,no,659,no,no,cellular,yes
6165,25,blue-collar,single,secondary,no,509,no,no,cellular,yes
6166,44,management,married,tertiary,no,1058,no,no,cellular,yes
6167,36,housemaid,single,tertiary,no,561,no,no,unknown,no
6168,53,management,married,tertiary,no,1624,no,no,cellular,yes
6169,33,admin.,single,secondary,no,1221,yes,no,unknown,no
6170,44,technician,single,secondary,no,285,yes,no,cellular,no
6171,64,retired,married,unknown,no,34,no,no,cellular,yes
6172,35,entrepreneur,single,secondary,no,866,yes,no,cellular,no
6173,37,management,married,tertiary,no,6771,no,no,cellular,yes
6174,35,blue-collar,single,secondary,no,0,yes,no,cellular,yes
6175,32,self-employed,single,tertiary,no,0,yes,no,cellular,yes
6176,33,services,single,secondary,no,100,yes,no,cellular,no
6177,60,admin.,divorced,secondary,no,4519,no,no,cellular,no
6178,69,technician,married,tertiary,no,482,no,no,cellular,yes
6179,43,technician,married,secondary,no,-754,yes,yes,cellular,yes
6180,29,blue-collar,married,secondary,no,-28,yes,no,unknown,no
6181,37,blue-collar,single,secondary,no,847,no,no,unknown,no
6182,45,technician,married,tertiary,no,-525,no,yes,cellular,yes
6183,43,management,married,tertiary,no,175,yes,no,cellular,no
6184,43,technician,single,tertiary,no,1017,yes,no,unknown,no
6185,44,blue-collar,divorced,primary,no,-57,yes,no,cellular,no
6186,56,services,married,secondary,no,654,no,no,cellular,yes
6187,45,services,divorced,secondary,no,608,yes,yes,cellular,yes
6188,43,blue-collar,married,primary,no,3917,no,no,cellular,yes
6189,36,management,married,tertiary,no,6641,no,no,cellular,no
6190,43,management,married,tertiary,no,1791,no,no,cellular,yes
6191,42,management,single,tertiary,no,11008,no,no,cellular,yes
6192,29,blue-collar,single,tertiary,no,455,no,no,telephone,yes
6193,48,blue-collar,married,primary,no,430,no,no,cellular,no
6194,40,blue-collar,married,primary,no,-66,yes,no,unknown,no
6195,38,admin.,divorced,secondary,no,198,yes,no,unknown,yes
6196,40,unemployed,married,secondary,no,3430,yes,no,cellular,no
6197,56,management,divorced,tertiary,no,442,no,no,unknown,no
6198,44,services,divorced,secondary,no,210,no,yes,unknown,no
6199,48,blue-collar,married,primary,no,51,no,yes,telephone,no
6200,34,technician,single,secondary,no,60,no,no,cellular,no
6201,45,admin.,divorced,secondary,no,0,yes,no,cellular,no
6202,31,technician,single,secondary,no,205,yes,no,unknown,no
6203,45,blue-collar,single,primary,no,116,no,no,unknown,yes
6204,29,technician,single,tertiary,no,2325,no,no,cellular,yes
6205,38,technician,divorced,secondary,no,902,yes,no,cellular,yes
6206,44,blue-collar,single,secondary,no,292,no,yes,cellular,yes
6207,49,entrepreneur,married,tertiary,no,4976,yes,no,cellular,no
6208,30,technician,married,tertiary,no,569,no,no,cellular,yes
6209,60,admin.,married,secondary,no,3735,no,no,cellular,yes
6210,35,management,single,tertiary,no,7506,yes,no,unknown,yes
6211,31,management,single,tertiary,no,165,no,yes,cellular,yes
6212,41,technician,single,tertiary,no,431,no,no,cellular,yes
6213,31,unemployed,single,secondary,no,209,yes,no,cellular,no
6214,43,management,married,tertiary,no,1258,no,no,unknown,yes
6215,54,management,married,tertiary,no,1938,yes,no,telephone,no
6216,50,management,married,tertiary,no,2570,no,no,cellular,no
6217,46,unknown,married,tertiary,no,8564,no,no,cellular,no
6218,34,services,single,secondary,no,313,yes,no,cellular,no
6219,35,blue-collar,married,secondary,no,293,yes,no,cellular,yes
6220,59,unknown,single,secondary,no,3237,no,no,unknown,no
6221,73,retired,divorced,secondary,no,7111,yes,no,cellular,yes
6222,25,blue-collar,single,secondary,no,543,yes,no,cellular,no
6223,53,unemployed,single,secondary,no,4,no,no,cellular,no
6224,51,services,divorced,secondary,no,9,no,no,unknown,yes
6225,41,management,married,tertiary,no,326,yes,no,cellular,yes
6226,39,services,married,secondary,no,2843,yes,no,unknown,yes
6227,44,blue-collar,married,primary,no,134,yes,no,cellular,no
6228,55,technician,married,tertiary,no,1320,no,no,cellular,yes
6229,60,housemaid,married,unknown,no,491,no,no,cellular,no
6230,36,admin.,married,secondary,no,898,no,no,cellular,no
6231,50,technician,married,secondary,no,1717,no,no,telephone,no
6232,33,entrepreneur,single,secondary,no,278,no,no,cellular,yes
6233,42,services,married,secondary,no,146,yes,yes,cellular,yes
6234,38,self-employed,married,secondary,no,279,yes,no,unknown,no
6235,40,entrepreneur,married,tertiary,no,3585,no,no,cellular,yes
6236,46,management,married,tertiary,no,699,no,no,cellular,no
6237,33,self-employed,single,tertiary,no,1049,no,no,cellular,no
6238,34,admin.,married,primary,no,0,yes,yes,cellular,yes
6239,26,blue-collar,single,secondary,no,-46,yes,no,unknown,yes
6240,75,retired,married,secondary,no,3771,no,no,telephone,yes
6241,35,blue-collar,single,secondary,no,0,yes,no,cellular,no
6242,41,admin.,single,secondary,no,812,no,yes,unknown,yes
6243,29,management,single,tertiary,no,1445,no,no,cellular,yes
6244,30,technician,divorced,secondary,no,789,yes,no,cellular,no
6245,40,technician,married,tertiary,no,84,no,no,cellular,no
6246,54,technician,married,tertiary,no,395,no,no,cellular,yes
6247,71,retired,married,secondary,no,3,no,no,cellular,no
6248,52,management,married,tertiary,no,388,no,no,cellular,yes
6249,43,entrepreneur,married,primary,no,2315,yes,yes,cellular,no
6250,82,retired,married,primary,no,8603,no,no,cellular,yes
6251,33,management,married,tertiary,no,23,yes,yes,cellular,no
6252,19,student,single,unknown,no,779,no,no,cellular,yes
6253,34,management,married,tertiary,no,443,no,no,cellular,yes
6254,46,admin.,married,secondary,no,179,yes,no,cellular,no
6255,30,services,divorced,secondary,no,436,yes,no,cellular,yes
6256,26,technician,single,tertiary,no,1066,no,no,cellular,yes
6257,47,management,married,secondary,no,2892,no,no,unknown,yes
6258,65,retired,married,primary,no,308,no,no,cellular,yes
6259,53,management,married,tertiary,no,75,no,no,cellular,no
6260,24,management,married,secondary,no,867,yes,no,unknown,yes
6261,60,retired,married,secondary,no,197,no,no,cellular,no
6262,53,technician,married,tertiary,no,988,no,no,cellular,yes
6263,31,blue-collar,married,primary,no,-199,yes,yes,telephone,no
6264,26,student,single,tertiary,no,13107,yes,no,cellular,no
6265,70,retired,married,primary,no,3230,no,no,cellular,no
6266,31,blue-collar,married,secondary,no,0,yes,no,unknown,yes
6267,50,management,married,tertiary,no,-470,yes,no,cellular,no
6268,47,management,single,tertiary,no,6651,no,no,cellular,yes
6269,31,technician,single,tertiary,no,53,no,no,cellular,no
6270,31,management,single,tertiary,no,5691,yes,no,cellular,no
6271,22,services,single,secondary,no,344,yes,no,cellular,yes
6272,54,blue-collar,divorced,unknown,no,-473,yes,no,cellular,no
6273,29,management,married,tertiary,no,10576,no,no,unknown,yes
6274,49,blue-collar,married,primary,no,2356,no,yes,telephone,no
6275,31,technician,married,secondary,no,2420,yes,no,cellular,no
6276,32,technician,single,unknown,no,317,yes,no,unknown,no
6277,39,management,single,tertiary,no,1234,no,no,telephone,no
6278,45,blue-collar,married,primary,no,907,no,no,cellular,no
6279,34,self-employed,married,primary,no,7468,yes,yes,cellular,yes
6280,39,services,divorced,primary,no,471,yes,no,unknown,no
6281,38,management,married,tertiary,no,1875,no,no,cellular,no
6282,32,admin.,married,secondary,no,57,no,yes,cellular,no
6283,30,services,single,secondary,no,9,no,yes,cellular,no
6284,63,retired,married,secondary,no,2030,no,no,cellular,no
6285,68,retired,divorced,primary,no,695,no,no,cellular,yes
6286,45,technician,married,secondary,no,1412,yes,no,cellular,no
6287,23,student,single,secondary,no,151,yes,no,unknown,no
6288,24,admin.,single,secondary,no,1052,no,no,cellular,yes
6289,24,student,single,tertiary,no,235,no,no,cellular,yes
6290,39,services,married,secondary,no,733,no,no,unknown,no
6291,41,blue-collar,divorced,primary,no,285,yes,no,cellular,yes
6292,23,management,single,tertiary,no,2605,yes,no,unknown,no
6293,71,retired,married,secondary,no,1712,no,no,cellular,yes
6294,27,blue-collar,single,secondary,no,535,no,no,cellular,yes
6295,37,admin.,married,tertiary,no,3913,yes,no,cellular,yes
6296,39,services,single,secondary,no,326,yes,no,unknown,no
6297,36,admin.,divorced,secondary,no,-811,yes,no,cellular,yes
6298,25,student,single,secondary,no,331,no,no,telephone,yes
6299,32,management,married,tertiary,no,62,yes,no,cellular,no
6300,25,student,single,secondary,no,1868,no,no,cellular,yes
6301,57,blue-collar,married,primary,no,0,no,no,unknown,no
6302,39,services,divorced,secondary,yes,-96,yes,yes,telephone,no
6303,39,blue-collar,married,secondary,no,5222,yes,no,unknown,no
6304,59,admin.,married,secondary,no,1575,yes,no,cellular,yes
6305,27,blue-collar,single,secondary,yes,-3,yes,no,unknown,no
6306,43,housemaid,married,secondary,no,-177,yes,no,unknown,no
6307,37,unemployed,divorced,tertiary,no,1085,no,no,cellular,no
6308,37,management,married,tertiary,no,238,no,no,cellular,yes
6309,35,technician,divorced,secondary,no,5724,yes,no,unknown,yes
6310,53,blue-collar,married,primary,no,306,no,no,cellular,yes
6311,36,management,single,tertiary,no,4,yes,no,cellular,yes
6312,34,self-employed,single,secondary,no,3,yes,no,unknown,no
6313,71,retired,married,secondary,no,5715,no,no,cellular,yes
6314,38,services,married,secondary,no,1313,no,no,unknown,no
6315,57,retired,divorced,secondary,no,-663,yes,no,cellular,no
6316,74,retired,divorced,primary,no,166,no,no,cellular,no
6317,37,admin.,married,secondary,no,1314,yes,no,cellular,yes
6318,30,management,married,tertiary,no,14,no,no,cellular,no
6319,38,management,married,tertiary,no,630,no,no,cellular,yes
6320,44,admin.,divorced,secondary,no,163,yes,no,cellular,yes
6321,34,management,married,tertiary,no,188,no,no,cellular,no
6322,33,management,married,tertiary,no,4570,no,no,cellular,yes
6323,45,management,married,tertiary,no,160,no,no,cellular,yes
6324,42,blue-collar,single,primary,no,-68,yes,yes,unknown,no
6325,26,admin.,single,secondary,no,586,yes,yes,unknown,no
6326,65,unknown,married,unknown,no,4717,no,no,telephone,yes
6327,48,admin.,divorced,secondary,no,1180,no,no,cellular,yes
6328,60,blue-collar,married,secondary,no,414,no,no,cellular,no
6329,32,services,married,primary,no,228,yes,no,cellular,yes
6330,32,services,married,secondary,no,3756,yes,no,unknown,no
6331,42,blue-collar,married,secondary,no,349,yes,no,cellular,no
6332,42,unemployed,married,tertiary,no,576,no,no,cellular,yes
6333,33,blue-collar,married,secondary,no,3576,yes,no,cellular,no
6334,62,management,married,tertiary,no,0,no,no,cellular,no
6335,42,technician,married,secondary,no,0,no,no,cellular,no
6336,30,management,married,tertiary,no,10884,no,no,cellular,yes
6337,42,self-employed,married,secondary,no,1216,yes,no,cellular,yes
6338,41,admin.,married,secondary,no,80,no,no,cellular,no
6339,27,self-employed,single,tertiary,no,5214,yes,no,unknown,no
6340,39,services,married,secondary,no,207,no,no,unknown,no
6341,42,housemaid,divorced,secondary,no,314,no,no,unknown,no
6342,58,retired,married,tertiary,no,0,no,no,cellular,yes
6343,53,retired,married,primary,no,0,no,yes,unknown,no
6344,45,self-employed,single,primary,no,112,no,no,unknown,no
6345,59,management,single,tertiary,no,7668,no,no,cellular,no
6346,28,admin.,single,secondary,no,157,no,no,cellular,yes
6347,36,services,single,primary,no,38,no,no,unknown,no
6348,35,technician,single,tertiary,no,1880,no,no,cellular,yes
6349,40,admin.,married,secondary,no,67,no,yes,cellular,no
6350,56,blue-collar,married,primary,no,2442,no,yes,cellular,no
6351,37,retired,married,secondary,no,71,no,yes,cellular,no
6352,30,technician,single,tertiary,no,4060,no,no,cellular,yes
6353,49,management,married,tertiary,no,4594,no,no,cellular,no
6354,42,management,divorced,tertiary,no,266,no,yes,cellular,no
6355,27,blue-collar,single,primary,no,431,yes,no,unknown,no
6356,42,housemaid,married,primary,no,-209,no,yes,cellular,no
6357,52,unemployed,married,secondary,no,94,no,no,cellular,yes
6358,48,technician,married,secondary,no,759,yes,no,cellular,no
6359,51,blue-collar,divorced,primary,no,-19,yes,no,cellular,yes
6360,35,management,married,tertiary,no,0,yes,no,cellular,yes
6361,40,services,married,secondary,no,518,no,no,telephone,no
6362,31,management,single,tertiary,no,924,no,no,cellular,yes
6363,41,entrepreneur,married,secondary,no,8491,yes,no,cellular,yes
6364,29,admin.,single,secondary,no,-194,yes,no,cellular,no
6365,43,management,divorced,secondary,no,693,yes,no,unknown,no
6366,58,admin.,single,secondary,no,247,no,yes,unknown,no
6367,49,technician,married,tertiary,no,-888,no,yes,cellular,no
6368,57,blue-collar,married,primary,yes,195,no,yes,telephone,no
6369,75,retired,divorced,tertiary,no,3810,yes,no,cellular,yes
6370,27,admin.,single,secondary,no,192,no,no,telephone,yes
6371,33,blue-collar,married,secondary,no,6227,yes,no,unknown,no
6372,75,retired,married,primary,no,1765,no,no,telephone,yes
6373,39,management,married,tertiary,no,763,yes,no,cellular,yes
6374,40,services,married,secondary,no,1293,yes,no,cellular,no
6375,46,management,married,unknown,no,802,yes,no,telephone,no
6376,53,blue-collar,married,secondary,no,913,yes,no,cellular,no
6377,44,technician,single,primary,no,237,yes,no,cellular,no
6378,32,management,married,tertiary,no,134,no,yes,cellular,no
6379,27,blue-collar,single,tertiary,no,644,no,no,cellular,yes
6380,40,blue-collar,married,primary,no,137,no,yes,cellular,no
6381,70,retired,married,primary,no,324,no,no,cellular,yes
6382,41,self-employed,single,tertiary,no,1081,no,no,cellular,yes
6383,31,management,single,tertiary,no,3283,no,no,cellular,yes
6384,39,technician,single,secondary,no,18508,no,no,cellular,yes
6385,27,management,single,tertiary,no,1,yes,no,cellular,yes
6386,58,self-employed,married,tertiary,no,1636,no,no,cellular,no
6387,44,management,married,tertiary,no,423,no,no,cellular,yes
6388,62,blue-collar,married,primary,no,1381,no,no,cellular,no
6389,46,management,married,secondary,no,149,no,no,cellular,yes
6390,60,unknown,married,unknown,no,17297,no,no,cellular,yes
6391,27,technician,single,tertiary,no,931,yes,no,cellular,yes
6392,58,admin.,divorced,secondary,no,1947,no,no,telephone,yes
6393,36,technician,single,secondary,no,4136,yes,no,unknown,yes
6394,41,blue-collar,married,primary,no,1250,yes,no,unknown,yes
6395,39,admin.,single,secondary,no,2854,yes,no,unknown,no
6396,56,retired,married,secondary,no,393,no,yes,cellular,yes
6397,35,management,single,tertiary,no,1396,yes,no,cellular,yes
6398,44,technician,married,secondary,no,2857,no,no,cellular,no
6399,31,management,married,secondary,no,0,no,no,cellular,yes
6400,45,admin.,single,secondary,no,206,yes,no,unknown,no
6401,50,blue-collar,married,primary,no,888,no,yes,telephone,no
6402,48,blue-collar,divorced,secondary,no,501,yes,no,cellular,no
6403,38,self-employed,single,tertiary,no,5774,yes,no,cellular,yes
6404,50,entrepreneur,divorced,tertiary,no,223,no,no,cellular,no
6405,35,admin.,divorced,secondary,no,0,no,yes,cellular,no
6406,36,housemaid,married,primary,no,78,yes,no,telephone,yes
6407,31,entrepreneur,single,tertiary,yes,-405,yes,yes,cellular,yes
6408,32,technician,single,secondary,no,1307,yes,no,unknown,no
6409,61,technician,divorced,secondary,no,6481,no,no,cellular,yes
6410,47,housemaid,married,secondary,no,2524,no,no,cellular,yes
6411,27,management,single,tertiary,no,20585,no,no,cellular,yes
6412,39,management,married,tertiary,no,271,yes,no,cellular,yes
6413,45,admin.,married,secondary,no,434,no,no,cellular,no
6414,27,student,single,tertiary,no,118,no,no,cellular,yes
6415,25,student,single,tertiary,no,58,no,no,cellular,yes
6416,26,unemployed,single,secondary,no,622,no,no,cellular,yes
6417,39,admin.,married,secondary,no,1221,no,no,unknown,no
6418,46,technician,married,secondary,no,863,yes,no,cellular,no
6419,25,blue-collar,single,secondary,no,1857,yes,no,cellular,yes
6420,33,technician,divorced,secondary,no,522,no,yes,cellular,no
6421,42,technician,single,secondary,no,823,yes,no,cellular,no
6422,64,housemaid,married,unknown,no,2645,no,no,telephone,yes
6423,51,technician,married,secondary,no,52,no,no,cellular,no
6424,32,technician,married,secondary,no,484,yes,no,cellular,yes
6425,51,services,married,primary,no,8806,yes,no,unknown,no
6426,25,technician,single,secondary,no,1847,no,no,cellular,no
6427,47,unemployed,single,secondary,no,4819,no,no,cellular,no
6428,38,management,married,tertiary,no,1199,no,no,cellular,yes
6429,47,admin.,divorced,secondary,no,555,yes,yes,telephone,yes
6430,18,student,single,unknown,no,108,no,no,cellular,yes
6431,52,admin.,married,secondary,no,-462,yes,no,cellular,no
6432,27,self-employed,married,secondary,yes,254,yes,yes,cellular,no
6433,32,self-employed,married,tertiary,no,14522,no,no,cellular,no
6434,34,blue-collar,single,secondary,no,855,yes,no,cellular,yes
6435,26,student,single,secondary,no,620,no,no,cellular,yes
6436,46,blue-collar,divorced,primary,no,2775,no,yes,cellular,no
6437,47,admin.,married,unknown,no,989,no,no,unknown,no
6438,40,technician,married,tertiary,no,11766,yes,no,cellular,yes
6439,41,admin.,single,secondary,no,985,yes,no,cellular,yes
6440,46,blue-collar,married,primary,no,-271,yes,no,cellular,no
6441,56,technician,single,secondary,no,3499,yes,no,unknown,no
6442,43,unemployed,married,secondary,no,210,yes,no,unknown,no
6443,34,services,single,secondary,no,258,yes,no,unknown,no
6444,38,admin.,married,tertiary,no,1988,no,no,cellular,yes
6445,35,admin.,married,secondary,no,421,yes,no,cellular,no
6446,51,technician,married,secondary,no,2,yes,yes,cellular,no
6447,71,retired,married,secondary,no,2850,no,no,cellular,yes
6448,40,blue-collar,married,primary,no,570,yes,no,unknown,no
6449,30,services,single,primary,no,0,yes,yes,cellular,yes
6450,39,services,single,secondary,no,322,yes,no,cellular,no
6451,37,blue-collar,married,secondary,no,2924,no,no,cellular,no
6452,28,blue-collar,single,secondary,no,-197,yes,no,unknown,yes
6453,57,blue-collar,married,unknown,no,3585,no,no,telephone,yes
6454,36,services,single,secondary,no,1227,yes,yes,cellular,yes
6455,30,admin.,married,secondary,no,396,yes,no,cellular,yes
6456,40,technician,single,tertiary,no,431,no,no,cellular,yes
6457,33,admin.,married,secondary,no,2,yes,no,unknown,no
6458,46,admin.,married,secondary,no,974,no,no,cellular,yes
6459,53,technician,single,secondary,no,925,no,no,cellular,yes
6460,49,management,married,tertiary,no,4751,no,no,cellular,yes
6461,38,services,married,secondary,no,775,no,no,cellular,yes
6462,26,unemployed,single,secondary,no,632,no,no,cellular,yes
6463,42,technician,married,tertiary,no,-805,no,no,cellular,no
6464,32,management,single,tertiary,no,1434,no,no,cellular,no
6465,32,management,single,tertiary,no,2069,no,no,cellular,yes
6466,44,self-employed,single,tertiary,no,18558,yes,no,cellular,no
6467,45,technician,divorced,tertiary,no,206,no,no,cellular,no
6468,53,housemaid,married,primary,no,2581,no,no,cellular,yes
6469,37,management,married,secondary,no,5447,yes,yes,cellular,yes
6470,38,services,single,secondary,no,1315,no,no,unknown,no
6471,47,blue-collar,divorced,primary,no,603,yes,yes,cellular,yes
6472,48,services,divorced,primary,no,-110,no,yes,unknown,no
6473,68,retired,married,secondary,no,1146,no,no,cellular,yes
6474,77,retired,married,tertiary,no,699,no,no,cellular,yes
6475,31,technician,married,tertiary,no,313,yes,no,cellular,no
6476,80,housemaid,married,primary,no,0,no,no,cellular,yes
6477,47,technician,divorced,secondary,no,1013,no,no,cellular,yes
6478,47,housemaid,married,secondary,no,582,no,no,cellular,no
6479,34,technician,single,tertiary,no,6529,no,no,cellular,yes
6480,46,management,married,tertiary,no,0,no,no,cellular,no
6481,32,management,single,tertiary,no,506,no,no,cellular,yes
6482,32,admin.,married,tertiary,no,281,yes,no,unknown,no
6483,43,technician,married,secondary,no,0,no,no,cellular,no
6484,39,blue-collar,married,secondary,no,2467,no,no,cellular,yes
6485,37,services,divorced,secondary,no,241,yes,no,cellular,no
6486,36,unemployed,single,tertiary,no,221,no,no,cellular,no
6487,28,management,single,tertiary,no,3238,yes,no,unknown,no
6488,40,admin.,single,tertiary,no,1005,yes,no,cellular,no
6489,40,unemployed,single,tertiary,no,72,no,no,cellular,yes
6490,34,technician,married,secondary,no,133,no,no,cellular,yes
6491,27,technician,single,secondary,no,1742,yes,no,unknown,yes
6492,48,unemployed,divorced,secondary,no,201,no,no,cellular,yes
6493,49,technician,married,secondary,no,550,yes,no,unknown,no
6494,32,blue-collar,married,primary,no,274,yes,no,unknown,no
6495,55,technician,divorced,tertiary,no,0,yes,no,unknown,no
6496,35,admin.,divorced,secondary,no,1224,yes,no,cellular,yes
6497,35,management,married,tertiary,no,2583,no,no,cellular,no
6498,56,services,married,unknown,no,616,no,no,unknown,no
6499,41,unemployed,single,tertiary,no,4517,yes,no,cellular,no
6500,44,management,married,tertiary,no,126,yes,no,unknown,no
6501,34,services,single,secondary,no,-701,yes,no,cellular,yes
6502,38,management,married,tertiary,no,-239,yes,no,unknown,no
6503,45,admin.,married,secondary,no,1214,yes,no,cellular,no
6504,37,self-employed,married,secondary,no,487,no,yes,cellular,no
6505,32,management,single,tertiary,no,2551,yes,no,cellular,yes
6506,49,management,married,primary,no,3371,no,no,cellular,yes
6507,31,blue-collar,married,primary,no,33,yes,no,cellular,yes
6508,32,blue-collar,married,secondary,no,759,yes,no,cellular,yes
6509,52,entrepreneur,married,primary,no,8298,yes,yes,unknown,no
6510,38,blue-collar,married,secondary,no,468,yes,no,unknown,no
6511,27,blue-collar,single,secondary,no,181,no,no,unknown,no
6512,40,entrepreneur,married,tertiary,no,3571,no,no,unknown,no
6513,52,admin.,married,secondary,no,299,no,no,cellular,no
6514,30,admin.,married,secondary,no,873,yes,no,telephone,no
6515,40,student,married,secondary,no,260,no,no,cellular,no
6516,37,management,married,tertiary,no,2987,yes,no,cellular,yes
6517,36,management,married,tertiary,no,532,yes,no,cellular,no
6518,26,technician,single,tertiary,no,4130,no,no,cellular,no
6519,39,admin.,divorced,secondary,no,112,no,no,cellular,yes
6520,31,blue-collar,married,secondary,no,152,yes,yes,cellular,yes
6521,41,unknown,married,unknown,no,779,no,no,cellular,no
6522,37,services,married,secondary,no,1498,yes,no,cellular,no
6523,28,management,single,tertiary,no,150,yes,no,unknown,no
6524,84,retired,divorced,primary,no,639,no,no,telephone,yes
6525,31,blue-collar,single,unknown,yes,17,yes,no,cellular,no
6526,38,management,single,unknown,no,715,yes,no,cellular,no
6527,34,admin.,single,secondary,no,846,yes,no,cellular,no
6528,29,self-employed,single,tertiary,no,300,no,no,cellular,no
6529,28,blue-collar,single,secondary,no,97,yes,no,unknown,no
6530,57,technician,married,secondary,no,254,no,no,cellular,yes
6531,50,admin.,divorced,secondary,no,81,no,yes,cellular,no
6532,59,management,married,tertiary,no,5397,no,no,cellular,yes
6533,44,unemployed,divorced,tertiary,no,0,no,no,cellular,yes
6534,52,management,married,tertiary,no,31,no,no,cellular,yes
6535,32,management,married,tertiary,no,302,yes,yes,unknown,yes
6536,38,technician,married,secondary,no,1696,no,no,cellular,no
6537,40,management,divorced,tertiary,no,37,yes,no,unknown,no
6538,40,admin.,married,secondary,no,367,yes,no,telephone,no
6539,40,blue-collar,married,secondary,no,1954,no,no,cellular,yes
6540,41,technician,married,secondary,no,201,no,yes,cellular,no
6541,52,unemployed,married,secondary,no,94,no,no,cellular,yes
6542,39,admin.,single,tertiary,no,22086,no,no,cellular,yes
6543,40,blue-collar,married,secondary,no,0,yes,no,unknown,no
6544,55,unemployed,married,primary,no,1212,no,no,cellular,no
6545,45,blue-collar,married,secondary,no,61,yes,yes,unknown,no
6546,37,technician,single,tertiary,no,197,no,no,cellular,yes
6547,61,retired,married,secondary,no,2917,no,no,cellular,yes
6548,48,management,married,tertiary,no,494,no,no,cellular,no
6549,42,unemployed,married,tertiary,no,576,no,no,cellular,yes
6550,50,admin.,married,secondary,no,-1415,no,no,cellular,no
6551,45,technician,married,tertiary,no,5110,no,no,cellular,yes
6552,40,services,married,primary,no,-9,yes,no,unknown,yes
6553,28,blue-collar,married,secondary,no,61,yes,no,cellular,yes
6554,43,management,married,tertiary,yes,0,no,no,cellular,no
6555,39,technician,married,secondary,no,0,yes,no,unknown,no
6556,61,retired,married,tertiary,no,5267,no,no,cellular,yes
6557,38,blue-collar,single,secondary,no,1012,yes,yes,telephone,no
6558,35,admin.,single,secondary,no,181,yes,no,cellular,no
6559,31,management,single,tertiary,no,1308,no,no,cellular,no
6560,31,technician,divorced,secondary,no,268,no,no,unknown,no
6561,74,retired,married,secondary,no,1714,no,no,telephone,yes
6562,46,management,single,tertiary,no,2278,no,no,cellular,no
6563,32,services,married,secondary,no,15,yes,no,cellular,no
6564,60,retired,married,primary,no,55,no,no,cellular,no
6565,36,admin.,married,secondary,no,1207,yes,no,cellular,yes
6566,78,retired,divorced,secondary,no,3417,no,no,cellular,yes
6567,36,management,married,tertiary,no,849,yes,yes,unknown,yes
6568,58,retired,divorced,tertiary,no,3237,no,no,telephone,yes
6569,32,management,single,tertiary,no,2465,no,no,cellular,yes
6570,32,technician,single,secondary,no,-114,no,no,cellular,no
6571,35,admin.,married,secondary,no,404,yes,no,unknown,yes
6572,41,blue-collar,married,secondary,no,193,yes,no,unknown,no
6573,33,services,single,secondary,no,187,yes,no,cellular,no
6574,50,blue-collar,married,primary,no,3764,no,no,telephone,yes
6575,31,entrepreneur,married,tertiary,no,1216,no,no,cellular,no
6576,36,management,single,tertiary,no,-38,yes,no,unknown,no
6577,55,retired,married,secondary,no,1504,yes,yes,cellular,yes
6578,39,blue-collar,married,secondary,no,1382,yes,no,cellular,yes
6579,29,blue-collar,single,secondary,no,202,no,no,cellular,no
6580,33,management,single,tertiary,no,373,no,yes,cellular,yes
6581,74,retired,married,primary,no,0,no,no,telephone,yes
6582,59,management,married,tertiary,no,474,no,no,cellular,yes
6583,72,retired,married,secondary,no,0,no,no,cellular,yes
6584,59,blue-collar,married,primary,no,6212,yes,no,cellular,no
6585,53,blue-collar,married,unknown,no,111,no,no,unknown,no
6586,30,self-employed,single,tertiary,no,2593,no,no,unknown,no
6587,54,self-employed,married,primary,no,0,no,yes,telephone,no
6588,37,management,married,tertiary,no,636,no,yes,unknown,no
6589,31,admin.,single,tertiary,no,4041,no,no,cellular,yes
6590,39,blue-collar,married,secondary,no,5222,yes,no,cellular,no
6591,32,student,single,tertiary,no,64,no,no,cellular,yes
6592,19,student,single,secondary,no,55,no,no,telephone,no
6593,43,technician,single,secondary,no,451,no,no,cellular,yes
6594,40,technician,single,tertiary,no,1646,yes,no,cellular,yes
6595,38,self-employed,married,secondary,no,290,yes,no,unknown,no
6596,42,entrepreneur,single,unknown,no,323,no,no,unknown,yes
6597,24,management,single,tertiary,no,2845,no,no,cellular,yes
6598,35,admin.,married,secondary,no,304,no,no,cellular,yes
6599,37,unemployed,married,tertiary,no,1236,no,no,cellular,no
6600,25,admin.,single,tertiary,no,1185,no,no,cellular,yes
6601,35,entrepreneur,single,tertiary,no,-880,no,yes,cellular,no
6602,38,entrepreneur,married,tertiary,no,4,yes,no,cellular,no
6603,41,management,married,tertiary,no,2226,no,no,cellular,yes
6604,22,admin.,single,secondary,no,-1,yes,no,unknown,no
6605,28,blue-collar,single,secondary,no,4054,yes,no,cellular,no
6606,31,services,married,secondary,no,371,yes,yes,cellular,no
6607,52,management,married,tertiary,no,40,no,no,cellular,yes
6608,39,technician,single,secondary,no,1355,yes,no,cellular,yes
6609,44,management,married,tertiary,no,445,no,yes,telephone,no
6610,78,retired,divorced,primary,no,2787,no,no,telephone,yes
6611,38,blue-collar,single,secondary,no,13156,yes,no,cellular,no
6612,66,admin.,divorced,secondary,no,220,no,no,cellular,no
6613,34,management,married,tertiary,no,133,yes,no,unknown,no
6614,27,student,single,tertiary,no,3733,yes,no,cellular,yes
6615,58,self-employed,married,tertiary,no,-364,yes,no,unknown,no
6616,42,housemaid,divorced,secondary,no,1406,yes,no,cellular,no
6617,35,management,married,tertiary,no,4124,yes,no,cellular,yes
6618,49,unemployed,married,primary,yes,11,yes,no,telephone,no
6619,51,admin.,married,secondary,no,3025,no,no,cellular,yes
6620,36,management,single,tertiary,yes,-508,yes,no,cellular,no
6621,59,retired,married,unknown,no,0,no,no,cellular,no
6622,34,technician,married,secondary,no,-25,no,no,cellular,no
6623,38,blue-collar,single,secondary,no,1121,no,no,unknown,no
6624,54,technician,married,secondary,no,1938,no,yes,cellular,yes
6625,39,admin.,married,secondary,no,1577,yes,no,unknown,no
6626,46,technician,divorced,tertiary,no,0,no,no,cellular,yes
6627,35,blue-collar,married,primary,no,4366,yes,no,unknown,no
6628,51,admin.,married,unknown,no,-1137,yes,yes,telephone,no
6629,26,student,single,unknown,no,198,no,no,cellular,no
6630,36,technician,single,secondary,no,3254,yes,no,unknown,yes
6631,23,services,single,secondary,no,665,yes,no,unknown,yes
6632,36,services,married,primary,no,0,yes,no,unknown,yes
6633,43,admin.,married,secondary,yes,-204,yes,no,unknown,no
6634,46,student,single,unknown,no,1527,no,no,cellular,yes
6635,35,blue-collar,married,secondary,no,444,yes,no,cellular,no
6636,49,housemaid,divorced,primary,no,198,yes,no,unknown,no
6637,46,admin.,married,secondary,no,70,yes,no,cellular,yes
6638,39,admin.,married,secondary,no,260,yes,no,cellular,yes
6639,32,admin.,married,secondary,no,752,yes,no,cellular,yes
6640,37,unemployed,single,tertiary,no,1291,no,no,cellular,yes
6641,30,services,single,secondary,no,1599,no,no,cellular,yes
6642,55,services,single,secondary,no,-40,yes,no,unknown,no
6643,25,technician,married,tertiary,no,2551,no,no,cellular,yes
6644,43,blue-collar,married,primary,no,250,yes,no,cellular,no
6645,52,technician,single,secondary,no,36,yes,no,unknown,no
6646,38,housemaid,married,secondary,no,0,yes,no,cellular,no
6647,24,blue-collar,single,secondary,no,1,yes,no,cellular,no
6648,30,management,married,tertiary,no,265,yes,no,unknown,no
6649,46,services,married,secondary,no,4,no,no,cellular,yes
6650,49,management,married,secondary,no,104,yes,no,unknown,no
6651,58,management,married,tertiary,no,1318,no,no,cellular,no
6652,43,management,married,tertiary,no,46,no,no,cellular,no
6653,29,student,single,unknown,no,7585,no,no,cellular,yes
6654,36,technician,single,secondary,no,12264,no,no,cellular,yes
6655,47,management,married,tertiary,no,288,no,no,cellular,yes
6656,54,services,divorced,secondary,no,0,no,no,cellular,yes
6657,25,technician,single,secondary,no,4718,no,no,cellular,yes
6658,58,blue-collar,married,primary,no,494,no,no,cellular,no
6659,35,self-employed,married,tertiary,no,2427,no,no,cellular,yes
6660,34,entrepreneur,divorced,tertiary,no,262,no,no,cellular,no
6661,38,management,single,tertiary,no,1515,yes,no,telephone,no
6662,40,services,single,secondary,no,573,yes,no,cellular,no
6663,64,housemaid,married,primary,no,768,no,no,cellular,yes
6664,48,blue-collar,single,primary,no,8990,no,no,telephone,yes
6665,44,management,married,tertiary,no,792,no,no,cellular,yes
6666,39,technician,single,secondary,no,506,yes,no,cellular,yes
6667,34,blue-collar,single,primary,no,505,yes,no,unknown,no
6668,30,management,single,tertiary,no,2995,yes,no,cellular,no
6669,44,admin.,married,secondary,no,10905,no,no,cellular,yes
6670,63,management,married,tertiary,no,2785,no,no,cellular,yes
6671,26,technician,single,secondary,no,1231,yes,no,cellular,yes
6672,30,entrepreneur,married,secondary,no,-346,yes,yes,cellular,no
6673,45,management,married,tertiary,no,80,no,yes,cellular,no
6674,33,management,single,unknown,no,1534,yes,no,cellular,yes
6675,37,management,married,tertiary,no,1315,no,no,cellular,yes
6676,53,blue-collar,married,primary,no,252,no,no,cellular,yes
6677,72,retired,married,primary,no,1388,no,no,telephone,yes
6678,29,management,single,tertiary,no,1514,yes,no,telephone,no
6679,30,management,married,tertiary,no,1390,no,no,cellular,no
6680,32,technician,married,secondary,no,5,yes,no,cellular,no
6681,48,technician,single,tertiary,no,0,no,no,unknown,no
6682,36,admin.,married,secondary,no,165,yes,no,unknown,no
6683,58,admin.,married,secondary,no,145,yes,no,telephone,yes
6684,35,admin.,single,secondary,no,2830,no,no,unknown,no
6685,60,admin.,married,secondary,no,106,no,no,cellular,yes
6686,41,blue-collar,married,secondary,no,2823,yes,no,unknown,yes
6687,39,self-employed,divorced,secondary,yes,-103,no,yes,unknown,no
6688,71,retired,married,tertiary,no,3561,no,no,telephone,yes
6689,34,admin.,married,tertiary,no,21,no,yes,cellular,no
6690,29,technician,single,secondary,no,674,no,no,cellular,yes
6691,42,management,married,tertiary,no,223,no,no,cellular,no
6692,59,retired,married,secondary,no,136,no,no,cellular,no
6693,39,management,married,tertiary,no,937,no,no,cellular,yes
6694,31,services,married,secondary,no,5,yes,no,unknown,no
6695,30,management,single,tertiary,no,0,no,no,cellular,no
6696,42,blue-collar,married,primary,no,170,yes,no,unknown,no
6697,47,management,married,tertiary,no,682,no,no,cellular,yes
6698,38,technician,married,secondary,no,5115,yes,no,cellular,yes
6699,27,admin.,married,secondary,no,0,yes,no,cellular,yes
6700,36,admin.,divorced,secondary,no,246,yes,no,unknown,no
6701,35,technician,married,secondary,no,0,yes,no,cellular,yes
6702,61,management,married,tertiary,no,0,no,no,cellular,yes
6703,35,management,married,tertiary,no,451,yes,no,cellular,no
6704,24,blue-collar,single,secondary,no,-10,yes,no,unknown,no
6705,63,retired,divorced,tertiary,no,0,no,no,cellular,yes
6706,39,services,married,secondary,no,702,yes,no,cellular,no
6707,55,blue-collar,married,secondary,no,-473,yes,no,unknown,no
6708,37,services,single,secondary,no,278,yes,no,unknown,yes
6709,40,blue-collar,single,unknown,no,29,no,no,telephone,no
6710,25,admin.,single,tertiary,no,3730,yes,no,cellular,yes
6711,46,blue-collar,married,secondary,no,1144,yes,no,cellular,yes
6712,27,blue-collar,single,primary,no,377,no,no,cellular,yes
6713,45,management,married,tertiary,no,4119,yes,yes,telephone,yes
6714,62,retired,married,primary,no,1742,no,no,cellular,yes
6715,36,blue-collar,married,secondary,no,1165,yes,no,unknown,yes
6716,59,management,single,tertiary,no,68,yes,no,unknown,no
6717,32,management,married,tertiary,no,9214,no,yes,unknown,no
6718,21,student,single,unknown,no,137,yes,no,unknown,no
6719,34,admin.,married,tertiary,no,0,no,no,cellular,yes
6720,47,services,divorced,unknown,no,973,no,no,cellular,yes
6721,55,services,divorced,secondary,no,2166,yes,no,unknown,no
6722,30,management,single,tertiary,no,424,no,no,cellular,yes
6723,29,blue-collar,married,primary,no,787,yes,no,cellular,no
6724,35,management,married,tertiary,yes,-10,yes,no,cellular,no
6725,40,technician,married,tertiary,no,206,no,no,cellular,yes
6726,51,blue-collar,married,secondary,no,518,yes,no,cellular,yes
6727,27,unemployed,single,secondary,no,0,yes,no,cellular,no
6728,28,blue-collar,married,secondary,no,-26,no,yes,cellular,no
6729,33,admin.,married,unknown,no,2780,no,no,cellular,yes
6730,28,blue-collar,single,primary,no,54,yes,no,cellular,yes
6731,57,management,married,tertiary,no,1227,no,no,cellular,yes
6732,59,retired,married,secondary,no,0,no,no,unknown,yes
6733,34,housemaid,married,primary,no,87,yes,no,unknown,no
6734,46,services,married,secondary,no,-119,yes,no,cellular,no
6735,44,management,married,primary,no,294,no,no,cellular,yes
6736,59,retired,married,primary,no,3400,yes,no,cellular,yes
6737,33,technician,married,tertiary,no,2728,no,no,cellular,no
6738,32,blue-collar,single,secondary,no,5252,yes,no,unknown,no
6739,35,technician,single,secondary,no,1855,yes,no,unknown,no
6740,37,admin.,single,secondary,no,1097,yes,no,cellular,yes
6741,44,admin.,divorced,primary,no,429,yes,no,telephone,yes
6742,41,self-employed,married,secondary,no,20,no,no,unknown,no
6743,37,blue-collar,married,primary,no,708,yes,no,telephone,no
6744,70,retired,married,primary,no,6538,no,no,cellular,yes
6745,27,student,single,tertiary,no,5291,no,no,cellular,yes
6746,53,admin.,married,secondary,no,10541,no,no,cellular,yes
6747,26,technician,married,tertiary,no,8,yes,yes,unknown,no
6748,33,technician,divorced,secondary,no,2,yes,no,cellular,no
6749,33,admin.,married,secondary,no,0,no,yes,cellular,no
6750,49,management,single,tertiary,no,5689,no,no,cellular,yes
6751,58,blue-collar,married,secondary,no,1298,yes,no,unknown,no
6752,51,admin.,divorced,secondary,no,228,yes,no,unknown,no
6753,35,self-employed,married,secondary,no,598,yes,no,cellular,no
6754,34,blue-collar,married,tertiary,no,17672,no,no,cellular,no
6755,28,blue-collar,single,secondary,no,53,yes,no,cellular,no
6756,41,technician,married,secondary,no,1270,yes,no,unknown,yes
6757,41,blue-collar,married,secondary,no,641,yes,no,unknown,no
6758,27,services,single,secondary,no,302,no,no,cellular,yes
6759,29,student,single,tertiary,no,163,no,no,cellular,yes
6760,35,management,married,tertiary,no,520,yes,no,cellular,yes
6761,36,blue-collar,married,primary,no,347,no,no,cellular,no
6762,45,blue-collar,married,primary,no,2433,no,no,cellular,no
6763,40,technician,married,unknown,no,0,no,yes,cellular,no
6764,44,management,married,primary,no,4758,yes,no,cellular,yes
6765,27,services,married,secondary,no,0,yes,no,cellular,no
6766,38,services,married,secondary,no,968,yes,no,cellular,no
6767,34,blue-collar,single,secondary,no,215,no,no,cellular,no
6768,44,blue-collar,single,primary,no,-234,yes,yes,cellular,no
6769,53,blue-collar,married,secondary,no,136,yes,no,unknown,no
6770,34,admin.,married,tertiary,no,0,no,no,cellular,yes
6771,47,blue-collar,married,secondary,no,668,yes,no,cellular,no
6772,33,technician,married,tertiary,no,2976,yes,no,cellular,no
6773,48,blue-collar,married,primary,no,476,no,no,cellular,yes
6774,32,management,single,tertiary,no,2016,no,no,cellular,yes
6775,57,management,married,tertiary,no,10583,no,no,cellular,yes
6776,45,blue-collar,married,primary,no,360,no,no,unknown,no
6777,35,self-employed,married,secondary,no,524,yes,no,cellular,no
6778,31,blue-collar,married,secondary,no,1779,yes,no,unknown,no
6779,43,management,married,tertiary,no,0,yes,no,cellular,no
6780,30,management,single,tertiary,no,5359,no,no,cellular,yes
6781,43,admin.,single,secondary,no,733,yes,no,cellular,yes
6782,41,technician,married,secondary,no,-329,no,no,telephone,no
6783,35,blue-collar,married,secondary,no,270,yes,yes,cellular,no
6784,42,technician,single,secondary,no,2036,yes,no,cellular,no
6785,27,technician,single,secondary,no,261,yes,no,cellular,no
6786,42,management,single,tertiary,no,1146,yes,no,unknown,no
6787,35,blue-collar,married,primary,no,526,yes,no,cellular,no
6788,32,management,single,tertiary,no,312,no,no,cellular,yes
6789,32,services,single,secondary,no,3993,no,no,cellular,yes
6790,57,management,married,tertiary,no,1172,yes,no,cellular,no
6791,39,unknown,single,unknown,no,0,no,no,telephone,no
6792,56,management,divorced,tertiary,no,310,no,no,unknown,no
6793,35,self-employed,single,secondary,no,951,yes,no,cellular,no
6794,41,blue-collar,married,primary,no,1461,yes,no,unknown,yes
6795,34,technician,divorced,secondary,no,259,no,no,cellular,no
6796,59,unknown,divorced,unknown,no,27,no,no,unknown,no
6797,51,management,married,tertiary,no,2635,no,no,cellular,yes
6798,45,unknown,married,unknown,no,356,no,no,cellular,no
6799,33,management,married,tertiary,no,271,yes,no,cellular,yes
6800,77,retired,married,tertiary,no,7802,no,no,telephone,yes
6801,43,management,married,tertiary,no,0,yes,no,cellular,no
6802,35,blue-collar,single,secondary,no,-482,yes,no,unknown,no
6803,63,entrepreneur,married,secondary,no,3904,no,no,telephone,yes
6804,28,services,single,secondary,no,525,no,no,cellular,no
6805,36,admin.,single,tertiary,no,994,no,no,cellular,no
6806,35,management,single,tertiary,no,123,yes,no,unknown,no
6807,35,management,single,tertiary,no,431,no,no,cellular,yes
6808,36,unemployed,divorced,secondary,no,5,yes,no,cellular,no
6809,33,management,married,tertiary,no,1778,no,no,cellular,no
6810,28,blue-collar,single,tertiary,no,4099,no,no,cellular,yes
6811,28,student,single,secondary,no,5916,no,no,cellular,no
6812,47,management,single,tertiary,no,-230,no,no,cellular,no
6813,42,blue-collar,married,primary,no,205,yes,no,cellular,no
6814,58,admin.,married,unknown,no,903,no,no,cellular,no
6815,51,admin.,single,tertiary,no,394,no,no,telephone,yes
6816,41,blue-collar,married,unknown,no,732,yes,no,unknown,no
6817,34,management,married,tertiary,no,39,no,no,cellular,no
6818,59,retired,married,secondary,no,25947,no,no,cellular,no
6819,59,retired,married,primary,no,5521,yes,yes,unknown,no
6820,55,services,divorced,primary,no,2923,yes,no,unknown,no
6821,60,management,single,tertiary,no,1034,yes,no,cellular,yes
6822,29,services,single,secondary,no,887,no,no,cellular,no
6823,30,self-employed,single,tertiary,no,251,no,no,cellular,yes
6824,39,technician,single,secondary,no,287,yes,no,cellular,no
6825,39,blue-collar,married,secondary,no,261,no,no,cellular,yes
6826,29,self-employed,married,secondary,no,425,yes,no,unknown,yes
6827,57,retired,married,primary,no,318,no,no,cellular,no
6828,47,blue-collar,married,primary,no,643,yes,no,unknown,no
6829,43,blue-collar,married,primary,no,0,yes,no,unknown,no
6830,55,management,married,tertiary,no,23189,yes,no,unknown,no
6831,53,blue-collar,divorced,primary,no,2656,yes,no,unknown,yes
6832,33,management,married,tertiary,no,1412,yes,no,unknown,yes
6833,44,unemployed,divorced,secondary,no,522,no,no,cellular,no
6834,40,admin.,married,secondary,no,1395,yes,yes,cellular,no
6835,36,management,married,tertiary,no,9324,yes,no,cellular,no
6836,48,self-employed,married,secondary,no,91,no,no,cellular,no
6837,33,blue-collar,single,secondary,no,76,yes,no,unknown,yes
6838,29,management,married,secondary,no,0,yes,no,unknown,no
6839,38,blue-collar,married,secondary,no,961,yes,no,unknown,no
6840,45,management,divorced,secondary,no,644,yes,no,cellular,yes
6841,31,technician,single,secondary,no,147,yes,no,unknown,no
6842,22,student,single,secondary,no,71,no,no,cellular,yes
6843,71,retired,divorced,tertiary,yes,1236,yes,no,cellular,yes
6844,49,technician,married,tertiary,no,2611,no,no,cellular,yes
6845,34,admin.,single,secondary,no,1704,yes,no,unknown,no
6846,34,blue-collar,single,tertiary,no,1168,no,no,cellular,no
6847,56,retired,married,primary,no,1947,no,no,cellular,yes
6848,33,technician,married,secondary,no,14850,yes,no,cellular,no
6849,37,management,married,tertiary,no,2951,no,no,cellular,no
6850,36,technician,single,secondary,no,539,yes,no,cellular,yes
6851,73,retired,married,primary,no,508,no,no,cellular,no
6852,59,retired,divorced,primary,no,-88,yes,no,unknown,yes
6853,38,services,married,secondary,no,2678,no,no,cellular,yes
6854,40,services,married,secondary,no,-116,yes,no,unknown,no
6855,29,technician,single,secondary,no,1165,no,no,cellular,yes
6856,63,entrepreneur,married,tertiary,no,2707,no,no,telephone,no
6857,45,housemaid,divorced,primary,no,221,no,no,cellular,no
6858,33,technician,married,secondary,no,218,yes,yes,telephone,no
6859,54,retired,married,secondary,no,1851,no,no,unknown,no
6860,44,technician,divorced,secondary,no,275,no,no,cellular,yes
6861,34,admin.,single,secondary,no,745,yes,yes,cellular,no
6862,31,blue-collar,married,primary,no,68,yes,no,unknown,no
6863,64,retired,married,secondary,no,571,yes,no,cellular,yes
6864,35,technician,divorced,tertiary,no,0,yes,no,unknown,no
6865,38,blue-collar,married,secondary,no,0,yes,no,unknown,no
6866,29,blue-collar,single,secondary,no,16,no,no,unknown,no
6867,28,unemployed,married,secondary,no,-42,yes,yes,cellular,no
6868,52,management,married,tertiary,no,2428,yes,no,cellular,no
6869,71,retired,married,primary,no,3230,no,no,cellular,yes
6870,30,management,single,tertiary,no,115,no,no,cellular,no
6871,30,student,single,secondary,no,1681,no,no,cellular,yes
6872,33,technician,married,secondary,no,3572,yes,no,cellular,no
6873,39,management,married,tertiary,no,208,no,no,cellular,no
6874,59,blue-collar,divorced,primary,no,989,no,no,cellular,yes
6875,35,technician,single,secondary,no,2144,yes,no,unknown,no
6876,28,student,single,secondary,no,1925,no,no,cellular,yes
6877,32,services,married,secondary,no,144,yes,no,unknown,no
6878,58,management,divorced,unknown,no,2986,no,no,cellular,yes
6879,42,management,married,tertiary,no,199,yes,no,cellular,no
6880,24,blue-collar,married,secondary,no,685,yes,no,unknown,yes
6881,58,management,single,tertiary,no,342,no,yes,cellular,no
6882,28,self-employed,single,tertiary,no,3290,no,no,cellular,yes
6883,27,management,married,secondary,no,2071,no,no,cellular,yes
6884,26,services,single,tertiary,no,12,no,no,cellular,yes
6885,51,blue-collar,married,primary,no,-637,yes,yes,cellular,no
6886,58,management,married,tertiary,no,4152,yes,no,cellular,yes
6887,37,admin.,single,tertiary,no,869,no,no,cellular,no
6888,43,technician,married,secondary,no,7876,yes,no,cellular,no
6889,30,blue-collar,single,secondary,yes,239,yes,no,unknown,yes
6890,41,blue-collar,single,unknown,no,961,yes,no,unknown,no
6891,40,management,single,tertiary,no,402,yes,no,unknown,no
6892,29,self-employed,single,tertiary,no,16,yes,no,unknown,no
6893,35,management,single,tertiary,no,688,no,no,cellular,no
6894,40,entrepreneur,divorced,secondary,no,2998,yes,no,cellular,yes
6895,32,management,married,tertiary,no,713,yes,no,cellular,no
6896,38,entrepreneur,married,secondary,no,680,yes,no,unknown,no
6897,26,management,single,tertiary,no,390,no,no,cellular,yes
6898,44,technician,single,secondary,no,7138,no,no,cellular,yes
6899,34,blue-collar,married,primary,no,1031,yes,no,unknown,yes
6900,37,self-employed,divorced,tertiary,no,1513,no,no,unknown,no
6901,60,retired,divorced,tertiary,no,380,no,no,cellular,no
6902,33,blue-collar,single,primary,yes,-15,no,yes,cellular,no
6903,64,retired,married,secondary,no,588,no,no,cellular,yes
6904,37,technician,married,secondary,no,1610,no,no,unknown,no
6905,53,management,married,unknown,no,527,yes,no,cellular,no
6906,39,technician,married,secondary,no,251,yes,no,cellular,yes
6907,33,blue-collar,married,primary,no,1002,yes,no,unknown,no
6908,48,management,married,secondary,no,268,yes,no,cellular,yes
6909,56,management,married,primary,no,21,no,no,cellular,no
6910,33,technician,single,secondary,no,161,no,no,cellular,no
6911,27,housemaid,married,primary,yes,-238,no,no,cellular,no
6912,30,blue-collar,single,secondary,no,183,yes,no,cellular,yes
6913,45,blue-collar,married,primary,no,0,yes,no,cellular,no
6914,38,management,married,tertiary,no,0,yes,no,cellular,yes
6915,45,management,married,unknown,no,9051,yes,no,unknown,no
6916,40,blue-collar,married,primary,no,332,yes,no,cellular,no
6917,54,retired,married,primary,no,0,yes,no,cellular,no
6918,26,management,single,tertiary,no,362,no,no,cellular,yes
6919,59,admin.,married,secondary,no,1575,yes,no,cellular,no
6920,30,admin.,single,secondary,no,270,no,no,cellular,yes
6921,59,retired,married,secondary,no,599,yes,no,cellular,no
6922,38,entrepreneur,married,secondary,no,2139,yes,no,unknown,no
6923,57,admin.,married,primary,no,215,yes,yes,cellular,no
6924,46,blue-collar,married,secondary,no,781,no,no,unknown,no
6925,56,retired,married,primary,no,9367,no,no,telephone,yes
6926,40,technician,married,secondary,no,-496,no,no,telephone,no
6927,49,management,divorced,tertiary,no,9326,yes,no,unknown,no
6928,34,admin.,married,secondary,no,804,yes,no,cellular,no
6929,52,services,married,secondary,no,497,yes,no,telephone,no
6930,54,management,single,tertiary,no,4393,yes,no,unknown,yes
6931,25,technician,single,tertiary,no,3630,no,no,telephone,yes
6932,38,unknown,single,tertiary,no,0,no,no,cellular,yes
6933,27,blue-collar,married,secondary,no,-330,yes,yes,cellular,no
6934,53,technician,married,secondary,no,8417,yes,no,unknown,no
6935,43,services,married,secondary,no,2145,no,no,cellular,yes
6936,62,retired,married,secondary,no,3,no,no,cellular,no
6937,46,admin.,divorced,secondary,no,2087,no,no,cellular,yes
6938,34,services,married,secondary,no,-538,yes,no,unknown,yes
6939,85,retired,married,primary,no,12114,no,no,telephone,yes
6940,29,technician,single,tertiary,no,542,yes,no,unknown,no
6941,35,blue-collar,married,secondary,no,2054,yes,no,unknown,no
6942,66,retired,married,tertiary,no,1948,no,no,cellular,yes
6943,47,services,divorced,tertiary,no,1639,no,no,cellular,yes
6944,37,technician,single,tertiary,no,6101,no,no,cellular,yes
6945,35,admin.,single,secondary,no,0,yes,no,cellular,no
6946,29,student,single,secondary,no,67,no,no,cellular,yes
6947,37,entrepreneur,married,tertiary,no,555,no,no,cellular,no
6948,47,technician,divorced,secondary,no,2836,no,yes,cellular,no
6949,41,blue-collar,married,secondary,yes,720,no,yes,cellular,yes
6950,30,technician,divorced,secondary,no,3100,yes,no,unknown,no
6951,40,management,married,tertiary,no,384,no,no,cellular,no
6952,38,self-employed,married,secondary,no,30,no,no,unknown,no
6953,26,admin.,married,secondary,no,1417,yes,no,unknown,no
6954,40,technician,married,secondary,no,372,yes,no,cellular,no
6955,72,retired,married,secondary,no,1978,no,no,cellular,yes
6956,32,services,single,secondary,no,659,yes,no,cellular,no
6957,43,admin.,married,secondary,no,71,no,no,unknown,no
6958,58,admin.,married,secondary,no,92,yes,no,unknown,no
6959,27,blue-collar,married,secondary,no,197,no,no,telephone,no
6960,30,blue-collar,single,secondary,yes,447,no,no,cellular,no
6961,32,services,married,secondary,no,243,yes,yes,unknown,no
6962,56,entrepreneur,divorced,secondary,no,179,no,no,cellular,no
6963,49,technician,divorced,secondary,no,342,no,yes,cellular,no
6964,57,admin.,divorced,secondary,no,3100,no,yes,cellular,no
6965,33,blue-collar,married,secondary,no,379,yes,yes,cellular,yes
6966,48,blue-collar,married,secondary,no,1230,yes,no,cellular,yes
6967,38,unemployed,single,secondary,no,804,no,no,cellular,yes
6968,45,technician,single,secondary,no,410,yes,no,unknown,yes
6969,72,retired,divorced,primary,no,0,no,no,telephone,no
6970,50,blue-collar,divorced,primary,no,388,no,no,cellular,no
6971,32,admin.,married,secondary,no,1604,no,yes,cellular,yes
6972,60,blue-collar,married,primary,no,493,no,no,cellular,yes
6973,36,technician,married,secondary,no,1466,yes,no,unknown,no
6974,39,technician,single,secondary,no,681,yes,no,unknown,no
6975,37,management,married,tertiary,no,21,no,no,cellular,no
6976,24,blue-collar,single,secondary,no,-398,yes,no,cellular,no
6977,37,management,single,tertiary,no,240,no,no,unknown,yes
6978,25,blue-collar,single,secondary,no,217,yes,no,cellular,yes
6979,60,retired,married,secondary,no,2060,no,no,cellular,no
6980,30,services,single,secondary,no,1881,no,yes,unknown,no
6981,55,technician,married,secondary,no,264,yes,yes,cellular,yes
6982,30,technician,married,secondary,no,590,yes,no,unknown,no
6983,25,student,married,tertiary,no,10,yes,no,cellular,yes
6984,28,blue-collar,single,tertiary,no,1984,yes,no,cellular,no
6985,29,admin.,married,secondary,no,7707,yes,no,cellular,yes
6986,30,technician,single,tertiary,no,1289,yes,no,unknown,yes
6987,38,services,married,secondary,no,8876,no,no,cellular,no
6988,53,unemployed,married,primary,no,980,yes,no,cellular,yes
6989,46,admin.,married,secondary,no,556,yes,yes,unknown,yes
6990,54,management,divorced,tertiary,no,496,no,no,cellular,yes
6991,48,admin.,married,secondary,no,0,yes,no,cellular,no
6992,33,management,married,tertiary,no,71,no,no,cellular,yes
6993,26,management,married,tertiary,no,243,no,no,cellular,yes
6994,36,blue-collar,married,secondary,no,0,no,no,cellular,no
6995,68,retired,married,secondary,no,1146,no,no,cellular,yes
6996,48,unemployed,married,secondary,no,855,yes,no,unknown,no
6997,30,technician,married,tertiary,no,541,yes,no,unknown,yes
6998,33,services,married,secondary,no,478,no,no,cellular,yes
6999,29,housemaid,married,primary,no,417,no,no,cellular,no
7000,56,self-employed,married,tertiary,no,411,no,no,unknown,no
7001,59,blue-collar,married,secondary,no,0,yes,no,unknown,no
7002,56,management,married,secondary,no,238,yes,no,cellular,no
7003,25,technician,single,tertiary,no,3411,no,no,cellular,yes
7004,41,blue-collar,married,secondary,no,1384,yes,no,unknown,yes
7005,54,entrepreneur,married,tertiary,no,0,no,no,cellular,no
7006,31,technician,married,secondary,no,180,no,no,cellular,yes
7007,57,management,divorced,tertiary,no,2549,no,no,cellular,no
7008,38,blue-collar,married,secondary,no,530,yes,no,cellular,no
7009,27,admin.,single,unknown,no,5,yes,no,cellular,no
7010,32,self-employed,single,tertiary,no,1815,no,no,telephone,yes
7011,56,technician,divorced,secondary,no,146,yes,no,cellular,yes
7012,36,services,single,secondary,no,0,yes,no,cellular,yes
7013,41,management,married,tertiary,no,0,no,no,cellular,yes
7014,52,blue-collar,married,primary,no,117,no,yes,cellular,no
7015,58,unemployed,single,tertiary,no,2094,no,no,cellular,no
7016,54,technician,divorced,secondary,no,136,no,yes,cellular,no
7017,29,technician,single,secondary,no,825,no,no,cellular,yes
7018,50,technician,married,secondary,no,156,no,yes,cellular,yes
7019,54,management,married,tertiary,no,122,yes,no,cellular,no
7020,49,entrepreneur,married,secondary,no,-1965,no,yes,telephone,no
7021,45,management,single,tertiary,no,483,no,no,cellular,yes
7022,30,management,single,tertiary,no,536,no,no,cellular,yes
7023,40,blue-collar,married,secondary,no,-438,no,no,cellular,yes
7024,29,technician,single,secondary,no,510,yes,no,unknown,no
7025,70,retired,married,secondary,no,1853,no,no,telephone,yes
7026,47,technician,married,tertiary,no,2408,no,no,cellular,yes
7027,44,self-employed,divorced,tertiary,no,1070,yes,no,cellular,yes
7028,57,housemaid,married,tertiary,no,2326,no,no,cellular,yes
7029,34,management,single,tertiary,no,549,no,no,cellular,yes
7030,49,management,married,tertiary,no,0,yes,no,cellular,no
7031,55,management,divorced,tertiary,no,8044,yes,no,cellular,no
7032,44,self-employed,divorced,tertiary,no,1070,yes,no,cellular,yes
7033,49,technician,single,secondary,no,9131,yes,no,cellular,yes
7034,48,unemployed,married,primary,no,608,no,no,cellular,no
7035,33,self-employed,divorced,secondary,no,1904,yes,no,cellular,yes
7036,52,housemaid,married,primary,no,3798,yes,no,cellular,yes
7037,45,management,divorced,tertiary,no,1,no,no,cellular,yes
7038,50,blue-collar,married,tertiary,no,5423,yes,no,cellular,no
7039,32,management,married,tertiary,no,1812,no,no,cellular,yes
7040,55,technician,married,secondary,no,3899,yes,no,telephone,yes
7041,59,admin.,married,secondary,no,145,yes,no,telephone,yes
7042,30,services,married,secondary,no,3929,yes,no,cellular,yes
7043,26,services,single,secondary,no,37,no,yes,cellular,no
7044,30,technician,single,secondary,no,778,yes,no,cellular,no
7045,36,technician,single,secondary,no,125,yes,no,cellular,yes
7046,58,entrepreneur,married,primary,no,1153,yes,yes,telephone,no
7047,36,management,married,tertiary,no,203,no,no,cellular,yes
7048,46,services,divorced,secondary,no,355,yes,no,cellular,no
7049,32,technician,single,secondary,no,3297,no,no,cellular,no
7050,45,admin.,married,unknown,no,5511,no,no,cellular,yes
7051,45,admin.,divorced,secondary,no,0,no,no,cellular,yes
7052,33,admin.,single,tertiary,no,146,no,no,cellular,yes
7053,74,retired,married,primary,no,1765,no,no,telephone,yes
7054,32,technician,single,secondary,no,1995,yes,no,cellular,yes
7055,32,admin.,single,tertiary,no,8866,no,no,cellular,yes
7056,54,housemaid,married,primary,no,167,yes,no,cellular,no
7057,40,services,single,secondary,no,224,yes,no,cellular,yes
7058,21,blue-collar,single,secondary,no,682,no,no,cellular,yes
7059,41,technician,married,secondary,no,1788,no,no,cellular,no
7060,32,blue-collar,single,secondary,no,1940,yes,yes,unknown,no
7061,61,retired,married,secondary,no,243,no,no,cellular,yes
7062,28,management,single,tertiary,no,1086,yes,no,unknown,no
7063,38,unemployed,married,secondary,no,995,no,no,unknown,no
7064,70,retired,married,secondary,no,6422,no,no,cellular,yes
7065,28,management,single,tertiary,no,1584,yes,no,cellular,yes
7066,47,management,single,tertiary,no,4402,no,no,telephone,yes
7067,48,technician,married,secondary,yes,0,no,no,unknown,yes
7068,25,technician,divorced,secondary,no,86,no,yes,cellular,no
7069,35,services,married,secondary,no,52,yes,no,cellular,yes
7070,39,unemployed,single,secondary,no,2645,yes,no,unknown,no
7071,31,entrepreneur,divorced,tertiary,no,0,yes,no,cellular,no
7072,64,retired,divorced,primary,no,315,no,no,cellular,yes
7073,54,management,married,tertiary,no,1464,no,no,cellular,yes
7074,51,services,married,primary,no,-553,yes,no,unknown,no
7075,54,self-employed,divorced,tertiary,no,0,yes,yes,cellular,no
7076,34,management,single,tertiary,no,431,no,no,cellular,no
7077,65,retired,married,secondary,no,571,yes,no,cellular,yes
7078,48,management,divorced,unknown,no,549,yes,no,unknown,no
7079,66,retired,divorced,unknown,no,53,no,no,cellular,yes
7080,30,services,divorced,primary,no,459,yes,no,cellular,yes
7081,36,technician,married,secondary,no,0,yes,no,cellular,no
7082,33,blue-collar,married,secondary,no,1541,yes,no,unknown,no
7083,39,services,married,secondary,no,52,no,no,telephone,yes
7084,37,admin.,married,secondary,no,274,yes,no,unknown,yes
7085,68,retired,single,tertiary,no,2144,no,no,cellular,yes
7086,33,blue-collar,married,secondary,no,-253,yes,no,cellular,no
7087,35,services,single,secondary,no,719,yes,no,cellular,yes
7088,34,unemployed,single,tertiary,no,1974,no,no,cellular,yes
7089,30,unemployed,single,tertiary,no,1159,no,no,cellular,no
7090,41,services,married,secondary,no,0,yes,yes,cellular,yes
7091,67,retired,married,primary,no,4416,no,no,cellular,yes
7092,38,management,married,tertiary,no,0,yes,no,unknown,no
7093,38,management,divorced,tertiary,no,162,no,no,cellular,no
7094,29,technician,single,secondary,no,382,no,no,cellular,yes
7095,46,blue-collar,married,secondary,no,456,no,yes,cellular,yes
7096,30,technician,single,tertiary,no,2325,no,no,cellular,yes
7097,34,technician,married,secondary,no,1035,no,no,cellular,yes
7098,27,student,single,secondary,no,3754,no,no,cellular,no
7099,52,technician,married,secondary,no,234,no,no,cellular,yes
7100,57,blue-collar,married,unknown,no,807,yes,no,unknown,no
7101,35,blue-collar,married,secondary,no,-461,no,no,unknown,no
7102,74,retired,married,secondary,no,3771,no,no,telephone,no
7103,40,blue-collar,divorced,secondary,no,973,no,no,cellular,yes
7104,37,blue-collar,married,primary,no,178,yes,yes,unknown,no
7105,29,management,single,secondary,no,3317,no,yes,telephone,yes
7106,40,self-employed,single,tertiary,no,-94,yes,no,cellular,no
7107,33,housemaid,single,tertiary,no,1107,yes,no,cellular,yes
7108,30,management,single,tertiary,no,533,no,no,cellular,yes
7109,49,blue-collar,married,primary,no,230,no,yes,unknown,no
7110,30,management,single,tertiary,no,4889,no,no,cellular,yes
7111,44,services,divorced,secondary,no,-389,yes,yes,unknown,no
7112,28,blue-collar,single,secondary,no,524,yes,no,cellular,yes
7113,51,technician,married,secondary,no,216,no,no,cellular,yes
7114,57,housemaid,married,tertiary,no,2326,no,no,cellular,yes
7115,38,technician,married,secondary,no,4539,no,no,cellular,yes
7116,30,management,single,tertiary,no,398,no,no,cellular,yes
7117,30,blue-collar,married,secondary,no,486,yes,no,unknown,yes
7118,30,blue-collar,married,primary,no,0,yes,no,cellular,no
7119,31,management,single,tertiary,no,0,no,no,cellular,no
7120,39,admin.,married,tertiary,no,259,yes,no,unknown,no
7121,59,admin.,married,secondary,no,106,no,no,cellular,yes
7122,69,retired,married,primary,no,324,no,no,cellular,no
7123,74,retired,married,secondary,no,935,no,no,cellular,yes
7124,47,housemaid,single,primary,no,2785,yes,no,cellular,yes
7125,33,blue-collar,single,secondary,no,-416,yes,no,unknown,yes
7126,49,technician,married,secondary,no,412,no,no,cellular,yes
7127,39,technician,married,secondary,no,24,yes,no,cellular,no
7128,34,unknown,single,secondary,no,859,no,no,cellular,yes
7129,49,blue-collar,married,secondary,no,1946,no,no,cellular,yes
7130,43,services,single,secondary,no,3403,yes,no,cellular,yes
7131,35,blue-collar,married,secondary,no,1160,no,yes,telephone,no
7132,35,blue-collar,divorced,unknown,no,164,no,no,unknown,yes
7133,44,blue-collar,married,secondary,no,701,no,yes,unknown,no
7134,59,management,married,tertiary,no,2239,no,no,cellular,yes
7135,57,technician,married,secondary,no,29207,yes,no,telephone,no
7136,48,management,divorced,tertiary,no,2263,no,no,cellular,yes
7137,31,management,single,tertiary,no,533,no,no,cellular,yes
7138,36,management,single,tertiary,no,7506,yes,no,cellular,yes
7139,24,student,single,secondary,no,23878,no,no,cellular,yes
7140,59,management,married,tertiary,yes,782,no,yes,cellular,no
7141,47,management,married,tertiary,no,0,no,no,cellular,no
7142,39,management,married,tertiary,no,1241,yes,no,cellular,no
7143,31,technician,married,secondary,no,684,yes,no,cellular,yes
7144,44,blue-collar,married,primary,no,103,yes,no,cellular,no
7145,48,blue-collar,married,primary,no,1203,no,no,cellular,no
7146,43,blue-collar,divorced,primary,no,-57,yes,no,unknown,no
7147,31,blue-collar,single,secondary,no,2093,no,no,cellular,no
7148,55,management,divorced,tertiary,no,668,no,no,cellular,no
7149,30,admin.,single,secondary,no,2568,no,no,cellular,yes
7150,56,services,married,secondary,no,642,yes,no,cellular,no
7151,23,services,single,secondary,no,279,yes,no,cellular,yes
7152,32,admin.,single,tertiary,no,8866,no,no,cellular,yes
7153,33,admin.,single,secondary,no,1437,yes,no,unknown,no
7154,33,management,single,tertiary,no,1909,no,no,cellular,no
7155,55,housemaid,married,unknown,no,366,no,no,cellular,yes
7156,35,entrepreneur,married,secondary,no,4872,yes,no,cellular,no
7157,30,management,single,tertiary,no,376,yes,no,cellular,yes
7158,27,student,single,tertiary,no,13107,yes,no,cellular,yes
7159,32,blue-collar,married,secondary,no,1,yes,no,cellular,no
7160,45,housemaid,married,secondary,no,360,no,no,cellular,yes
7161,47,management,married,tertiary,no,2306,no,no,telephone,yes
7162,33,management,married,tertiary,no,-139,no,no,cellular,no
7163,42,management,married,tertiary,no,1272,yes,no,cellular,no
7164,31,blue-collar,married,primary,no,-537,yes,yes,cellular,yes
7165,49,technician,married,secondary,no,-849,yes,yes,unknown,no
7166,38,technician,single,secondary,no,103,yes,no,cellular,no
7167,30,technician,single,secondary,no,167,no,no,unknown,no
7168,25,management,single,tertiary,no,219,no,no,cellular,yes
7169,25,student,single,secondary,no,3713,no,no,cellular,yes
7170,42,management,single,tertiary,no,7560,no,no,cellular,yes
7171,36,management,married,tertiary,no,1133,yes,no,cellular,yes
7172,34,management,married,tertiary,no,611,no,no,cellular,yes
7173,43,management,married,tertiary,no,0,no,no,cellular,yes
7174,60,retired,married,tertiary,no,108,no,no,cellular,yes
7175,39,management,married,primary,no,0,no,no,unknown,no
7176,35,blue-collar,married,secondary,no,154,yes,no,unknown,no
7177,34,admin.,single,secondary,no,63,yes,no,cellular,yes
7178,37,technician,single,secondary,no,1435,no,no,cellular,yes
7179,34,blue-collar,married,secondary,no,2495,yes,no,unknown,yes
7180,33,management,single,tertiary,no,4176,no,no,cellular,yes
7181,53,management,married,secondary,no,2693,no,no,cellular,no
7182,28,technician,married,primary,no,-58,yes,no,unknown,no
7183,30,blue-collar,married,secondary,no,2850,no,no,unknown,no
7184,36,services,married,secondary,no,1746,yes,no,cellular,no
7185,31,self-employed,single,tertiary,no,3343,no,no,cellular,yes
7186,31,blue-collar,married,secondary,no,1329,yes,yes,unknown,no
7187,48,management,divorced,secondary,no,17,yes,no,cellular,no
7188,52,admin.,divorced,unknown,no,0,no,no,cellular,no
7189,39,management,married,tertiary,no,691,yes,yes,cellular,no
7190,41,blue-collar,married,secondary,no,429,yes,no,unknown,no
7191,26,admin.,single,secondary,no,141,yes,no,cellular,no
7192,20,student,married,unknown,no,292,no,no,cellular,yes
7193,47,services,married,secondary,no,1717,no,no,cellular,no
7194,39,blue-collar,married,primary,no,2715,yes,no,unknown,no
7195,74,retired,married,primary,no,1413,no,no,cellular,yes
7196,32,technician,divorced,secondary,no,-262,yes,no,telephone,no
7197,31,management,single,tertiary,no,78,yes,no,cellular,no
7198,60,retired,married,secondary,no,194,no,yes,cellular,no
7199,26,management,single,tertiary,no,3704,no,no,cellular,yes
7200,40,management,married,secondary,no,99,no,no,cellular,no
7201,37,management,married,tertiary,no,3236,no,no,cellular,yes
7202,31,management,single,tertiary,no,41,yes,no,cellular,no
7203,34,technician,single,secondary,no,1313,no,no,cellular,no
7204,48,admin.,married,unknown,no,3756,no,no,cellular,no
7205,48,management,single,secondary,no,1106,no,yes,cellular,no
7206,37,blue-collar,married,unknown,no,622,yes,no,cellular,no
7207,47,technician,married,secondary,no,1981,yes,no,cellular,yes
7208,55,blue-collar,married,unknown,no,23,no,no,cellular,no
7209,32,services,single,tertiary,no,785,no,no,cellular,no
7210,32,technician,married,tertiary,no,15,no,no,cellular,no
7211,30,blue-collar,married,secondary,no,177,yes,no,cellular,no
7212,52,blue-collar,married,primary,no,924,no,no,cellular,no
7213,32,technician,single,tertiary,no,1710,yes,no,cellular,no
7214,26,self-employed,single,secondary,no,3676,no,no,cellular,yes
7215,45,admin.,divorced,tertiary,no,1506,no,no,cellular,yes
7216,28,student,single,secondary,no,69,no,no,cellular,yes
7217,43,services,married,primary,no,2557,yes,no,telephone,yes
7218,36,management,single,tertiary,no,4,yes,no,cellular,no
7219,52,management,married,tertiary,no,659,no,no,cellular,no
7220,55,retired,divorced,tertiary,no,816,no,no,cellular,no
7221,38,management,married,tertiary,no,1101,yes,no,telephone,no
7222,39,management,married,secondary,no,13578,yes,no,cellular,no
7223,37,technician,single,tertiary,no,3943,no,no,cellular,yes
7224,32,admin.,married,secondary,no,1661,yes,no,cellular,no
7225,30,blue-collar,single,secondary,no,239,yes,no,unknown,yes
7226,61,retired,divorced,secondary,no,4243,no,no,cellular,yes
7227,40,blue-collar,divorced,secondary,no,793,yes,no,unknown,no
7228,33,services,divorced,secondary,no,1529,yes,no,telephone,no
7229,49,services,divorced,secondary,no,0,no,no,cellular,yes
7230,40,management,married,tertiary,no,0,no,no,cellular,yes
7231,82,retired,married,primary,no,243,no,no,cellular,yes
7232,33,services,married,secondary,no,1082,yes,yes,cellular,no
7233,27,services,married,secondary,no,1,no,no,cellular,no
7234,31,self-employed,single,tertiary,no,91,no,no,unknown,no
7235,59,technician,married,primary,no,309,no,yes,cellular,no
7236,53,technician,married,secondary,no,7984,yes,no,cellular,no
7237,53,blue-collar,married,secondary,no,208,no,no,unknown,no
7238,62,housemaid,married,tertiary,no,1528,no,no,cellular,yes
7239,30,admin.,single,secondary,no,873,no,no,cellular,no
7240,27,technician,single,tertiary,no,4661,no,no,cellular,yes
7241,41,admin.,married,secondary,no,55,yes,no,unknown,yes
7242,38,technician,married,secondary,no,205,no,no,cellular,yes
7243,33,admin.,single,secondary,no,555,yes,no,cellular,yes
7244,48,blue-collar,divorced,primary,no,24,yes,no,unknown,yes
7245,32,management,single,tertiary,no,307,no,no,cellular,no
7246,32,services,married,secondary,no,0,no,no,cellular,no
7247,43,self-employed,married,secondary,no,5704,yes,no,cellular,no
7248,44,technician,single,secondary,no,1679,no,no,telephone,yes
7249,39,blue-collar,married,secondary,no,39,yes,no,unknown,no
7250,44,housemaid,married,secondary,no,281,yes,no,unknown,no
7251,41,blue-collar,married,secondary,no,2067,yes,no,unknown,no
7252,36,management,married,tertiary,no,1582,no,no,telephone,no
7253,36,management,single,tertiary,no,490,no,no,cellular,yes
7254,56,retired,divorced,tertiary,no,158,no,yes,cellular,yes
7255,45,admin.,married,secondary,no,1206,no,no,telephone,yes
7256,63,management,married,tertiary,no,3115,no,no,cellular,yes
7257,32,technician,married,secondary,no,303,yes,no,cellular,yes
7258,32,admin.,single,secondary,no,620,yes,no,unknown,yes
7259,39,blue-collar,married,secondary,no,462,yes,no,cellular,yes
7260,28,blue-collar,single,secondary,no,643,no,no,cellular,yes
7261,76,retired,married,primary,no,3324,no,no,cellular,yes
7262,32,technician,married,secondary,no,1547,no,no,cellular,yes
7263,32,technician,married,secondary,no,791,yes,no,unknown,yes
7264,20,student,single,secondary,no,215,no,no,cellular,yes
7265,45,management,single,tertiary,no,2048,yes,no,cellular,yes
7266,39,management,married,tertiary,no,0,yes,no,unknown,no
7267,60,retired,divorced,secondary,no,1,no,no,cellular,yes
7268,52,admin.,divorced,secondary,no,363,yes,no,cellular,yes
7269,38,management,single,tertiary,no,2117,no,no,cellular,no
7270,53,admin.,single,secondary,no,654,no,no,unknown,yes
7271,34,technician,divorced,tertiary,no,674,yes,no,cellular,yes
7272,27,blue-collar,single,primary,no,1128,yes,no,unknown,no
7273,71,retired,divorced,secondary,no,0,no,no,cellular,yes
7274,32,technician,single,secondary,no,483,yes,yes,cellular,no
7275,32,services,single,secondary,no,-198,yes,no,unknown,yes
7276,77,retired,married,secondary,no,820,no,no,telephone,yes
7277,36,blue-collar,married,secondary,no,324,yes,yes,cellular,yes
7278,29,blue-collar,married,primary,no,630,yes,no,cellular,no
7279,32,blue-collar,married,secondary,no,320,yes,no,unknown,no
7280,30,admin.,single,secondary,no,98,yes,no,cellular,no
7281,48,unemployed,married,secondary,no,926,no,no,cellular,yes
7282,45,management,married,tertiary,no,2220,yes,no,cellular,no
7283,25,services,single,secondary,no,333,no,yes,cellular,yes
7284,41,blue-collar,married,secondary,no,356,yes,no,cellular,no
7285,22,student,single,primary,no,423,no,no,cellular,yes
7286,45,technician,married,secondary,no,44,yes,no,unknown,no
7287,45,entrepreneur,married,primary,no,5315,yes,yes,cellular,no
7288,39,management,married,tertiary,no,285,yes,no,cellular,yes
7289,74,retired,divorced,primary,no,29080,no,no,cellular,yes
7290,57,management,married,tertiary,no,1318,no,no,cellular,yes
7291,36,management,divorced,tertiary,no,0,no,no,cellular,yes
7292,31,blue-collar,single,secondary,no,1207,yes,no,cellular,no
7293,29,management,single,tertiary,no,3041,yes,no,cellular,yes
7294,46,blue-collar,married,primary,no,977,no,yes,telephone,yes
7295,40,services,single,secondary,no,1547,yes,no,cellular,yes
7296,25,blue-collar,married,secondary,no,101,no,yes,cellular,yes
7297,36,management,single,tertiary,no,436,no,no,cellular,yes
7298,30,blue-collar,single,secondary,no,-93,yes,no,unknown,no
7299,29,unemployed,single,secondary,no,25,no,no,cellular,yes
7300,54,admin.,divorced,secondary,no,200,no,no,cellular,yes
7301,37,services,married,secondary,no,981,no,no,cellular,yes
7302,55,management,single,tertiary,no,1498,no,no,cellular,no
7303,43,self-employed,divorced,secondary,no,347,no,no,cellular,yes
7304,59,retired,married,primary,no,-47,yes,no,cellular,no
7305,32,technician,single,tertiary,no,654,yes,no,cellular,yes
7306,52,management,married,unknown,no,1708,no,no,unknown,yes
7307,22,student,single,tertiary,no,691,no,no,cellular,yes
7308,53,admin.,married,secondary,no,459,no,no,cellular,yes
7309,42,management,married,tertiary,no,2110,no,yes,cellular,no
7310,34,technician,single,secondary,no,4367,no,no,cellular,no
7311,43,services,married,secondary,no,192,yes,yes,unknown,no
7312,47,housemaid,married,primary,no,183,no,no,cellular,no
7313,28,admin.,single,secondary,no,2290,yes,no,cellular,yes
7314,46,technician,married,secondary,no,3434,no,yes,cellular,yes
7315,29,management,married,tertiary,no,0,yes,no,cellular,yes
7316,35,self-employed,single,tertiary,no,5462,no,no,cellular,yes
7317,24,management,single,tertiary,no,1506,no,no,cellular,yes
7318,25,management,single,tertiary,no,528,no,no,cellular,yes
7319,29,technician,single,secondary,no,18,no,no,cellular,no
7320,36,services,single,secondary,no,0,yes,no,cellular,yes
7321,45,entrepreneur,divorced,tertiary,no,-395,yes,no,unknown,yes
7322,31,management,married,tertiary,no,2652,no,no,cellular,no
7323,55,blue-collar,married,secondary,no,49,yes,no,cellular,yes
7324,54,blue-collar,married,primary,no,1895,yes,no,cellular,no
7325,31,management,married,tertiary,no,1331,no,no,cellular,yes
7326,33,technician,married,secondary,no,5083,no,no,cellular,no
7327,73,retired,married,primary,no,253,no,no,cellular,yes
7328,50,blue-collar,married,primary,no,533,no,no,cellular,no
7329,41,admin.,divorced,secondary,no,110,yes,yes,cellular,no
7330,58,self-employed,married,secondary,no,0,yes,no,telephone,no
7331,35,management,single,tertiary,no,62,yes,no,cellular,no
7332,29,technician,single,tertiary,no,2269,yes,no,cellular,no
7333,28,self-employed,single,tertiary,no,159,no,no,cellular,yes
7334,34,management,married,tertiary,no,3301,yes,no,cellular,yes
7335,29,blue-collar,married,primary,no,5,no,no,cellular,yes
7336,59,management,divorced,tertiary,no,893,yes,no,cellular,no
7337,38,management,divorced,tertiary,no,4692,yes,no,unknown,yes
7338,47,blue-collar,married,secondary,no,802,yes,yes,cellular,yes
7339,29,unemployed,single,primary,no,550,no,no,cellular,yes
7340,28,admin.,single,secondary,no,-126,no,yes,cellular,no
7341,38,management,married,tertiary,no,413,no,no,cellular,yes
7342,53,technician,married,secondary,no,5303,yes,no,telephone,yes
7343,41,unemployed,single,primary,no,216,no,no,cellular,yes
7344,36,technician,married,secondary,no,22,no,no,unknown,no
7345,59,technician,married,secondary,no,259,no,no,cellular,yes
7346,33,admin.,divorced,secondary,no,294,yes,no,cellular,yes
7347,62,technician,married,secondary,no,973,no,no,cellular,yes
7348,38,housemaid,married,primary,no,196,no,no,cellular,yes
7349,40,admin.,married,secondary,no,1060,yes,no,cellular,no
7350,31,technician,single,tertiary,no,1166,yes,no,unknown,no
7351,46,technician,married,secondary,no,940,no,no,cellular,yes
7352,61,housemaid,married,primary,no,848,no,no,cellular,no
7353,37,housemaid,single,tertiary,no,561,no,no,cellular,no
7354,32,management,single,tertiary,no,12569,no,no,cellular,yes
7355,33,management,single,tertiary,no,8514,no,no,cellular,no
7356,33,admin.,married,secondary,no,95,yes,no,cellular,yes
7357,34,admin.,divorced,secondary,no,-251,no,no,cellular,yes
7358,56,blue-collar,married,secondary,no,249,yes,no,unknown,yes
7359,35,technician,married,secondary,no,0,yes,yes,cellular,no
7360,44,blue-collar,married,secondary,no,3060,yes,no,cellular,no
7361,36,services,married,secondary,no,11462,yes,no,cellular,yes
7362,30,technician,married,tertiary,no,141,no,no,cellular,no
7363,50,blue-collar,married,primary,no,-522,yes,no,cellular,yes
7364,18,student,single,unknown,no,348,no,no,cellular,yes
7365,40,blue-collar,married,secondary,no,1508,no,no,cellular,no
7366,38,technician,single,secondary,no,1019,yes,no,cellular,no
7367,42,blue-collar,married,primary,no,0,no,no,unknown,no
7368,39,blue-collar,married,primary,no,12848,yes,no,unknown,no
7369,51,entrepreneur,married,secondary,no,0,no,no,unknown,no
7370,35,management,married,tertiary,no,1133,yes,no,cellular,yes
7371,60,retired,married,unknown,no,209,no,no,cellular,yes
7372,49,unemployed,married,primary,no,518,no,no,cellular,yes
7373,35,blue-collar,married,secondary,no,1454,yes,no,cellular,yes
7374,26,unemployed,single,tertiary,no,2170,no,no,cellular,no
7375,33,technician,married,secondary,no,133,no,no,cellular,yes
7376,57,services,divorced,primary,no,2225,yes,no,cellular,no
7377,43,housemaid,married,primary,no,0,yes,no,cellular,no
7378,40,entrepreneur,married,tertiary,no,1953,yes,no,unknown,no
7379,48,blue-collar,married,primary,no,237,yes,no,unknown,no
7380,42,technician,married,secondary,no,994,yes,no,cellular,yes
7381,34,technician,married,secondary,no,883,no,no,cellular,no
7382,49,management,married,tertiary,no,342,no,no,cellular,no
7383,25,blue-collar,married,secondary,no,97,yes,no,unknown,yes
7384,67,retired,divorced,primary,no,2027,no,no,cellular,yes
7385,53,entrepreneur,married,secondary,no,162,yes,no,cellular,no
7386,63,retired,divorced,primary,no,1840,no,no,cellular,no
7387,55,admin.,married,secondary,no,8304,no,no,cellular,yes
7388,30,management,married,tertiary,no,-250,yes,no,unknown,no
7389,30,student,single,secondary,no,48,no,no,cellular,yes
7390,40,technician,married,secondary,no,2338,no,no,cellular,yes
7391,77,retired,married,primary,no,2223,no,no,telephone,no
7392,21,student,single,secondary,no,215,no,no,cellular,yes
7393,66,retired,married,secondary,no,154,no,no,cellular,yes
7394,30,self-employed,single,secondary,no,-617,no,yes,cellular,yes
7395,54,technician,divorced,secondary,no,859,no,yes,cellular,yes
7396,40,admin.,married,secondary,no,1412,no,no,cellular,no
7397,76,retired,married,unknown,no,992,no,no,cellular,no
7398,30,admin.,married,secondary,no,521,yes,no,cellular,no
7399,39,technician,married,tertiary,no,1293,no,no,cellular,yes
7400,30,management,single,tertiary,no,3773,yes,no,unknown,no
7401,55,management,single,secondary,no,220,yes,no,unknown,no
7402,40,self-employed,married,tertiary,no,1498,no,no,cellular,no
7403,31,management,single,tertiary,no,59,yes,yes,cellular,yes
7404,47,management,married,tertiary,no,0,no,no,cellular,yes
7405,50,blue-collar,married,primary,no,4121,yes,yes,cellular,no
7406,52,technician,married,secondary,no,337,yes,no,cellular,no
7407,34,management,married,tertiary,no,161,yes,no,cellular,no
7408,33,services,married,secondary,no,207,yes,no,cellular,yes
7409,73,retired,married,secondary,no,2850,no,no,cellular,no
7410,38,student,single,tertiary,no,3316,no,no,unknown,yes
7411,31,management,married,tertiary,no,792,no,no,cellular,yes
7412,45,admin.,single,secondary,no,946,yes,no,cellular,no
7413,49,management,married,tertiary,no,1887,no,no,cellular,no
7414,39,services,married,secondary,no,323,no,no,cellular,yes
7415,39,technician,single,secondary,no,1435,no,no,cellular,yes
7416,68,retired,married,tertiary,no,2812,no,no,cellular,yes
7417,35,technician,single,secondary,no,300,yes,no,unknown,no
7418,34,admin.,married,secondary,no,560,yes,no,unknown,no
7419,45,blue-collar,single,secondary,no,0,yes,no,cellular,yes
7420,62,self-employed,divorced,tertiary,no,6,yes,no,cellular,yes
7421,80,retired,married,primary,no,1861,no,no,telephone,no
7422,35,services,married,secondary,no,152,yes,no,unknown,yes
7423,35,technician,single,secondary,no,1609,yes,no,unknown,no
7424,48,blue-collar,single,primary,no,623,yes,no,cellular,yes
7425,35,admin.,married,secondary,no,786,no,yes,cellular,no
7426,36,services,married,secondary,no,5024,no,no,unknown,no
7427,48,management,married,tertiary,no,1093,yes,yes,cellular,yes
7428,32,self-employed,single,tertiary,no,46,yes,no,cellular,yes
7429,37,management,married,tertiary,no,0,no,no,unknown,yes
7430,39,technician,divorced,secondary,no,291,yes,no,cellular,yes
7431,43,services,married,tertiary,no,519,yes,no,cellular,no
7432,27,student,single,secondary,no,91,no,no,telephone,no
7433,30,admin.,single,secondary,no,315,yes,no,cellular,yes
7434,28,technician,single,secondary,no,154,yes,no,cellular,yes
7435,19,student,single,secondary,no,329,no,no,cellular,yes
7436,33,unknown,married,secondary,no,335,no,no,cellular,yes
7437,44,services,divorced,secondary,no,240,yes,no,unknown,no
7438,52,admin.,married,secondary,no,1648,yes,no,cellular,no
7439,44,technician,married,secondary,no,2776,yes,no,cellular,yes
7440,24,technician,single,secondary,no,598,no,no,cellular,yes
7441,44,management,single,tertiary,no,1090,no,no,cellular,yes
7442,26,blue-collar,married,secondary,no,5795,yes,no,cellular,yes
7443,41,technician,married,tertiary,no,63,no,no,cellular,no
7444,32,management,single,tertiary,no,131,no,no,unknown,no
7445,34,technician,married,secondary,no,1026,no,no,cellular,no
7446,31,blue-collar,single,secondary,no,726,no,no,cellular,yes
7447,56,services,married,secondary,no,0,no,no,cellular,no
7448,31,self-employed,married,tertiary,no,2666,no,no,cellular,yes
7449,19,student,single,secondary,no,394,no,no,cellular,yes
7450,80,retired,married,secondary,no,2354,no,no,telephone,yes
7451,47,unemployed,divorced,secondary,no,947,no,no,cellular,no
7452,33,blue-collar,single,primary,no,1,yes,no,cellular,no
7453,42,blue-collar,married,secondary,no,165,yes,no,unknown,no
7454,28,management,single,tertiary,no,6784,no,no,cellular,yes
7455,76,retired,married,secondary,no,2302,no,no,telephone,no
7456,58,technician,married,secondary,no,0,yes,no,cellular,no
7457,41,technician,single,primary,no,340,yes,no,cellular,no
7458,56,blue-collar,married,unknown,no,982,yes,yes,cellular,no
7459,38,management,married,tertiary,no,2278,yes,yes,cellular,no
7460,59,technician,married,secondary,no,0,no,no,cellular,no
7461,33,technician,single,secondary,no,2979,no,no,cellular,yes
7462,25,student,single,secondary,no,703,no,no,cellular,no
7463,49,admin.,single,tertiary,no,228,yes,no,cellular,yes
7464,48,management,married,secondary,no,2892,no,no,cellular,yes
7465,35,blue-collar,married,secondary,no,860,yes,no,unknown,yes
7466,38,self-employed,single,secondary,no,677,yes,no,cellular,no
7467,55,management,married,tertiary,no,16786,no,no,cellular,no
7468,48,blue-collar,married,secondary,no,1230,yes,no,cellular,yes
7469,57,housemaid,married,primary,no,625,no,yes,unknown,yes
7470,49,admin.,married,secondary,no,0,no,no,cellular,no
7471,31,technician,married,secondary,yes,-463,yes,no,unknown,no
7472,39,management,single,tertiary,no,763,no,no,cellular,yes
7473,49,blue-collar,divorced,primary,no,-9,yes,yes,unknown,no
7474,42,technician,married,secondary,no,994,yes,no,cellular,yes
7475,47,housemaid,single,tertiary,no,3727,no,no,unknown,yes
7476,36,blue-collar,divorced,primary,no,0,no,no,cellular,no
7477,35,technician,single,tertiary,no,0,no,no,cellular,yes
7478,47,admin.,single,secondary,no,1693,yes,no,cellular,yes
7479,71,retired,divorced,secondary,no,5584,no,no,cellular,yes
7480,49,blue-collar,married,primary,no,-167,no,no,cellular,no
7481,55,blue-collar,married,unknown,no,6134,no,no,cellular,no
7482,36,blue-collar,divorced,secondary,no,2843,no,no,cellular,yes
7483,55,management,married,unknown,no,559,no,no,cellular,no
7484,45,management,married,tertiary,no,10,no,no,cellular,no
7485,39,technician,married,secondary,no,1965,yes,no,unknown,no
7486,56,management,married,tertiary,no,171,no,yes,telephone,no
7487,55,management,divorced,tertiary,no,446,no,no,cellular,no
7488,47,housemaid,divorced,secondary,no,1453,no,no,unknown,no
7489,32,management,married,secondary,no,0,no,no,cellular,no
7490,55,services,married,secondary,no,244,yes,no,cellular,no
7491,34,technician,single,tertiary,no,122,no,no,unknown,no
7492,76,retired,married,tertiary,no,2991,no,no,cellular,no
7493,48,admin.,married,secondary,no,50,no,yes,cellular,yes
7494,48,blue-collar,divorced,primary,no,183,no,no,unknown,yes
7495,29,unemployed,single,secondary,no,2424,no,no,cellular,no
7496,49,technician,divorced,secondary,no,229,no,no,cellular,no
7497,51,management,married,tertiary,no,346,no,no,cellular,yes
7498,33,services,single,unknown,no,523,yes,no,unknown,yes
7499,66,management,married,unknown,no,2149,yes,no,cellular,yes
7500,58,technician,married,secondary,no,3399,no,no,telephone,yes
7501,55,blue-collar,married,secondary,no,2854,yes,no,cellular,no
7502,54,blue-collar,divorced,secondary,no,615,no,yes,cellular,no
7503,37,management,single,tertiary,no,22125,no,yes,cellular,yes
7504,54,technician,married,secondary,no,10185,no,no,cellular,yes
7505,26,admin.,single,secondary,no,274,no,no,cellular,yes
7506,30,admin.,married,secondary,no,350,no,yes,cellular,no
7507,31,management,single,tertiary,no,3340,no,no,cellular,yes
7508,58,management,married,tertiary,no,473,no,no,cellular,yes
7509,23,student,single,secondary,no,480,no,no,cellular,yes
7510,45,management,married,tertiary,no,786,no,no,cellular,yes
7511,40,admin.,married,secondary,no,732,no,no,cellular,no
7512,54,unemployed,married,secondary,no,377,no,no,cellular,yes
7513,24,technician,single,secondary,no,409,yes,no,unknown,yes
7514,36,technician,divorced,secondary,no,54,yes,no,cellular,yes
7515,47,admin.,single,primary,no,683,no,no,cellular,no
7516,40,blue-collar,married,secondary,no,737,yes,no,unknown,no
7517,48,admin.,married,secondary,no,660,no,no,cellular,yes
7518,58,management,married,secondary,no,-382,no,no,cellular,yes
7519,49,blue-collar,married,primary,no,-157,yes,no,cellular,yes
7520,31,blue-collar,married,secondary,no,5345,yes,no,cellular,no
7521,38,admin.,divorced,secondary,no,-51,no,yes,cellular,no
7522,36,admin.,single,secondary,no,148,yes,no,cellular,yes
7523,48,technician,married,secondary,no,1000,no,no,cellular,no
7524,49,management,married,tertiary,no,322,no,no,cellular,no
7525,30,management,single,tertiary,no,199,no,yes,cellular,no
7526,30,self-employed,single,tertiary,no,432,yes,no,cellular,yes
7527,72,retired,married,tertiary,no,2,no,no,cellular,yes
7528,28,admin.,married,secondary,no,1595,no,no,cellular,yes
7529,28,management,single,tertiary,no,502,no,no,cellular,yes
7530,41,admin.,single,secondary,no,2002,yes,no,cellular,no
7531,46,admin.,married,secondary,no,-42,no,yes,telephone,no
7532,29,student,single,secondary,no,314,no,no,cellular,no
7533,35,admin.,single,secondary,no,507,yes,no,cellular,yes
7534,29,services,married,secondary,no,30,yes,no,cellular,no
7535,49,entrepreneur,married,secondary,no,687,yes,no,cellular,yes
7536,38,management,single,tertiary,no,91,yes,no,unknown,no
7537,52,housemaid,married,primary,no,135,no,no,cellular,no
7538,43,self-employed,single,primary,no,1337,yes,yes,cellular,no
7539,52,blue-collar,married,secondary,no,408,no,no,cellular,no
7540,38,blue-collar,divorced,secondary,no,0,yes,no,cellular,no
7541,31,services,married,secondary,no,28,yes,no,unknown,no
7542,31,management,single,tertiary,no,0,no,no,cellular,no
7543,46,blue-collar,married,secondary,no,922,yes,no,telephone,yes
7544,33,services,single,secondary,no,406,yes,no,cellular,no
7545,26,management,single,tertiary,no,9447,no,no,cellular,no
7546,30,admin.,single,secondary,no,270,no,no,cellular,yes
7547,34,housemaid,married,secondary,yes,0,no,no,cellular,no
7548,29,blue-collar,married,secondary,no,975,yes,no,unknown,no
7549,31,technician,married,secondary,no,-160,yes,no,cellular,no
7550,39,unemployed,married,secondary,no,2245,no,no,cellular,yes
7551,77,retired,married,secondary,no,4112,no,no,telephone,yes
7552,32,admin.,married,secondary,no,0,yes,no,cellular,yes
7553,37,blue-collar,married,secondary,no,105,yes,no,unknown,no
7554,38,housemaid,married,secondary,no,634,no,no,unknown,no
7555,41,services,married,secondary,no,2399,yes,no,cellular,no
7556,38,management,married,tertiary,no,1354,yes,no,cellular,no
7557,51,admin.,married,secondary,no,4178,yes,no,unknown,no
7558,49,housemaid,married,primary,no,0,yes,no,cellular,no
7559,31,services,married,secondary,no,395,no,no,cellular,no
7560,25,student,single,unknown,no,277,no,no,cellular,yes
7561,66,retired,married,unknown,no,2540,no,no,telephone,yes
7562,43,services,married,primary,no,2567,yes,no,cellular,no
7563,60,technician,married,tertiary,no,-71,yes,yes,cellular,yes
7564,31,management,single,tertiary,no,0,no,no,cellular,no
7565,42,technician,married,tertiary,no,14282,yes,no,cellular,yes
7566,26,blue-collar,single,secondary,no,26,yes,yes,cellular,yes
7567,78,retired,divorced,primary,no,229,no,no,telephone,yes
7568,36,management,single,tertiary,no,3343,no,no,cellular,no
7569,33,management,married,tertiary,no,0,yes,no,cellular,no
7570,34,technician,married,secondary,no,133,no,no,cellular,yes
7571,40,admin.,single,secondary,no,664,no,no,cellular,no
7572,77,retired,married,tertiary,no,0,no,no,cellular,yes
7573,37,services,married,secondary,no,52,yes,no,cellular,yes
7574,34,technician,married,secondary,no,1254,no,no,cellular,no
7575,47,admin.,married,secondary,no,1358,yes,no,cellular,no
7576,58,housemaid,married,primary,no,260,yes,no,telephone,no
7577,34,management,married,tertiary,no,13,yes,no,cellular,no
7578,36,management,married,tertiary,no,96,no,no,cellular,yes
7579,41,admin.,married,tertiary,no,1536,no,no,cellular,yes
7580,46,admin.,married,secondary,no,517,yes,no,cellular,no
7581,23,admin.,single,secondary,no,1104,yes,no,unknown,no
7582,48,housemaid,single,primary,no,46,no,no,cellular,yes
7583,59,retired,married,primary,yes,-13,no,no,cellular,no
7584,50,admin.,married,tertiary,no,6574,no,no,cellular,yes
7585,38,technician,married,tertiary,no,-1,no,no,cellular,no
7586,57,retired,married,secondary,no,3738,yes,no,cellular,yes
7587,53,technician,married,secondary,no,284,no,no,cellular,yes
7588,26,services,single,secondary,no,162,yes,no,cellular,no
7589,28,admin.,single,secondary,no,19,no,no,cellular,no
7590,30,admin.,married,tertiary,no,285,no,no,cellular,no
7591,31,management,single,tertiary,no,147,no,no,cellular,yes
7592,45,management,married,tertiary,no,96,yes,no,cellular,no
7593,54,retired,divorced,primary,no,52,no,no,unknown,no
7594,28,management,single,tertiary,no,80,no,no,cellular,yes
7595,32,blue-collar,married,secondary,no,136,no,no,cellular,yes
7596,53,self-employed,married,primary,no,6,yes,no,unknown,no
7597,34,admin.,single,secondary,no,-32,no,yes,cellular,yes
7598,24,student,single,secondary,no,139,no,no,cellular,yes
7599,20,blue-collar,single,secondary,no,423,yes,no,cellular,yes
7600,58,services,divorced,secondary,no,462,no,no,cellular,yes
7601,26,student,single,unknown,no,826,no,no,cellular,no
7602,53,management,married,tertiary,no,34230,yes,yes,cellular,no
7603,69,retired,divorced,secondary,no,4572,no,no,telephone,yes
7604,41,entrepreneur,divorced,tertiary,no,-413,yes,no,unknown,no
7605,33,services,married,secondary,no,881,yes,no,unknown,no
7606,34,services,married,secondary,no,1337,no,no,cellular,yes
7607,33,services,married,secondary,no,255,yes,yes,cellular,no
7608,56,retired,married,secondary,no,1044,no,no,telephone,yes
7609,46,technician,married,unknown,no,3308,no,no,cellular,yes
7610,49,management,married,tertiary,no,4374,yes,no,cellular,no
7611,38,blue-collar,married,secondary,no,2467,no,no,cellular,yes
7612,38,management,married,secondary,no,93,no,no,unknown,no
7613,49,management,married,tertiary,no,5887,no,no,cellular,yes
7614,19,student,single,unknown,no,108,no,no,cellular,yes
7615,51,services,single,secondary,no,513,yes,no,cellular,no
7616,41,technician,single,secondary,no,30,no,no,unknown,no
7617,28,services,single,secondary,no,168,no,no,cellular,yes
7618,27,self-employed,single,tertiary,no,4574,no,no,cellular,no
7619,38,student,divorced,tertiary,no,2946,no,no,cellular,yes
7620,56,management,married,tertiary,no,0,no,no,cellular,no
7621,61,self-employed,divorced,tertiary,no,52587,no,no,cellular,yes
7622,39,blue-collar,married,primary,no,2226,yes,no,unknown,no
7623,36,management,married,tertiary,no,3949,no,no,cellular,yes
7624,27,technician,single,tertiary,no,3706,yes,no,unknown,yes
7625,42,blue-collar,married,primary,no,260,yes,no,telephone,no
7626,23,admin.,single,secondary,no,252,yes,no,cellular,no
7627,31,blue-collar,single,unknown,no,6281,no,no,cellular,yes
7628,28,services,single,secondary,no,198,no,no,cellular,yes
7629,31,services,single,secondary,no,1027,no,no,cellular,yes
7630,45,technician,married,secondary,no,0,no,no,telephone,no
7631,34,management,single,tertiary,yes,621,no,no,cellular,no
7632,50,blue-collar,married,primary,no,82,no,no,telephone,yes
7633,28,blue-collar,single,secondary,no,-284,yes,no,unknown,no
7634,46,admin.,single,secondary,no,596,yes,no,cellular,no
7635,32,admin.,married,secondary,no,337,no,no,cellular,no
7636,53,admin.,single,secondary,no,2892,no,no,cellular,yes
7637,54,unemployed,married,secondary,no,582,yes,no,cellular,yes
7638,36,management,married,tertiary,no,-115,yes,no,cellular,yes
7639,37,management,married,tertiary,no,1276,no,no,cellular,yes
7640,56,management,divorced,tertiary,no,722,no,no,cellular,no
7641,59,retired,divorced,secondary,no,21,yes,no,telephone,no
7642,26,unemployed,single,secondary,no,632,no,no,cellular,yes
7643,51,management,married,tertiary,no,2455,yes,no,cellular,yes
7644,42,blue-collar,married,primary,no,-67,yes,no,unknown,no
7645,40,management,married,tertiary,no,917,yes,no,unknown,no
7646,40,self-employed,married,secondary,no,0,no,no,unknown,no
7647,64,entrepreneur,married,tertiary,no,2331,no,no,telephone,yes
7648,27,management,single,tertiary,no,703,yes,no,unknown,yes
7649,32,services,single,secondary,no,1659,yes,no,unknown,no
7650,58,admin.,married,secondary,no,169,no,no,cellular,yes
7651,47,admin.,married,secondary,no,829,yes,yes,unknown,no
7652,34,management,married,tertiary,no,589,no,no,cellular,yes
7653,48,retired,married,tertiary,no,4,no,yes,cellular,no
7654,37,technician,married,tertiary,no,122,no,no,cellular,yes
7655,32,management,single,tertiary,no,20,no,no,cellular,yes
7656,33,technician,single,tertiary,no,2565,yes,no,cellular,no
7657,40,unemployed,divorced,secondary,no,991,yes,no,unknown,no
7658,29,blue-collar,married,secondary,no,-312,yes,yes,cellular,no
7659,36,self-employed,single,tertiary,no,583,no,no,cellular,no
7660,35,blue-collar,single,primary,no,1147,yes,yes,telephone,no
7661,35,blue-collar,married,primary,no,22,yes,no,cellular,yes
7662,52,technician,married,secondary,no,5303,yes,no,unknown,yes
7663,33,management,single,tertiary,no,7084,no,no,cellular,yes
7664,43,unemployed,married,secondary,no,553,no,no,telephone,no
7665,47,management,married,unknown,no,1128,no,no,cellular,no
7666,40,blue-collar,married,primary,no,2805,yes,no,cellular,no
7667,44,blue-collar,married,primary,no,0,yes,yes,cellular,no
7668,54,housemaid,married,primary,no,127,no,no,cellular,no
7669,27,blue-collar,married,tertiary,no,335,yes,no,unknown,yes
7670,41,self-employed,divorced,tertiary,no,4418,yes,no,cellular,no
7671,39,entrepreneur,married,tertiary,no,2644,yes,no,unknown,no
7672,34,blue-collar,married,secondary,no,2994,yes,no,cellular,no
7673,37,blue-collar,married,primary,no,461,yes,no,unknown,no
7674,31,management,divorced,tertiary,no,-6,no,yes,cellular,no
7675,46,blue-collar,married,primary,no,-44,no,yes,telephone,no
7676,56,unemployed,married,secondary,no,12,no,no,cellular,yes
7677,39,blue-collar,married,secondary,no,171,yes,yes,cellular,no
7678,51,technician,married,secondary,no,117,no,no,cellular,yes
7679,35,blue-collar,married,primary,no,159,yes,yes,cellular,yes
7680,41,blue-collar,married,secondary,no,140,yes,no,cellular,no
7681,49,self-employed,single,tertiary,no,-341,no,yes,cellular,no
7682,31,management,married,tertiary,no,216,no,no,cellular,no
7683,56,services,married,secondary,no,1150,no,yes,cellular,no
7684,40,technician,married,secondary,no,2266,no,no,cellular,yes
7685,33,services,married,secondary,no,-384,yes,no,cellular,no
7686,63,management,married,tertiary,no,5112,no,no,telephone,yes
7687,35,management,married,tertiary,no,43,yes,no,cellular,yes
7688,82,housemaid,divorced,primary,no,1381,no,no,cellular,no
7689,52,technician,married,secondary,no,137,no,no,cellular,yes
7690,39,admin.,married,secondary,no,1595,yes,no,unknown,no
7691,33,technician,married,secondary,no,180,no,no,cellular,yes
7692,23,student,single,secondary,no,1234,no,no,cellular,yes
7693,45,unemployed,single,primary,no,8725,no,no,cellular,no
7694,39,services,married,secondary,no,53,no,no,unknown,yes
7695,30,technician,single,tertiary,no,178,no,no,cellular,yes
7696,51,technician,married,tertiary,no,0,no,no,cellular,yes
7697,37,admin.,single,secondary,no,796,yes,no,telephone,no
7698,55,technician,married,secondary,yes,-308,no,no,cellular,yes
7699,33,technician,single,secondary,no,151,yes,no,cellular,no
7700,35,management,married,tertiary,no,16,no,no,cellular,no
7701,42,unemployed,married,primary,yes,-581,yes,no,cellular,no
7702,57,admin.,married,secondary,no,808,no,no,cellular,no
7703,33,management,married,tertiary,no,2044,yes,no,cellular,no
7704,51,management,married,primary,no,6298,yes,no,unknown,no
7705,32,admin.,married,tertiary,no,390,yes,yes,cellular,no
7706,57,housemaid,married,primary,no,1969,no,no,cellular,no
7707,32,management,married,tertiary,no,927,no,no,cellular,no
7708,49,blue-collar,married,primary,no,4830,yes,no,unknown,no
7709,28,student,single,tertiary,no,3,no,no,cellular,no
7710,48,management,single,tertiary,no,86,no,no,cellular,yes
7711,82,retired,married,unknown,no,211,no,no,telephone,no
7712,39,technician,single,secondary,no,1685,yes,no,cellular,no
7713,55,management,married,primary,no,113,no,no,cellular,yes
7714,28,management,single,secondary,no,-513,no,yes,cellular,no
7715,59,management,divorced,tertiary,no,258,yes,no,cellular,no
7716,35,admin.,married,secondary,no,2374,yes,no,cellular,yes
7717,50,entrepreneur,married,secondary,no,1857,no,yes,unknown,no
7718,36,technician,married,secondary,no,480,no,no,cellular,yes
7719,35,management,single,tertiary,no,995,no,no,cellular,no
7720,48,housemaid,single,primary,no,46,no,no,cellular,yes
7721,32,admin.,single,tertiary,no,291,no,no,telephone,no
7722,41,blue-collar,married,secondary,no,923,yes,no,unknown,no
7723,29,student,single,secondary,no,314,no,no,cellular,yes
7724,28,management,single,tertiary,no,1808,no,no,cellular,yes
7725,30,blue-collar,married,secondary,no,364,yes,yes,cellular,no
7726,31,unemployed,single,secondary,no,582,yes,no,cellular,yes
7727,52,retired,married,primary,no,6,no,no,cellular,no
7728,39,technician,single,unknown,no,0,yes,no,unknown,no
7729,27,admin.,single,secondary,no,15,no,yes,cellular,no
7730,40,admin.,single,secondary,no,2040,yes,no,cellular,yes
7731,45,blue-collar,married,primary,no,803,yes,no,cellular,yes
7732,31,unemployed,single,secondary,no,315,no,no,cellular,no
7733,64,unemployed,divorced,secondary,no,588,no,no,cellular,yes
7734,78,unknown,married,unknown,no,2235,no,no,telephone,yes
7735,53,self-employed,married,secondary,no,534,yes,no,cellular,no
7736,51,technician,divorced,secondary,no,2323,yes,yes,cellular,no
7737,40,blue-collar,married,secondary,no,746,yes,yes,cellular,no
7738,45,unknown,divorced,unknown,no,0,no,no,cellular,yes
7739,49,entrepreneur,single,secondary,no,5802,no,no,cellular,yes
7740,33,services,divorced,unknown,no,392,yes,no,cellular,no
7741,31,unemployed,married,secondary,no,86,yes,yes,unknown,yes
7742,53,entrepreneur,married,tertiary,no,1129,no,yes,cellular,no
7743,44,management,married,tertiary,no,0,no,no,unknown,no
7744,38,management,married,tertiary,no,-498,no,no,cellular,no
7745,51,blue-collar,married,primary,no,201,yes,no,cellular,yes
7746,46,admin.,single,unknown,no,306,yes,no,cellular,no
7747,29,housemaid,single,tertiary,no,19,no,no,cellular,yes
7748,40,management,married,tertiary,no,193,no,no,cellular,no
7749,36,technician,divorced,secondary,no,3158,yes,no,cellular,yes
7750,57,admin.,single,secondary,no,3551,yes,no,cellular,yes
7751,39,blue-collar,single,secondary,no,1672,yes,no,cellular,yes
7752,68,retired,married,tertiary,no,2820,no,no,cellular,no
7753,59,housemaid,divorced,tertiary,no,0,no,no,cellular,no
7754,46,entrepreneur,divorced,secondary,no,-563,no,yes,cellular,yes
7755,40,blue-collar,single,secondary,no,82,yes,no,cellular,no
7756,34,technician,married,tertiary,no,5547,yes,no,cellular,no
7757,52,blue-collar,married,primary,no,36,no,no,cellular,no
7758,45,blue-collar,married,unknown,no,-320,yes,no,unknown,no
7759,50,blue-collar,married,primary,no,1064,yes,no,cellular,no
7760,51,technician,married,tertiary,no,1533,no,no,unknown,no
7761,35,blue-collar,single,secondary,no,40,yes,no,unknown,yes
7762,40,admin.,married,secondary,no,260,yes,no,cellular,yes
7763,27,management,single,tertiary,no,2489,no,no,cellular,yes
7764,27,services,single,secondary,no,195,yes,no,cellular,yes
7765,72,retired,married,secondary,no,2850,no,no,cellular,no
7766,41,blue-collar,divorced,primary,no,664,no,yes,cellular,yes
7767,35,technician,married,tertiary,no,633,yes,yes,cellular,no
7768,70,retired,married,secondary,no,2575,no,no,telephone,yes
7769,40,technician,married,secondary,no,1716,yes,no,cellular,no
7770,25,admin.,single,tertiary,no,1141,yes,no,cellular,no
7771,28,blue-collar,single,secondary,no,1285,no,no,telephone,no
7772,58,management,married,secondary,no,2155,no,yes,cellular,yes
7773,25,services,single,secondary,no,382,yes,no,unknown,no
7774,31,admin.,married,secondary,no,1229,no,no,cellular,yes
7775,56,management,married,tertiary,no,616,no,no,cellular,yes
7776,51,retired,married,tertiary,no,580,no,no,cellular,yes
7777,33,self-employed,married,secondary,no,409,no,no,cellular,yes
7778,45,admin.,married,secondary,yes,-106,yes,yes,cellular,yes
7779,56,management,married,primary,no,-155,yes,no,cellular,no
7780,37,admin.,divorced,secondary,no,3975,yes,no,cellular,no
7781,22,student,single,unknown,no,549,no,no,cellular,no
7782,34,management,married,tertiary,no,3402,no,no,cellular,no
7783,33,management,married,secondary,no,588,yes,no,cellular,no
7784,25,services,single,secondary,no,2311,no,yes,cellular,yes
7785,44,blue-collar,single,primary,no,1308,no,yes,unknown,no
7786,36,management,married,tertiary,no,928,yes,no,cellular,no
7787,36,blue-collar,married,secondary,no,153,yes,no,cellular,no
7788,40,management,single,tertiary,no,1361,no,no,cellular,yes
7789,52,technician,married,secondary,no,117,no,no,cellular,yes
7790,48,management,married,secondary,no,0,yes,no,telephone,no
7791,35,admin.,married,secondary,no,1345,yes,no,cellular,no
7792,25,admin.,single,secondary,no,1871,no,no,cellular,yes
7793,43,housemaid,single,primary,no,24,no,no,cellular,no
7794,47,technician,married,secondary,no,321,yes,yes,unknown,no
7795,60,admin.,married,secondary,no,3735,no,no,cellular,yes
7796,26,management,single,tertiary,no,1004,yes,no,unknown,yes
7797,55,admin.,married,unknown,no,2038,no,no,cellular,yes
7798,50,blue-collar,married,unknown,no,2284,yes,no,telephone,yes
7799,46,admin.,married,secondary,no,0,yes,yes,cellular,no
7800,28,technician,single,secondary,no,598,yes,no,cellular,yes
7801,80,retired,married,primary,no,997,no,no,cellular,yes
7802,38,blue-collar,single,primary,no,947,yes,no,cellular,no
7803,29,management,married,tertiary,no,8103,no,no,cellular,yes
7804,31,housemaid,married,primary,no,2603,yes,no,cellular,no
7805,43,management,divorced,tertiary,no,36,no,no,cellular,no
7806,32,management,single,tertiary,no,520,no,no,cellular,yes
7807,49,entrepreneur,married,tertiary,no,384,no,no,unknown,no
7808,52,technician,married,tertiary,no,523,yes,yes,cellular,no
7809,49,technician,married,tertiary,no,523,yes,no,cellular,yes
7810,20,student,single,secondary,no,153,no,no,unknown,yes
7811,28,housemaid,single,tertiary,no,19,no,no,cellular,yes
7812,39,services,married,secondary,no,1970,yes,no,unknown,no
7813,34,technician,single,secondary,no,692,yes,no,unknown,no
7814,34,technician,single,tertiary,no,2733,no,no,cellular,yes
7815,51,entrepreneur,married,primary,no,538,no,no,cellular,yes
7816,48,management,single,tertiary,no,334,yes,no,cellular,yes
7817,51,admin.,married,primary,no,1330,yes,no,unknown,no
7818,45,retired,divorced,secondary,no,1735,no,yes,unknown,no
7819,33,management,married,tertiary,no,1047,no,no,cellular,yes
7820,37,blue-collar,married,secondary,no,509,yes,no,cellular,no
7821,55,retired,divorced,secondary,no,282,yes,no,unknown,no
7822,31,management,single,tertiary,no,18,no,no,cellular,no
7823,57,retired,married,tertiary,no,1269,no,no,cellular,yes
7824,30,technician,single,tertiary,no,411,no,no,cellular,yes
7825,38,technician,married,secondary,no,10596,no,no,cellular,yes
7826,26,unemployed,single,tertiary,no,3466,no,no,cellular,yes
7827,30,admin.,single,secondary,no,186,yes,no,cellular,no
7828,26,blue-collar,single,secondary,no,82,yes,no,unknown,yes
7829,43,services,married,secondary,no,2478,yes,no,cellular,no
7830,29,blue-collar,married,secondary,no,0,yes,no,cellular,no
7831,39,technician,married,secondary,no,-1451,yes,yes,cellular,no
7832,52,technician,married,secondary,no,371,yes,yes,cellular,yes
7833,53,management,married,tertiary,no,1348,no,yes,cellular,no
7834,31,services,single,secondary,no,222,yes,no,cellular,no
7835,42,blue-collar,married,secondary,no,634,yes,no,cellular,no
7836,26,unemployed,single,tertiary,no,3511,no,no,cellular,yes
7837,33,management,single,tertiary,no,6807,no,no,cellular,yes
7838,34,unemployed,married,secondary,no,978,no,no,cellular,yes
7839,56,self-employed,married,tertiary,yes,0,no,no,cellular,no
7840,41,blue-collar,married,secondary,no,4910,yes,no,cellular,no
7841,29,management,single,tertiary,no,985,yes,no,cellular,yes
7842,43,unemployed,married,secondary,no,1943,yes,no,cellular,no
7843,60,technician,married,secondary,no,116,no,no,cellular,yes
7844,48,self-employed,married,secondary,no,1559,no,no,cellular,no
7845,34,housemaid,single,primary,no,443,no,no,cellular,no
7846,49,blue-collar,divorced,secondary,yes,259,no,no,unknown,no
7847,42,blue-collar,married,unknown,no,149,yes,no,telephone,no
7848,50,services,married,secondary,no,3169,no,no,cellular,yes
7849,33,admin.,single,tertiary,no,146,no,no,cellular,yes
7850,22,student,single,secondary,no,23,no,no,cellular,yes
7851,37,technician,single,tertiary,no,197,no,no,cellular,yes
7852,33,management,single,tertiary,no,87,no,no,cellular,yes
7853,48,management,married,tertiary,no,0,yes,no,cellular,yes
7854,34,management,married,tertiary,no,589,no,no,cellular,yes
7855,28,management,single,secondary,no,1633,no,no,cellular,yes
7856,56,admin.,married,secondary,no,33,no,yes,cellular,no
7857,30,admin.,divorced,secondary,no,370,yes,no,unknown,no
7858,58,unknown,married,unknown,no,68,no,no,cellular,yes
7859,41,management,married,secondary,no,456,yes,no,cellular,yes
7860,61,technician,married,primary,no,2282,no,no,cellular,no
7861,35,management,single,tertiary,no,7918,no,no,cellular,yes
7862,43,unemployed,divorced,secondary,no,0,yes,no,cellular,no
7863,46,admin.,married,secondary,no,1252,yes,yes,cellular,no
7864,46,self-employed,married,tertiary,no,2421,no,no,cellular,yes
7865,27,unknown,single,unknown,no,326,no,no,cellular,yes
7866,60,technician,married,secondary,no,824,yes,no,cellular,yes
7867,35,admin.,married,secondary,no,907,no,yes,unknown,no
7868,58,management,married,tertiary,no,1227,no,no,cellular,yes
7869,43,admin.,married,secondary,no,817,yes,yes,cellular,no
7870,46,management,single,tertiary,no,2044,no,no,telephone,no
7871,42,technician,married,tertiary,no,921,no,no,cellular,yes
7872,53,management,married,tertiary,no,37,no,no,cellular,no
7873,26,management,single,tertiary,no,155,yes,no,cellular,no
7874,55,technician,married,secondary,no,570,no,no,cellular,no
7875,34,management,single,tertiary,no,-292,yes,no,cellular,no
7876,61,blue-collar,married,primary,no,5,no,no,cellular,yes
7877,49,management,married,secondary,no,99,yes,no,cellular,yes
7878,58,unemployed,married,secondary,no,610,yes,no,telephone,no
7879,30,technician,married,secondary,no,1011,yes,no,unknown,no
7880,33,blue-collar,married,secondary,no,395,yes,no,unknown,no
7881,31,management,single,secondary,no,1088,yes,no,cellular,yes
7882,35,unemployed,married,secondary,no,978,no,no,cellular,yes
7883,26,student,single,secondary,no,620,no,no,cellular,yes
7884,37,technician,single,secondary,no,980,no,no,cellular,yes
7885,30,management,single,tertiary,no,6392,yes,no,cellular,no
7886,29,student,single,secondary,no,314,no,no,cellular,yes
7887,39,management,single,tertiary,no,307,no,no,cellular,yes
7888,61,admin.,married,secondary,no,1046,yes,no,cellular,yes
7889,49,management,married,tertiary,no,350,no,no,cellular,no
7890,25,services,single,secondary,no,895,yes,no,unknown,no
7891,50,unknown,married,primary,no,341,yes,yes,cellular,yes
7892,33,management,married,tertiary,no,133,yes,no,unknown,no
7893,42,admin.,divorced,secondary,no,0,yes,no,unknown,no
7894,33,management,married,tertiary,no,0,yes,no,cellular,yes
7895,51,management,single,tertiary,no,4305,yes,no,cellular,no
7896,25,blue-collar,single,primary,no,52,yes,no,unknown,yes
7897,30,technician,married,secondary,no,484,yes,no,unknown,yes
7898,33,management,married,tertiary,no,0,yes,no,cellular,yes
7899,36,services,married,secondary,no,0,yes,yes,cellular,no
7900,42,entrepreneur,married,secondary,no,46,no,no,cellular,no
7901,39,blue-collar,divorced,unknown,no,463,yes,no,cellular,no
7902,32,management,married,tertiary,no,905,no,no,cellular,yes
7903,35,unemployed,single,secondary,no,127,yes,no,telephone,yes
7904,40,unemployed,single,secondary,no,1744,yes,no,unknown,no
7905,38,management,single,tertiary,no,104,yes,no,cellular,yes
7906,32,admin.,divorced,secondary,no,1611,yes,yes,unknown,no
7907,27,admin.,single,secondary,no,592,yes,yes,cellular,no
7908,25,blue-collar,single,secondary,no,-250,yes,no,unknown,no
7909,54,self-employed,divorced,primary,no,4382,yes,no,telephone,no
7910,29,technician,single,secondary,no,-13,yes,no,cellular,no
7911,33,management,single,tertiary,no,5437,no,no,cellular,yes
7912,49,technician,married,tertiary,no,1071,no,no,cellular,yes
7913,32,management,married,tertiary,no,1636,yes,no,cellular,no
7914,31,technician,married,secondary,no,4182,yes,no,cellular,yes
7915,32,management,single,tertiary,no,0,no,no,cellular,yes
7916,25,student,single,primary,no,373,yes,no,cellular,yes
7917,60,retired,married,secondary,no,0,no,no,cellular,yes
7918,33,student,married,secondary,no,1536,no,no,cellular,yes
7919,28,student,single,tertiary,no,22,yes,no,cellular,yes
7920,35,admin.,divorced,secondary,no,534,no,no,cellular,yes
7921,53,entrepreneur,single,unknown,no,717,no,no,cellular,no
7922,33,technician,married,secondary,no,484,yes,no,cellular,yes
7923,43,admin.,single,secondary,no,35,no,no,telephone,no
7924,27,blue-collar,single,secondary,no,535,no,no,cellular,yes
7925,25,student,single,secondary,no,4147,no,no,cellular,yes
7926,39,blue-collar,married,secondary,no,167,yes,yes,cellular,yes
7927,31,technician,married,tertiary,no,165,no,no,cellular,no
7928,36,technician,single,secondary,no,-15,yes,no,unknown,no
7929,26,blue-collar,single,primary,no,-887,yes,no,cellular,yes
7930,59,management,divorced,tertiary,no,258,yes,no,telephone,yes
7931,56,blue-collar,single,secondary,no,663,no,yes,cellular,yes
7932,61,management,married,tertiary,no,267,no,no,cellular,yes
7933,26,student,single,secondary,no,132,no,no,cellular,yes
7934,36,housemaid,married,secondary,no,205,yes,no,telephone,no
7935,38,management,married,tertiary,no,536,yes,no,cellular,yes
7936,30,technician,single,secondary,no,728,yes,no,cellular,no
7937,58,admin.,married,primary,no,879,yes,no,unknown,no
7938,40,blue-collar,married,secondary,no,1844,yes,no,cellular,no
7939,37,technician,married,secondary,no,24,yes,no,cellular,no
7940,67,admin.,married,primary,no,1093,no,no,telephone,no
7941,66,retired,married,secondary,no,3473,no,no,cellular,no
7942,34,management,single,tertiary,no,416,no,no,cellular,no
7943,58,retired,married,tertiary,no,4048,no,yes,cellular,no
7944,52,retired,divorced,primary,no,-779,yes,yes,cellular,yes
7945,41,management,married,primary,no,733,yes,no,cellular,no
7946,28,admin.,single,secondary,no,1277,no,no,cellular,yes
7947,33,technician,single,tertiary,no,1257,yes,no,cellular,no
7948,33,management,married,tertiary,no,3401,no,no,cellular,yes
7949,51,technician,married,secondary,no,117,no,no,cellular,yes
7950,49,blue-collar,married,primary,no,1898,no,no,cellular,no
7951,36,admin.,single,secondary,no,115,no,no,cellular,no
7952,50,management,married,tertiary,no,-151,yes,no,cellular,no
7953,28,admin.,single,tertiary,no,1104,yes,no,cellular,no
7954,51,management,married,tertiary,no,346,no,no,cellular,yes
7955,80,retired,married,primary,no,997,no,no,cellular,yes
7956,26,management,single,tertiary,no,1177,no,no,cellular,no
7957,28,management,married,tertiary,no,258,no,yes,cellular,no
7958,32,blue-collar,married,secondary,no,-32,yes,no,cellular,no
7959,25,management,single,tertiary,no,2140,no,no,cellular,no
7960,42,technician,married,secondary,no,9324,no,no,cellular,no
7961,38,technician,married,secondary,no,581,yes,no,unknown,no
7962,71,technician,married,tertiary,no,383,no,no,cellular,yes
7963,32,technician,divorced,tertiary,no,53,no,no,cellular,yes
7964,30,admin.,single,tertiary,no,305,no,no,cellular,yes
7965,37,management,married,tertiary,no,393,yes,no,cellular,yes
7966,31,management,married,tertiary,no,166,no,no,cellular,no
7967,42,unemployed,married,unknown,no,970,yes,no,telephone,yes
7968,27,admin.,single,unknown,no,861,no,no,cellular,yes
7969,32,services,married,secondary,no,1398,yes,yes,cellular,no
7970,61,retired,married,tertiary,no,3140,yes,yes,cellular,yes
7971,34,admin.,divorced,secondary,no,67,yes,no,unknown,no
7972,30,self-employed,married,tertiary,no,543,yes,yes,unknown,yes
7973,37,management,divorced,tertiary,no,488,yes,no,cellular,yes
7974,22,student,single,unknown,no,1232,no,no,cellular,yes
7975,72,retired,married,secondary,no,5715,no,no,cellular,yes
7976,40,management,married,tertiary,no,10786,no,no,unknown,no
7977,48,self-employed,married,tertiary,no,0,no,no,cellular,yes
7978,33,blue-collar,single,secondary,no,15341,no,no,cellular,no
7979,35,blue-collar,married,tertiary,no,1016,yes,no,cellular,no
7980,53,admin.,single,secondary,no,2398,yes,no,cellular,yes
7981,58,technician,married,secondary,no,116,no,no,unknown,no
7982,52,self-employed,married,tertiary,no,4012,no,no,cellular,yes
7983,47,admin.,married,secondary,no,3676,no,no,cellular,yes
7984,34,management,single,tertiary,no,3821,yes,no,cellular,yes
7985,60,blue-collar,married,secondary,no,19447,yes,no,telephone,no
7986,39,blue-collar,married,tertiary,no,597,no,no,cellular,yes
7987,52,unemployed,married,secondary,no,1639,no,no,cellular,no
7988,69,technician,married,secondary,no,9064,no,no,cellular,yes
7989,29,student,single,unknown,no,2929,no,no,cellular,yes
7990,44,blue-collar,married,primary,no,140,yes,no,unknown,no
7991,34,admin.,single,secondary,no,598,yes,no,cellular,no
7992,29,admin.,single,secondary,no,209,no,no,cellular,no
7993,31,management,single,tertiary,no,12569,no,no,cellular,yes
7994,28,blue-collar,married,primary,no,-196,no,no,cellular,no
7995,32,self-employed,married,secondary,no,409,no,no,cellular,yes
7996,41,management,single,secondary,no,3234,yes,no,cellular,yes
7997,34,student,single,unknown,no,1011,no,no,cellular,yes
7998,52,management,married,tertiary,no,7135,no,no,cellular,yes
7999,41,admin.,married,tertiary,no,5426,yes,no,unknown,no
8000,27,blue-collar,single,secondary,no,240,yes,no,cellular,no
8001,38,blue-collar,married,secondary,no,35,yes,no,unknown,no
8002,58,blue-collar,single,secondary,no,119,yes,yes,cellular,yes
8003,31,admin.,single,tertiary,no,-218,yes,no,unknown,no
8004,40,technician,single,tertiary,no,693,no,no,cellular,no
8005,27,blue-collar,single,secondary,no,23,no,no,cellular,no
8006,41,services,married,secondary,no,804,yes,no,unknown,no
8007,35,management,single,tertiary,no,0,no,no,cellular,no
8008,48,management,divorced,tertiary,no,17964,yes,no,cellular,yes
8009,36,technician,married,tertiary,no,341,no,no,cellular,yes
8010,42,technician,married,secondary,no,27,no,no,cellular,no
8011,37,admin.,married,secondary,no,10465,no,no,unknown,no
8012,55,retired,married,tertiary,no,2929,no,no,unknown,no
8013,32,management,single,tertiary,no,1077,no,no,cellular,no
8014,30,blue-collar,married,secondary,no,1664,yes,no,telephone,yes
8015,40,services,divorced,secondary,no,160,no,no,cellular,no
8016,39,admin.,married,primary,no,444,yes,no,cellular,no
8017,57,services,single,secondary,no,0,no,no,cellular,yes
8018,37,services,married,secondary,no,1694,yes,yes,cellular,no
8019,26,blue-collar,single,secondary,no,658,no,yes,telephone,no
8020,43,management,single,tertiary,no,483,no,no,cellular,yes
8021,41,management,married,tertiary,no,144,no,no,cellular,no
8022,35,management,single,tertiary,no,2646,no,no,cellular,yes
8023,44,management,married,secondary,no,488,no,yes,cellular,no
8024,61,management,married,tertiary,no,997,no,no,cellular,yes
8025,41,management,married,tertiary,no,3016,yes,no,cellular,no
8026,22,student,single,secondary,no,216,no,no,cellular,yes
8027,30,management,divorced,tertiary,no,415,yes,yes,cellular,yes
8028,35,management,single,tertiary,no,592,no,yes,unknown,no
8029,47,housemaid,married,secondary,yes,-1531,yes,no,cellular,no
8030,28,blue-collar,married,secondary,no,1238,yes,no,unknown,no
8031,61,retired,married,primary,no,197,no,no,cellular,yes
8032,39,management,single,tertiary,no,5047,no,no,cellular,yes
8033,59,technician,married,primary,no,3163,yes,no,unknown,no
8034,43,blue-collar,married,secondary,no,625,yes,no,unknown,no
8035,33,entrepreneur,married,tertiary,no,606,yes,no,cellular,no
8036,64,retired,married,tertiary,no,2139,no,no,cellular,no
8037,63,technician,married,secondary,no,896,yes,no,cellular,no
8038,38,management,divorced,secondary,no,257,yes,no,cellular,yes
8039,67,technician,married,secondary,no,0,no,no,cellular,no
8040,45,admin.,married,secondary,no,0,no,yes,telephone,yes
8041,42,blue-collar,married,secondary,no,3,yes,no,unknown,no
8042,39,blue-collar,married,unknown,no,1181,yes,no,cellular,yes
8043,56,admin.,single,secondary,no,-13,no,no,unknown,no
8044,59,technician,married,secondary,no,1,no,no,cellular,yes
8045,51,housemaid,married,primary,no,1093,no,yes,unknown,no
8046,31,management,single,tertiary,no,2907,yes,no,cellular,yes
8047,31,unemployed,married,secondary,no,314,yes,no,cellular,yes
8048,58,retired,single,tertiary,no,1411,yes,no,cellular,no
8049,26,blue-collar,single,secondary,no,184,no,no,cellular,no
8050,37,management,single,unknown,no,715,yes,no,unknown,no
8051,41,management,divorced,tertiary,no,4567,yes,yes,cellular,no
8052,33,management,married,secondary,no,369,no,no,cellular,yes
8053,34,admin.,married,secondary,no,260,no,no,cellular,no
8054,32,blue-collar,married,secondary,no,43,yes,no,unknown,no
8055,45,blue-collar,married,unknown,no,1529,yes,no,cellular,yes
8056,65,unemployed,married,secondary,no,3195,no,no,telephone,yes
8057,37,admin.,married,secondary,no,1283,yes,no,unknown,no
8058,30,technician,single,secondary,no,54,no,no,cellular,no
8059,59,retired,married,secondary,no,1521,yes,yes,unknown,yes
8060,47,services,married,secondary,no,1315,no,no,cellular,yes
8061,42,technician,single,secondary,no,49,no,no,cellular,no
8062,34,technician,single,tertiary,no,184,yes,no,cellular,no
8063,45,blue-collar,married,secondary,no,-221,yes,yes,unknown,no
8064,31,blue-collar,single,tertiary,no,328,yes,no,cellular,no
8065,29,blue-collar,single,secondary,no,0,no,no,cellular,no
8066,28,management,married,secondary,no,292,yes,no,unknown,yes
8067,35,blue-collar,single,primary,no,2040,no,no,cellular,no
8068,56,unemployed,married,primary,no,3391,no,no,cellular,yes
8069,30,blue-collar,single,unknown,no,6281,no,no,cellular,yes
8070,28,blue-collar,single,secondary,no,75,no,no,unknown,no
8071,37,technician,single,secondary,no,363,yes,no,cellular,no
8072,29,services,married,secondary,no,57,yes,no,telephone,no
8073,56,housemaid,divorced,primary,no,61,no,no,cellular,no
8074,33,technician,married,secondary,no,8,no,no,cellular,no
8075,44,entrepreneur,married,tertiary,no,3463,yes,yes,cellular,no
8076,59,admin.,married,secondary,no,2552,no,yes,cellular,no
8077,34,blue-collar,married,secondary,no,808,yes,yes,cellular,no
8078,48,admin.,married,secondary,no,1060,yes,no,cellular,no
8079,44,services,married,secondary,no,850,no,yes,cellular,no
8080,31,unemployed,single,tertiary,no,1489,yes,no,cellular,no
8081,31,services,married,secondary,no,505,no,no,cellular,no
8082,54,retired,divorced,primary,no,22,no,no,unknown,no
8083,56,technician,divorced,secondary,no,3450,no,no,cellular,yes
8084,57,management,married,secondary,no,0,no,no,cellular,no
8085,47,entrepreneur,married,secondary,no,318,no,no,cellular,no
8086,39,technician,married,tertiary,no,1524,no,no,cellular,yes
8087,28,technician,single,unknown,no,0,yes,no,cellular,yes
8088,29,management,single,tertiary,no,983,yes,no,cellular,yes
8089,59,retired,divorced,secondary,no,93,no,no,unknown,no
8090,39,services,divorced,secondary,no,1957,yes,yes,cellular,no
8091,49,services,married,tertiary,no,411,no,no,telephone,no
8092,41,admin.,married,secondary,no,0,yes,no,cellular,no
8093,41,admin.,married,secondary,no,2498,no,no,cellular,yes
8094,26,student,single,tertiary,no,1134,no,no,cellular,yes
8095,52,unemployed,married,tertiary,no,2133,no,yes,cellular,no
8096,39,technician,married,tertiary,no,206,no,no,cellular,yes
8097,43,blue-collar,married,primary,no,794,yes,no,cellular,no
8098,51,blue-collar,married,secondary,no,50,yes,yes,unknown,no
8099,59,blue-collar,married,primary,no,416,no,no,unknown,no
8100,28,management,single,tertiary,no,1720,no,no,cellular,yes
8101,44,blue-collar,married,secondary,no,1697,yes,no,unknown,yes
8102,30,management,single,tertiary,no,5561,yes,no,cellular,yes
8103,46,admin.,divorced,secondary,no,2232,no,no,cellular,yes
8104,37,technician,single,tertiary,no,197,no,no,cellular,yes
8105,26,blue-collar,married,secondary,no,557,yes,yes,unknown,no
8106,64,retired,married,secondary,no,5966,yes,no,cellular,yes
8107,60,retired,divorced,secondary,no,935,no,no,cellular,no
8108,54,management,married,tertiary,no,1146,yes,no,cellular,no
8109,59,retired,married,primary,no,-411,no,no,cellular,no
8110,44,management,married,tertiary,no,7818,no,no,cellular,yes
8111,30,management,single,tertiary,no,1636,no,no,unknown,no
8112,40,technician,married,secondary,no,192,no,no,cellular,no
8113,37,technician,married,secondary,no,1762,no,no,cellular,yes
8114,22,self-employed,single,tertiary,no,780,no,no,cellular,yes
8115,43,management,single,tertiary,no,0,no,no,cellular,no
8116,43,admin.,married,secondary,no,388,yes,no,cellular,no
8117,40,blue-collar,married,secondary,no,668,yes,no,cellular,no
8118,35,admin.,divorced,secondary,no,0,no,no,cellular,no
8119,58,management,married,tertiary,no,0,no,no,unknown,no
8120,34,management,single,tertiary,no,29,yes,no,cellular,no
8121,33,management,single,tertiary,no,816,yes,no,cellular,yes
8122,40,technician,single,tertiary,no,1646,yes,no,cellular,yes
8123,42,management,divorced,primary,no,0,yes,no,cellular,no
8124,28,management,married,secondary,no,3,yes,no,cellular,no
8125,39,technician,married,secondary,no,1587,yes,no,cellular,yes
8126,30,admin.,divorced,primary,no,1032,yes,no,unknown,no
8127,30,technician,married,tertiary,no,526,yes,yes,unknown,yes
8128,32,technician,single,tertiary,no,5514,no,no,cellular,yes
8129,32,technician,single,tertiary,no,705,yes,no,cellular,yes
8130,31,admin.,single,secondary,no,437,yes,yes,unknown,no
8131,32,technician,single,tertiary,no,1625,no,no,cellular,yes
8132,34,technician,single,tertiary,no,2047,yes,no,cellular,no
8133,60,management,single,tertiary,no,560,no,no,cellular,yes
8134,59,management,married,unknown,no,3534,no,no,cellular,no
8135,26,blue-collar,single,secondary,no,2007,no,no,cellular,yes
8136,34,technician,divorced,secondary,no,1451,yes,no,unknown,yes
8137,34,technician,married,secondary,no,1012,yes,yes,telephone,yes
8138,45,self-employed,divorced,tertiary,yes,75,yes,yes,cellular,no
8139,41,admin.,married,secondary,no,3126,yes,no,cellular,yes
8140,22,student,single,primary,no,3472,no,no,cellular,yes
8141,39,services,married,secondary,no,-311,yes,no,cellular,no
8142,36,management,married,secondary,no,565,no,no,cellular,yes
8143,39,management,married,tertiary,no,1654,no,yes,cellular,no
8144,49,blue-collar,married,primary,no,3,no,yes,cellular,yes
8145,41,self-employed,single,tertiary,no,1755,no,no,unknown,no
8146,31,admin.,married,secondary,no,113,yes,no,cellular,no
8147,31,admin.,single,secondary,no,162,yes,no,unknown,no
8148,40,services,married,secondary,no,446,yes,no,unknown,yes
8149,29,blue-collar,married,secondary,no,8,yes,yes,cellular,yes
8150,36,management,married,tertiary,no,495,no,no,cellular,yes
8151,21,student,single,unknown,no,53,no,no,cellular,yes
8152,65,entrepreneur,married,tertiary,no,2331,no,no,telephone,yes
8153,31,services,married,secondary,no,182,no,no,cellular,no
8154,39,blue-collar,single,tertiary,no,48,no,no,cellular,yes
8155,32,management,married,secondary,no,6217,yes,yes,cellular,no
8156,42,services,married,unknown,no,1340,no,yes,cellular,no
8157,37,blue-collar,married,unknown,no,1508,no,yes,unknown,yes
8158,57,retired,married,secondary,no,3783,yes,no,unknown,no
8159,39,management,married,tertiary,no,2763,yes,no,unknown,yes
8160,31,admin.,married,secondary,no,3540,yes,no,cellular,no
8161,45,admin.,married,secondary,no,204,yes,no,cellular,yes
8162,29,admin.,married,secondary,no,494,yes,no,unknown,no
8163,52,blue-collar,married,unknown,no,0,yes,no,cellular,yes
8164,36,self-employed,married,secondary,no,188,yes,yes,cellular,yes
8165,22,admin.,single,secondary,no,33,no,no,cellular,yes
8166,42,management,divorced,tertiary,no,1064,no,no,cellular,no
8167,47,entrepreneur,married,secondary,no,0,no,no,unknown,no
8168,48,entrepreneur,married,secondary,no,183,yes,no,unknown,no
8169,26,services,single,secondary,no,136,no,no,cellular,yes
8170,37,unemployed,single,secondary,no,381,yes,no,unknown,yes
8171,37,services,married,secondary,no,2678,no,no,cellular,yes
8172,53,management,divorced,secondary,no,1004,no,yes,telephone,yes
8173,34,admin.,married,tertiary,no,69,no,yes,cellular,yes
8174,50,housemaid,married,secondary,no,388,no,no,cellular,yes
8175,36,technician,single,secondary,no,1044,yes,no,cellular,no
8176,27,technician,single,tertiary,no,-67,yes,no,cellular,yes
8177,59,management,married,primary,no,1727,no,no,telephone,yes
8178,40,technician,married,secondary,no,8379,no,no,unknown,no
8179,64,retired,married,secondary,no,4787,no,no,cellular,yes
8180,40,self-employed,single,tertiary,no,10346,no,no,cellular,yes
8181,50,blue-collar,divorced,secondary,no,203,yes,no,telephone,no
8182,50,management,married,tertiary,no,398,no,no,telephone,no
8183,27,management,single,tertiary,no,-69,yes,no,cellular,yes
8184,35,admin.,married,secondary,no,0,yes,no,cellular,no
8185,36,technician,married,secondary,no,-393,no,no,telephone,no
8186,29,management,married,tertiary,no,51,yes,no,cellular,yes
8187,37,unknown,single,tertiary,no,0,no,no,cellular,yes
8188,32,technician,married,secondary,no,560,no,no,cellular,yes
8189,36,entrepreneur,married,tertiary,no,0,no,no,unknown,no
8190,50,entrepreneur,married,secondary,no,854,no,no,cellular,no
8191,27,admin.,married,tertiary,no,2855,no,no,cellular,yes
8192,44,technician,married,tertiary,no,964,no,no,cellular,no
8193,31,management,divorced,tertiary,no,373,no,no,cellular,yes
8194,30,services,single,secondary,no,140,yes,no,cellular,yes
8195,42,admin.,married,secondary,no,105,no,no,unknown,yes
8196,38,services,married,secondary,no,797,yes,no,cellular,no
8197,35,technician,married,tertiary,no,3160,yes,no,cellular,yes
8198,37,self-employed,single,tertiary,no,1188,no,no,cellular,yes
8199,28,blue-collar,single,secondary,no,-46,yes,no,cellular,yes
8200,32,self-employed,married,secondary,no,514,yes,no,cellular,yes
8201,42,technician,married,secondary,no,1013,no,yes,cellular,no
8202,55,management,married,tertiary,no,13578,no,no,cellular,no
8203,51,technician,married,tertiary,no,825,no,no,cellular,yes
8204,51,technician,married,secondary,no,100,no,no,cellular,yes
8205,22,services,single,secondary,no,129,no,no,cellular,yes
8206,37,management,single,tertiary,no,2875,no,no,cellular,no
8207,34,blue-collar,married,secondary,no,467,yes,no,cellular,no
8208,48,blue-collar,married,primary,no,492,no,yes,cellular,no
8209,39,technician,divorced,secondary,no,0,yes,yes,cellular,no
8210,50,technician,divorced,unknown,no,2794,no,no,cellular,yes
8211,47,blue-collar,married,secondary,no,3237,yes,no,unknown,no
8212,42,technician,married,secondary,no,534,no,no,cellular,no
8213,38,admin.,married,secondary,no,0,yes,no,cellular,yes
8214,32,admin.,married,secondary,no,51,yes,yes,cellular,yes
8215,32,student,single,tertiary,no,922,no,no,cellular,no
8216,80,retired,married,primary,no,2994,no,no,cellular,no
8217,37,technician,single,secondary,no,1211,yes,no,unknown,yes
8218,33,admin.,divorced,tertiary,no,891,no,no,cellular,yes
8219,54,admin.,married,secondary,no,0,no,no,cellular,yes
8220,28,student,single,tertiary,no,0,no,no,cellular,yes
8221,57,management,married,unknown,no,0,no,no,cellular,no
8222,33,management,married,tertiary,no,5878,no,no,cellular,yes
8223,58,services,married,secondary,no,1667,yes,yes,unknown,no
8224,44,management,married,tertiary,no,3665,no,no,cellular,no
8225,46,admin.,married,primary,no,469,yes,no,cellular,no
8226,39,technician,divorced,secondary,no,385,no,no,cellular,yes
8227,37,management,single,tertiary,no,62,yes,no,cellular,yes
8228,36,technician,single,secondary,yes,0,no,yes,cellular,no
8229,33,management,single,tertiary,no,2364,no,no,cellular,yes
8230,38,services,married,secondary,no,4017,no,no,cellular,yes
8231,43,technician,married,secondary,no,994,yes,yes,cellular,no
8232,31,admin.,single,secondary,no,-422,yes,no,cellular,no
8233,27,blue-collar,single,primary,no,265,yes,no,cellular,yes
8234,41,blue-collar,married,secondary,no,393,yes,yes,cellular,no
8235,34,technician,married,secondary,no,652,yes,yes,cellular,no
8236,36,admin.,single,secondary,no,1281,no,no,telephone,no
8237,33,technician,single,tertiary,no,469,no,no,cellular,no
8238,51,blue-collar,married,tertiary,no,7816,yes,no,unknown,no
8239,44,management,married,tertiary,no,0,yes,no,cellular,no
8240,45,self-employed,married,secondary,no,396,no,no,cellular,no
8241,46,blue-collar,married,primary,no,1303,no,no,cellular,no
8242,31,unemployed,married,secondary,no,20,no,no,telephone,no
8243,33,blue-collar,married,secondary,no,0,no,no,cellular,yes
8244,30,self-employed,married,tertiary,no,1785,no,no,unknown,yes
8245,33,services,single,tertiary,no,395,yes,no,cellular,yes
8246,36,management,married,tertiary,no,2326,yes,no,cellular,no
8247,32,blue-collar,married,secondary,no,1879,no,no,cellular,yes
8248,37,blue-collar,married,primary,no,1796,yes,yes,cellular,no
8249,38,services,married,primary,no,0,no,no,cellular,no
8250,29,management,single,tertiary,no,-11,yes,no,cellular,no
8251,34,management,single,tertiary,no,13014,no,no,cellular,yes
8252,57,management,divorced,tertiary,no,3287,no,no,cellular,yes
8253,24,student,single,primary,no,474,no,no,cellular,yes
8254,57,admin.,married,secondary,no,169,no,no,cellular,yes
8255,58,unemployed,married,secondary,no,1625,no,no,cellular,yes
8256,31,self-employed,single,tertiary,no,17924,yes,no,cellular,no
8257,64,retired,married,secondary,no,588,no,no,cellular,yes
8258,25,student,single,unknown,no,480,no,no,cellular,yes
8259,47,technician,married,secondary,no,293,no,no,cellular,yes
8260,22,student,single,tertiary,no,691,no,no,cellular,yes
8261,56,management,married,secondary,no,0,no,no,cellular,yes
8262,41,admin.,divorced,secondary,no,1967,yes,no,cellular,no
8263,37,admin.,married,secondary,no,1967,no,no,cellular,yes
8264,29,management,single,tertiary,no,573,yes,yes,unknown,no
8265,29,housemaid,single,tertiary,no,2196,no,no,cellular,yes
8266,37,technician,married,secondary,no,177,yes,no,cellular,no
8267,46,blue-collar,divorced,secondary,no,709,yes,no,cellular,no
8268,56,management,married,tertiary,no,705,no,no,cellular,no
8269,42,management,married,tertiary,no,2187,yes,no,cellular,yes
8270,32,management,married,tertiary,no,937,no,no,cellular,no
8271,32,management,single,tertiary,no,2974,yes,no,cellular,yes
8272,38,blue-collar,married,secondary,no,2008,yes,no,cellular,no
8273,32,technician,single,secondary,no,930,yes,no,unknown,no
8274,28,admin.,single,secondary,no,-7,no,yes,unknown,yes
8275,28,self-employed,single,tertiary,no,0,yes,no,unknown,yes
8276,47,technician,single,secondary,no,-239,yes,yes,cellular,yes
8277,34,blue-collar,married,secondary,yes,-745,yes,yes,cellular,no
8278,48,management,married,tertiary,no,2351,no,no,cellular,yes
8279,28,blue-collar,married,secondary,no,4287,no,no,cellular,no
8280,38,technician,married,tertiary,no,206,no,no,cellular,yes
8281,57,blue-collar,married,secondary,no,1540,yes,no,cellular,yes
8282,47,services,divorced,secondary,no,-288,yes,no,unknown,no
8283,60,housemaid,married,secondary,no,0,no,no,telephone,yes
8284,39,management,married,tertiary,no,297,yes,no,cellular,yes
8285,69,retired,divorced,primary,no,482,no,no,cellular,yes
8286,61,self-employed,divorced,tertiary,no,52587,no,no,cellular,yes
8287,57,retired,married,primary,no,1532,no,no,telephone,no
8288,34,technician,married,secondary,no,0,yes,no,cellular,yes
8289,48,admin.,divorced,secondary,no,83,yes,no,cellular,yes
8290,40,blue-collar,married,secondary,no,273,yes,no,unknown,no
8291,27,blue-collar,single,secondary,no,294,yes,yes,unknown,yes
8292,52,admin.,married,secondary,no,1228,yes,yes,cellular,yes
8293,40,management,married,tertiary,no,143,no,no,cellular,no
8294,46,admin.,divorced,secondary,no,875,yes,yes,cellular,no
8295,48,admin.,divorced,secondary,no,362,no,no,cellular,yes
8296,30,management,single,tertiary,no,2876,no,no,cellular,no
8297,46,services,married,tertiary,no,2520,yes,no,cellular,no
8298,44,technician,divorced,secondary,no,314,yes,no,unknown,no
8299,49,blue-collar,divorced,primary,no,0,yes,no,cellular,no
8300,45,admin.,married,tertiary,no,2552,no,no,cellular,yes
8301,38,housemaid,divorced,secondary,no,70,no,no,cellular,yes
8302,38,blue-collar,married,secondary,no,3598,no,no,unknown,no
8303,32,blue-collar,single,secondary,no,2093,no,no,cellular,yes
8304,56,management,married,primary,no,870,no,no,cellular,yes
8305,35,management,divorced,tertiary,no,0,yes,no,telephone,yes
8306,51,housemaid,married,primary,no,618,yes,yes,cellular,no
8307,25,services,single,tertiary,no,12,no,no,cellular,yes
8308,60,retired,married,primary,no,71,no,no,cellular,no
8309,30,services,single,secondary,yes,-366,yes,no,cellular,yes
8310,41,blue-collar,married,secondary,no,2413,no,no,unknown,no
8311,41,housemaid,married,primary,no,39,no,no,cellular,no
8312,30,self-employed,single,tertiary,no,3137,yes,no,cellular,no
8313,73,retired,married,tertiary,no,1641,yes,no,cellular,yes
8314,37,admin.,single,secondary,no,781,no,no,cellular,no
8315,38,technician,married,secondary,no,976,yes,no,cellular,yes
8316,75,retired,married,secondary,no,3771,no,no,telephone,yes
8317,31,blue-collar,single,primary,no,2369,yes,no,cellular,no
8318,52,blue-collar,married,primary,no,4660,no,no,cellular,no
8319,33,management,single,tertiary,no,541,yes,yes,unknown,no
8320,57,housemaid,married,primary,no,0,no,no,cellular,no
8321,30,technician,married,secondary,no,455,yes,no,cellular,yes
8322,43,admin.,single,secondary,no,386,no,no,cellular,yes
8323,43,admin.,married,secondary,no,2271,no,no,telephone,yes
8324,47,housemaid,divorced,primary,no,1405,no,no,unknown,no
8325,33,admin.,single,tertiary,no,475,yes,no,cellular,yes
8326,32,blue-collar,single,tertiary,no,3014,yes,no,cellular,no
8327,36,blue-collar,married,secondary,no,-206,yes,no,unknown,no
8328,23,blue-collar,single,secondary,no,780,yes,no,cellular,yes
8329,42,technician,divorced,secondary,no,314,yes,no,unknown,yes
8330,60,admin.,married,unknown,no,738,no,no,unknown,no
8331,46,management,married,tertiary,no,0,yes,no,cellular,no
8332,22,student,single,unknown,no,3317,no,no,cellular,no
8333,33,technician,single,tertiary,no,3689,no,no,cellular,yes
8334,41,entrepreneur,married,secondary,no,30,no,no,cellular,yes
8335,38,blue-collar,married,primary,no,4592,yes,no,cellular,no
8336,31,admin.,single,secondary,no,396,yes,no,unknown,no
8337,56,management,married,tertiary,no,830,yes,yes,unknown,yes
8338,30,technician,single,primary,no,2731,yes,no,cellular,no
8339,54,self-employed,married,tertiary,no,368,no,no,telephone,no
8340,28,management,single,tertiary,no,866,no,no,cellular,yes
8341,55,technician,married,secondary,no,462,no,no,cellular,no
8342,35,blue-collar,married,secondary,no,149,yes,no,cellular,yes
8343,25,admin.,single,secondary,no,483,no,yes,cellular,yes
8344,27,blue-collar,married,primary,no,-413,no,yes,unknown,yes
8345,27,blue-collar,married,unknown,no,409,yes,no,cellular,yes
8346,56,services,married,secondary,no,1989,no,no,cellular,yes
8347,61,retired,married,tertiary,no,2557,yes,no,cellular,yes
8348,36,management,married,tertiary,no,332,yes,no,cellular,no
8349,52,services,married,secondary,no,961,no,yes,cellular,yes
8350,26,management,single,tertiary,no,2786,no,no,cellular,yes
8351,30,unemployed,married,tertiary,no,330,no,no,cellular,yes
8352,30,management,single,secondary,no,1299,no,no,cellular,no
8353,37,unemployed,married,tertiary,no,7620,no,no,telephone,yes
8354,31,student,single,secondary,no,3511,no,no,cellular,yes
8355,43,services,divorced,secondary,no,-287,yes,no,cellular,no
8356,77,unknown,married,unknown,no,397,no,no,telephone,yes
8357,26,management,single,tertiary,no,1094,yes,no,cellular,yes
8358,72,retired,married,primary,no,2079,no,no,cellular,no
8359,61,management,married,tertiary,no,6016,no,no,cellular,yes
8360,60,management,married,tertiary,no,5990,yes,no,cellular,yes
8361,57,entrepreneur,married,tertiary,no,958,no,no,unknown,no
8362,32,management,married,tertiary,no,62,yes,no,telephone,no
8363,52,self-employed,married,secondary,no,-488,yes,no,unknown,no
8364,46,blue-collar,married,secondary,no,137,no,no,unknown,no
8365,31,management,married,tertiary,no,927,no,no,cellular,no
8366,62,retired,divorced,tertiary,no,0,no,no,cellular,yes
8367,57,management,divorced,unknown,no,854,no,no,cellular,yes
8368,34,blue-collar,married,tertiary,no,748,yes,yes,cellular,no
8369,41,unemployed,married,primary,no,183,yes,no,cellular,no
8370,33,blue-collar,married,primary,no,-132,yes,yes,cellular,no
8371,42,management,married,tertiary,no,4,yes,no,cellular,yes
8372,25,self-employed,single,tertiary,no,42,yes,no,cellular,yes
8373,40,management,married,tertiary,no,413,yes,no,unknown,no
8374,35,admin.,single,secondary,no,303,no,no,cellular,yes
8375,40,admin.,divorced,secondary,no,221,yes,no,unknown,no
8376,54,retired,divorced,tertiary,no,6102,yes,yes,unknown,no
8377,33,blue-collar,married,secondary,no,1134,yes,no,unknown,no
8378,52,entrepreneur,married,tertiary,yes,-468,no,no,cellular,yes
8379,31,technician,single,tertiary,no,1081,no,no,cellular,yes
8380,35,services,single,secondary,no,1239,yes,no,cellular,no
8381,71,retired,married,secondary,no,2064,no,no,cellular,no
8382,43,admin.,married,secondary,no,1996,no,yes,cellular,no
8383,49,services,divorced,secondary,no,933,no,yes,cellular,no
8384,35,unemployed,married,secondary,yes,1054,yes,yes,cellular,no
8385,26,blue-collar,single,secondary,no,311,yes,no,cellular,yes
8386,36,management,married,tertiary,no,2987,yes,no,cellular,yes
8387,36,services,married,secondary,no,2984,yes,no,unknown,yes
8388,33,management,single,tertiary,no,1150,yes,no,telephone,no
8389,51,management,married,tertiary,no,346,no,no,cellular,yes
8390,33,blue-collar,single,primary,no,611,no,no,telephone,yes
8391,45,blue-collar,married,primary,no,678,no,no,cellular,no
8392,29,management,single,tertiary,no,874,yes,no,cellular,yes
8393,26,blue-collar,single,secondary,no,396,yes,no,unknown,no
8394,41,blue-collar,married,primary,no,246,no,no,unknown,yes
8395,56,services,married,secondary,no,1989,no,no,cellular,yes
8396,59,housemaid,married,tertiary,no,0,no,no,telephone,yes
8397,44,self-employed,married,unknown,no,163,yes,no,cellular,yes
8398,62,self-employed,married,tertiary,no,3685,no,no,cellular,no
8399,51,blue-collar,married,secondary,no,700,no,no,cellular,no
8400,30,entrepreneur,married,secondary,no,12737,no,yes,cellular,yes
8401,24,services,single,secondary,no,1299,yes,yes,cellular,no
8402,39,housemaid,married,primary,no,2460,no,no,cellular,no
8403,30,admin.,single,secondary,no,2702,yes,no,cellular,no
8404,37,technician,married,secondary,no,0,yes,yes,cellular,no
8405,50,technician,married,primary,no,249,yes,no,unknown,no
8406,57,blue-collar,married,secondary,no,773,yes,yes,unknown,no
8407,39,services,married,secondary,no,20928,no,no,cellular,no
8408,27,management,single,secondary,no,35,no,no,cellular,no
8409,35,unemployed,married,secondary,no,978,no,no,cellular,yes
8410,34,student,single,unknown,no,2321,no,no,cellular,no
8411,40,technician,single,secondary,no,360,yes,no,unknown,no
8412,34,blue-collar,married,secondary,no,243,yes,no,cellular,yes
8413,28,management,single,tertiary,no,1825,no,no,cellular,yes
8414,42,technician,married,secondary,no,89,yes,no,cellular,no
8415,44,management,married,tertiary,no,1850,yes,no,cellular,no
8416,55,unemployed,married,secondary,no,512,no,no,cellular,no
8417,83,retired,married,tertiary,no,4761,no,no,telephone,yes
8418,42,services,divorced,secondary,no,444,no,no,cellular,no
8419,44,blue-collar,divorced,unknown,no,284,no,no,cellular,no
8420,38,housemaid,married,secondary,no,110,no,no,cellular,no
8421,52,blue-collar,married,secondary,no,955,no,yes,cellular,yes
8422,41,management,married,tertiary,no,65,yes,no,unknown,no
8423,37,admin.,single,tertiary,no,1000,yes,no,cellular,yes
8424,73,retired,married,primary,no,5539,no,no,telephone,yes
8425,31,blue-collar,married,secondary,no,255,yes,yes,cellular,no
8426,38,management,married,tertiary,no,5432,yes,yes,cellular,no
8427,50,admin.,married,secondary,no,1138,yes,yes,cellular,no
8428,41,management,divorced,tertiary,no,107,yes,no,cellular,no
8429,48,management,married,tertiary,no,157,no,no,cellular,yes
8430,38,admin.,divorced,secondary,no,19,yes,no,unknown,yes
8431,55,blue-collar,married,secondary,no,660,no,no,unknown,no
8432,58,blue-collar,married,primary,no,5188,yes,no,cellular,yes
8433,54,retired,married,secondary,no,3846,yes,yes,unknown,no
8434,50,entrepreneur,married,primary,no,461,yes,no,unknown,yes
8435,58,technician,single,secondary,no,382,no,no,cellular,no
8436,44,services,married,secondary,no,-395,yes,no,cellular,yes
8437,32,management,single,tertiary,no,17,no,no,cellular,no
8438,33,services,single,secondary,no,192,no,no,cellular,no
8439,40,blue-collar,married,primary,no,-35,yes,no,cellular,no
8440,48,blue-collar,married,primary,no,214,yes,yes,cellular,yes
8441,32,management,single,tertiary,yes,4,no,no,cellular,no
8442,43,admin.,married,secondary,no,0,no,no,unknown,no
8443,30,self-employed,single,tertiary,no,916,no,no,cellular,yes
8444,32,technician,married,secondary,no,473,no,yes,cellular,yes
8445,25,admin.,single,secondary,no,285,no,no,cellular,yes
8446,57,admin.,married,secondary,no,4391,no,no,telephone,yes
8447,31,technician,single,secondary,no,863,yes,no,cellular,no
8448,36,management,single,tertiary,no,811,no,no,cellular,yes
8449,47,technician,divorced,secondary,no,157,yes,no,cellular,no
8450,35,services,single,tertiary,no,0,no,no,cellular,yes
8451,29,blue-collar,single,secondary,no,244,yes,no,cellular,no
8452,47,housemaid,married,tertiary,no,2290,no,no,cellular,no
8453,34,unemployed,married,secondary,no,200,yes,no,unknown,no
8454,35,management,single,tertiary,no,1599,yes,yes,cellular,yes
8455,41,self-employed,single,tertiary,no,0,no,no,cellular,no
8456,44,management,married,secondary,no,13054,yes,no,cellular,no
8457,55,management,divorced,tertiary,no,0,no,no,cellular,yes
8458,25,student,single,unknown,no,2503,no,no,cellular,no
8459,52,management,single,tertiary,no,741,no,no,cellular,no
8460,49,technician,married,secondary,no,2400,no,no,cellular,no
8461,38,management,married,tertiary,no,385,yes,no,telephone,yes
8462,32,blue-collar,single,secondary,no,232,no,no,unknown,no
8463,31,technician,single,secondary,no,109,yes,no,unknown,no
8464,34,technician,married,secondary,no,806,no,no,cellular,yes
8465,33,technician,single,tertiary,no,317,yes,no,cellular,yes
8466,36,technician,married,secondary,no,432,yes,no,cellular,no
8467,59,management,married,tertiary,no,5397,no,no,cellular,yes
8468,31,management,single,secondary,no,202,yes,no,cellular,yes
8469,26,entrepreneur,single,tertiary,no,725,no,no,cellular,yes
8470,55,technician,married,tertiary,no,-466,yes,no,cellular,yes
8471,46,management,single,tertiary,no,2904,yes,no,unknown,yes
8472,40,entrepreneur,divorced,tertiary,no,224,no,no,unknown,no
8473,32,technician,single,tertiary,no,34646,no,no,telephone,yes
8474,43,services,married,primary,no,2557,yes,no,telephone,yes
8475,39,blue-collar,married,secondary,no,62,yes,no,cellular,yes
8476,32,entrepreneur,married,tertiary,no,762,no,no,cellular,yes
8477,53,blue-collar,married,primary,no,4641,no,no,unknown,no
8478,49,blue-collar,married,secondary,no,0,no,yes,cellular,yes
8479,41,technician,married,secondary,no,335,no,no,cellular,no
8480,44,admin.,married,secondary,no,497,yes,no,cellular,no
8481,43,blue-collar,divorced,primary,no,177,no,no,cellular,no
8482,44,admin.,married,secondary,no,764,yes,no,cellular,no
8483,30,management,single,tertiary,no,2544,no,no,cellular,yes
8484,47,technician,married,tertiary,no,1694,no,yes,unknown,yes
8485,37,services,married,secondary,no,144,yes,no,cellular,no
8486,31,management,single,tertiary,no,2,no,no,cellular,yes
8487,39,technician,married,secondary,no,4101,yes,no,cellular,yes
8488,28,technician,single,secondary,no,2335,no,no,cellular,yes
8489,20,student,single,primary,no,0,no,no,cellular,no
8490,57,technician,married,secondary,no,28,yes,no,cellular,no
8491,26,technician,single,secondary,no,855,yes,no,unknown,no
8492,23,blue-collar,single,secondary,no,0,yes,no,cellular,no
8493,31,management,divorced,tertiary,no,71,no,no,cellular,yes
8494,43,technician,married,tertiary,no,0,no,no,cellular,yes
8495,51,unemployed,married,tertiary,no,1801,no,no,cellular,yes
8496,35,admin.,married,secondary,no,11,yes,no,cellular,no
8497,32,management,divorced,tertiary,no,222,no,yes,cellular,yes
8498,29,technician,single,tertiary,no,940,yes,no,cellular,no
8499,49,management,married,tertiary,no,1,no,no,telephone,yes
8500,42,technician,divorced,secondary,no,-78,yes,yes,cellular,no
8501,37,management,married,tertiary,no,5016,no,no,cellular,no
8502,44,management,married,tertiary,no,6203,yes,yes,unknown,no
8503,28,blue-collar,married,secondary,no,61,yes,no,cellular,yes
8504,47,technician,divorced,secondary,no,440,no,no,cellular,no
8505,48,self-employed,married,tertiary,no,7,yes,no,unknown,no
8506,39,entrepreneur,married,secondary,no,283,yes,no,unknown,no
8507,57,retired,married,tertiary,no,34,no,yes,cellular,no
8508,26,blue-collar,single,primary,no,102,yes,no,unknown,no
8509,44,technician,single,secondary,no,54,no,yes,cellular,no
8510,60,blue-collar,married,primary,no,1262,yes,yes,unknown,yes
8511,39,management,divorced,secondary,no,4314,yes,no,cellular,no
8512,42,technician,married,secondary,no,827,no,no,cellular,no
8513,52,retired,married,tertiary,no,350,no,yes,cellular,no
8514,58,management,married,tertiary,no,2261,yes,no,cellular,no
8515,26,student,single,secondary,no,132,no,no,cellular,yes
8516,43,admin.,married,secondary,no,616,yes,no,unknown,no
8517,30,management,married,tertiary,no,1384,yes,no,telephone,no
8518,37,management,married,tertiary,no,2672,yes,no,cellular,no
8519,39,management,married,tertiary,no,378,yes,yes,unknown,no
8520,33,management,married,tertiary,no,310,no,no,cellular,no
8521,34,admin.,single,tertiary,no,64,yes,no,cellular,no
8522,34,technician,single,tertiary,no,0,yes,no,cellular,no
8523,34,management,single,tertiary,no,-578,yes,no,cellular,yes
8524,29,management,single,secondary,no,293,yes,no,unknown,no
8525,50,technician,married,primary,no,570,no,no,unknown,no
8526,35,blue-collar,married,secondary,no,975,yes,no,cellular,no
8527,33,management,single,tertiary,no,369,no,no,cellular,no
8528,30,technician,single,tertiary,no,6619,yes,no,cellular,no
8529,70,retired,married,secondary,no,0,no,no,cellular,yes
8530,39,management,married,tertiary,no,1738,yes,no,cellular,yes
8531,51,blue-collar,married,primary,no,5050,no,yes,unknown,no
8532,38,technician,single,tertiary,no,2496,no,no,unknown,no
8533,39,blue-collar,married,secondary,no,142,no,yes,cellular,no
8534,28,blue-collar,single,secondary,no,1106,yes,no,cellular,no
8535,30,services,married,secondary,no,5,no,yes,cellular,yes
8536,27,management,single,secondary,no,843,no,no,cellular,no
8537,44,blue-collar,divorced,secondary,no,-222,yes,no,unknown,no
8538,80,retired,married,secondary,no,1610,no,no,cellular,no
8539,39,admin.,single,secondary,no,223,no,no,cellular,no
8540,19,student,single,primary,no,608,no,no,cellular,yes
8541,32,management,single,tertiary,no,2915,no,no,cellular,yes
8542,34,management,married,tertiary,no,2287,yes,no,unknown,yes
8543,60,technician,single,primary,no,11262,no,no,cellular,yes
8544,60,admin.,married,primary,no,-444,no,yes,cellular,no
8545,41,management,divorced,tertiary,no,25,yes,yes,cellular,yes
8546,32,management,single,tertiary,no,623,no,no,cellular,yes
8547,33,entrepreneur,married,secondary,no,137,yes,no,cellular,no
8548,23,student,single,unknown,no,565,no,no,cellular,no
8549,45,blue-collar,married,primary,no,900,yes,no,unknown,no
8550,36,self-employed,married,secondary,no,1245,yes,no,unknown,yes
8551,37,management,married,tertiary,no,4089,yes,no,cellular,yes
8552,36,management,divorced,tertiary,no,133,yes,no,unknown,no
8553,43,technician,married,tertiary,no,2643,no,no,telephone,yes
8554,36,admin.,single,secondary,no,10041,yes,no,cellular,no
8555,51,admin.,married,secondary,no,949,no,no,cellular,yes
8556,31,management,married,tertiary,no,1575,no,no,cellular,no
8557,30,blue-collar,single,primary,no,0,no,no,cellular,yes
8558,37,technician,single,secondary,no,6714,yes,no,unknown,no
8559,41,services,married,secondary,no,205,yes,no,unknown,no
8560,54,unemployed,single,secondary,no,380,no,no,cellular,yes
8561,23,student,single,secondary,no,9216,no,no,cellular,no
8562,40,blue-collar,married,primary,no,0,yes,no,cellular,yes
8563,51,services,married,secondary,no,-467,no,no,unknown,no
8564,34,blue-collar,married,secondary,no,2595,yes,yes,cellular,no
8565,33,admin.,single,secondary,no,598,yes,no,unknown,no
8566,35,entrepreneur,married,secondary,no,2436,no,yes,cellular,yes
8567,46,services,divorced,unknown,no,3390,no,no,unknown,no
8568,53,management,married,tertiary,no,3591,yes,no,cellular,yes
8569,46,admin.,divorced,secondary,no,1198,yes,yes,cellular,no
8570,50,management,married,tertiary,no,11528,yes,no,unknown,no
8571,52,blue-collar,divorced,primary,no,2800,no,no,unknown,no
8572,40,admin.,single,secondary,no,782,yes,no,cellular,no
8573,44,admin.,divorced,secondary,no,2999,yes,no,cellular,yes
8574,26,management,single,tertiary,no,6840,yes,no,unknown,yes
8575,40,management,married,tertiary,no,3352,yes,no,telephone,yes
8576,26,unemployed,single,tertiary,no,814,no,no,cellular,yes
8577,26,blue-collar,single,secondary,no,786,yes,yes,unknown,no
8578,34,admin.,single,secondary,no,296,no,no,cellular,no
8579,47,unknown,married,unknown,no,677,no,no,cellular,yes
8580,26,technician,single,tertiary,no,686,yes,no,unknown,no
8581,42,unemployed,divorced,secondary,no,325,yes,no,unknown,no
8582,38,blue-collar,married,secondary,no,-367,yes,yes,cellular,no
8583,27,admin.,single,tertiary,no,138,no,no,cellular,yes
8584,51,unemployed,divorced,secondary,no,-56,yes,no,cellular,no
8585,36,blue-collar,married,secondary,no,537,no,yes,cellular,no
8586,48,blue-collar,married,secondary,no,1513,no,yes,cellular,no
8587,36,technician,married,tertiary,no,1327,no,no,cellular,no
8588,34,management,single,tertiary,no,1228,no,no,cellular,yes
8589,38,management,married,tertiary,no,4293,yes,no,cellular,no
8590,56,management,divorced,tertiary,no,2037,no,no,cellular,yes
8591,31,self-employed,married,primary,no,1074,yes,no,unknown,no
8592,46,management,divorced,tertiary,no,624,no,no,cellular,yes
8593,55,services,married,secondary,no,283,yes,no,unknown,no
8594,30,management,single,tertiary,no,2,yes,yes,cellular,yes
8595,45,blue-collar,single,secondary,no,0,yes,no,cellular,no
8596,44,admin.,single,secondary,no,733,yes,no,cellular,yes
8597,44,services,married,secondary,no,983,no,no,cellular,no
8598,33,student,single,unknown,no,5969,no,no,cellular,no
8599,56,management,single,tertiary,no,6507,yes,yes,cellular,no
8600,55,blue-collar,married,unknown,no,7561,no,no,unknown,yes
8601,32,management,single,tertiary,no,1271,yes,no,unknown,no
8602,48,services,married,secondary,no,127,no,no,cellular,no
8603,30,management,single,secondary,no,135,no,no,cellular,no
8604,65,entrepreneur,married,tertiary,no,2331,no,no,telephone,yes
8605,27,blue-collar,married,secondary,no,821,yes,yes,unknown,no
8606,33,admin.,married,secondary,no,393,yes,no,unknown,no
8607,51,management,married,tertiary,no,3463,no,yes,cellular,yes
8608,36,blue-collar,married,secondary,no,1790,yes,no,cellular,no
8609,37,blue-collar,married,primary,no,3154,yes,no,cellular,yes
8610,47,admin.,married,secondary,no,29,no,yes,cellular,no
8611,37,services,married,secondary,no,1970,yes,no,telephone,yes
8612,31,management,married,tertiary,no,303,yes,no,unknown,no
8613,58,retired,married,secondary,no,-324,yes,no,cellular,no
8614,53,admin.,married,secondary,no,849,yes,no,cellular,yes
8615,58,management,divorced,tertiary,no,1257,no,no,cellular,yes
8616,24,student,single,unknown,no,358,no,no,cellular,yes
8617,35,management,married,unknown,no,2326,yes,yes,cellular,yes
8618,37,management,married,tertiary,no,0,no,no,cellular,yes
8619,31,management,single,tertiary,no,471,no,no,cellular,no
8620,64,retired,married,tertiary,no,380,no,no,cellular,yes
8621,45,technician,divorced,secondary,no,0,no,no,cellular,no
8622,35,technician,married,secondary,no,0,no,no,cellular,no
8623,51,management,married,tertiary,no,1612,yes,no,cellular,no
8624,31,management,single,tertiary,no,5205,no,no,cellular,yes
8625,69,retired,married,secondary,no,2473,no,no,cellular,yes
8626,34,services,married,secondary,no,2956,no,no,cellular,yes
8627,42,technician,single,tertiary,no,2625,no,no,cellular,yes
8628,30,services,single,secondary,no,268,no,no,unknown,no
8629,39,management,married,tertiary,no,-974,no,yes,cellular,no
8630,59,technician,married,secondary,no,116,no,no,cellular,yes
8631,40,blue-collar,married,primary,no,1206,no,yes,telephone,no
8632,22,student,single,secondary,no,3982,no,no,cellular,yes
8633,33,blue-collar,married,secondary,no,1240,yes,no,cellular,yes
8634,49,management,married,tertiary,no,64,no,no,unknown,yes
8635,38,management,single,tertiary,no,619,yes,no,unknown,yes
8636,39,management,divorced,tertiary,no,373,no,no,cellular,no
8637,26,services,single,secondary,no,1445,no,no,telephone,yes
8638,59,retired,married,primary,no,3648,no,no,telephone,yes
8639,34,admin.,married,secondary,no,920,no,no,cellular,yes
8640,43,blue-collar,married,primary,no,8,no,no,telephone,no
8641,51,self-employed,married,tertiary,no,5350,yes,yes,cellular,yes
8642,54,management,married,tertiary,no,8295,no,no,cellular,yes
8643,39,admin.,married,tertiary,no,1322,yes,no,cellular,no
8644,35,self-employed,single,tertiary,no,1129,yes,no,cellular,no
8645,32,student,single,tertiary,no,1138,no,no,telephone,yes
8646,54,admin.,married,secondary,no,66,yes,no,cellular,yes
8647,74,retired,divorced,primary,no,2308,no,no,telephone,no
8648,54,blue-collar,married,primary,no,2440,no,yes,cellular,no
8649,31,admin.,married,secondary,no,337,no,no,unknown,no
8650,43,blue-collar,married,secondary,no,184,no,yes,cellular,yes
8651,55,technician,married,secondary,no,1938,no,yes,cellular,yes
8652,29,management,single,tertiary,no,1566,yes,no,unknown,no
8653,60,retired,divorced,secondary,no,545,yes,no,unknown,yes
8654,34,unemployed,married,secondary,no,438,yes,yes,cellular,no
8655,33,blue-collar,married,secondary,no,202,yes,no,cellular,no
8656,29,unemployed,single,unknown,no,67,no,no,cellular,no
8657,48,management,divorced,tertiary,no,313,no,no,cellular,no
8658,30,self-employed,married,tertiary,no,2666,no,no,cellular,yes
8659,34,blue-collar,single,secondary,no,79,no,yes,cellular,no
8660,54,blue-collar,married,primary,no,6242,yes,no,cellular,no
8661,40,admin.,single,secondary,no,985,yes,no,cellular,yes
8662,37,blue-collar,divorced,secondary,no,0,yes,no,cellular,yes
8663,40,services,divorced,secondary,no,49,no,yes,cellular,no
8664,49,management,married,tertiary,no,1093,yes,yes,cellular,yes
8665,41,blue-collar,married,primary,no,6596,yes,no,cellular,no
8666,35,technician,single,primary,no,744,yes,no,cellular,no
8667,35,technician,married,tertiary,no,4,yes,no,cellular,no
8668,30,technician,single,secondary,no,194,no,yes,cellular,no
8669,30,student,single,secondary,no,1779,no,no,cellular,yes
8670,50,admin.,married,secondary,no,715,no,no,cellular,no
8671,40,housemaid,divorced,secondary,no,4328,no,no,cellular,no
8672,34,technician,single,secondary,no,174,no,no,telephone,no
8673,53,services,married,secondary,no,6170,no,no,cellular,yes
8674,37,management,single,tertiary,no,3141,no,no,cellular,yes
8675,34,management,married,tertiary,no,11,yes,no,cellular,no
8676,40,blue-collar,divorced,secondary,no,-90,yes,no,unknown,no
8677,26,admin.,married,secondary,no,1595,no,no,cellular,yes
8678,25,blue-collar,single,secondary,no,1857,yes,no,cellular,yes
8679,59,admin.,married,primary,no,1040,no,no,telephone,no
8680,31,management,single,tertiary,no,1619,no,no,cellular,yes
8681,41,services,married,unknown,no,1538,no,no,cellular,yes
8682,31,management,single,tertiary,no,354,no,no,cellular,yes
8683,39,technician,married,secondary,no,1,yes,no,unknown,no
8684,60,retired,married,secondary,no,143,no,no,telephone,no
8685,32,technician,single,tertiary,no,13711,yes,no,cellular,no
8686,35,management,married,tertiary,no,365,no,no,cellular,no
8687,43,management,married,tertiary,no,839,no,no,cellular,yes
8688,41,technician,married,secondary,no,501,yes,no,unknown,yes
8689,59,unknown,married,unknown,no,2443,no,no,unknown,no
8690,33,technician,married,secondary,no,303,yes,no,cellular,yes
8691,74,retired,married,secondary,no,921,no,no,telephone,yes
8692,49,admin.,single,secondary,no,293,no,no,cellular,yes
8693,40,services,divorced,primary,no,471,yes,no,cellular,yes
8694,46,blue-collar,married,secondary,no,229,yes,no,cellular,no
8695,51,admin.,single,secondary,no,1994,no,no,unknown,yes
8696,28,blue-collar,single,primary,no,431,yes,no,cellular,no
8697,45,admin.,divorced,secondary,no,397,yes,yes,cellular,yes
8698,48,blue-collar,married,primary,no,1670,no,no,unknown,no
8699,29,technician,single,tertiary,no,910,yes,no,cellular,no
8700,43,unemployed,married,primary,no,9,yes,yes,cellular,no
8701,49,technician,divorced,secondary,no,305,no,no,cellular,yes
8702,39,admin.,married,secondary,no,159,no,no,cellular,no
8703,31,technician,single,secondary,no,2544,no,no,cellular,yes
8704,31,management,married,tertiary,no,0,yes,yes,cellular,yes
8705,32,technician,married,secondary,no,-300,no,no,cellular,no
8706,35,admin.,single,tertiary,no,1374,yes,no,cellular,no
8707,31,student,single,tertiary,no,4951,no,no,cellular,no
8708,37,admin.,single,secondary,no,810,yes,no,cellular,no
8709,35,management,married,tertiary,no,648,no,no,cellular,no
8710,32,management,married,tertiary,no,1683,yes,yes,cellular,no
8711,36,management,married,tertiary,no,0,yes,no,unknown,no
8712,49,housemaid,married,primary,no,78,no,no,telephone,no
8713,33,services,married,secondary,no,210,yes,no,cellular,yes
8714,39,management,married,tertiary,no,0,no,no,unknown,no
8715,45,blue-collar,married,secondary,no,640,yes,no,cellular,yes
8716,39,management,divorced,tertiary,no,224,no,no,cellular,yes
8717,31,technician,single,secondary,no,4105,no,no,cellular,no
8718,30,technician,single,secondary,no,930,no,no,cellular,yes
8719,50,management,married,secondary,no,1165,no,no,cellular,yes
8720,28,self-employed,single,secondary,no,123,yes,no,unknown,no
8721,43,housemaid,married,secondary,no,150,no,no,telephone,no
8722,35,management,married,tertiary,no,0,yes,no,cellular,no
8723,33,unemployed,single,tertiary,no,4874,no,no,telephone,no
8724,53,services,divorced,primary,no,778,yes,no,cellular,no
8725,53,self-employed,married,primary,no,4576,no,no,telephone,no
8726,35,blue-collar,married,secondary,no,674,yes,no,unknown,no
8727,29,management,single,tertiary,no,697,no,no,cellular,yes
8728,46,technician,married,tertiary,no,4176,yes,no,unknown,no
8729,49,management,married,tertiary,no,735,yes,no,unknown,no
8730,51,admin.,married,secondary,no,176,no,no,cellular,no
8731,57,retired,married,tertiary,no,11254,no,no,cellular,no
8732,31,technician,single,tertiary,yes,24,no,no,cellular,no
8733,33,management,single,tertiary,no,2637,no,no,cellular,yes
8734,22,blue-collar,single,secondary,no,682,no,no,cellular,yes
8735,53,management,married,tertiary,no,241,yes,no,cellular,no
8736,64,retired,married,tertiary,no,1644,no,no,telephone,yes
8737,50,technician,married,secondary,no,1838,yes,yes,cellular,no
8738,42,admin.,married,secondary,no,6445,yes,no,unknown,no
8739,37,services,married,secondary,no,775,no,yes,cellular,yes
8740,32,technician,married,secondary,no,696,yes,no,unknown,yes
8741,60,housemaid,married,primary,no,352,no,yes,unknown,no
8742,34,blue-collar,married,secondary,no,29,yes,no,cellular,yes
8743,27,entrepreneur,married,secondary,no,2329,no,no,telephone,yes
8744,44,housemaid,married,primary,no,-156,no,yes,cellular,yes
8745,31,management,single,tertiary,no,0,no,no,cellular,no
8746,34,blue-collar,married,secondary,no,34,no,no,cellular,no
8747,36,self-employed,divorced,tertiary,no,1354,yes,no,cellular,yes
8748,28,student,single,secondary,no,949,yes,no,unknown,yes
8749,34,admin.,married,tertiary,no,79,yes,no,cellular,yes
8750,26,management,single,tertiary,no,194,no,no,cellular,yes
8751,30,technician,single,secondary,no,2544,no,no,cellular,yes
8752,31,entrepreneur,single,secondary,no,159,yes,no,cellular,no
8753,38,blue-collar,married,primary,no,714,yes,no,unknown,no
8754,34,blue-collar,single,secondary,no,39,no,no,cellular,no
8755,33,management,married,tertiary,no,71,no,no,cellular,no
8756,42,management,married,tertiary,no,1435,yes,no,cellular,yes
8757,34,management,single,tertiary,no,757,no,no,cellular,no
8758,67,management,married,secondary,no,1287,no,no,cellular,no
8759,60,blue-collar,married,primary,no,7929,no,no,unknown,yes
8760,35,management,divorced,tertiary,no,771,yes,yes,cellular,no
8761,35,housemaid,married,tertiary,no,2880,no,no,cellular,no
8762,35,self-employed,married,secondary,no,2251,no,no,cellular,no
8763,29,blue-collar,single,secondary,no,922,yes,no,cellular,no
8764,39,management,married,tertiary,no,494,no,no,cellular,yes
8765,46,services,married,secondary,no,1757,yes,no,unknown,no
8766,27,technician,divorced,secondary,no,1977,yes,no,cellular,yes
8767,48,management,married,tertiary,no,7867,yes,yes,unknown,no
8768,26,unknown,single,secondary,no,3247,no,no,telephone,no
8769,53,blue-collar,married,primary,no,751,yes,no,cellular,yes
8770,42,self-employed,married,secondary,no,240,yes,no,cellular,no
8771,28,management,divorced,tertiary,no,229,yes,no,cellular,yes
8772,45,management,married,secondary,no,21,yes,no,unknown,no
8773,34,blue-collar,married,secondary,no,1464,yes,no,cellular,yes
8774,38,services,single,secondary,no,895,yes,no,cellular,yes
8775,50,blue-collar,married,unknown,no,452,no,no,cellular,no
8776,49,admin.,single,tertiary,no,228,yes,no,cellular,yes
8777,58,technician,married,primary,no,4198,no,no,cellular,yes
8778,34,management,married,tertiary,no,1352,no,no,cellular,no
8779,48,technician,married,primary,no,788,no,no,telephone,no
8780,39,management,single,tertiary,no,0,yes,no,cellular,yes
8781,36,self-employed,married,secondary,no,189,yes,no,cellular,no
8782,26,management,single,tertiary,no,3178,no,no,cellular,no
8783,45,blue-collar,married,secondary,no,87,yes,no,cellular,no
8784,41,self-employed,married,tertiary,no,0,yes,no,telephone,yes
8785,31,technician,single,secondary,no,2088,no,no,cellular,no
8786,33,management,married,tertiary,no,1323,no,no,cellular,yes
8787,37,admin.,single,secondary,no,22,yes,no,cellular,no
8788,43,management,married,tertiary,no,136,no,no,cellular,no
8789,24,admin.,single,secondary,no,172,no,no,cellular,no
8790,31,admin.,married,secondary,no,685,yes,no,cellular,yes
8791,31,technician,single,secondary,no,31868,no,no,telephone,no
8792,26,admin.,single,tertiary,no,313,no,yes,cellular,yes
8793,59,entrepreneur,married,primary,no,0,no,no,unknown,no
8794,54,management,divorced,secondary,no,300,yes,no,cellular,yes
8795,38,housemaid,married,primary,no,3918,no,no,cellular,no
8796,29,technician,single,tertiary,no,2178,no,no,cellular,yes
8797,41,blue-collar,single,primary,no,22,yes,no,unknown,no
8798,31,technician,married,tertiary,no,3382,no,no,cellular,yes
8799,56,management,married,tertiary,no,-6,no,no,telephone,no
8800,30,self-employed,married,tertiary,no,2666,no,no,cellular,yes
8801,29,admin.,single,tertiary,no,8,no,yes,cellular,no
8802,50,technician,married,tertiary,no,3117,no,no,cellular,no
8803,27,admin.,single,secondary,no,125,no,no,cellular,no
8804,59,retired,married,secondary,no,2396,no,no,cellular,yes
8805,37,blue-collar,single,secondary,no,133,yes,no,cellular,yes
8806,35,blue-collar,married,secondary,no,667,yes,no,cellular,no
8807,25,admin.,married,unknown,no,349,yes,no,cellular,yes
8808,60,retired,married,secondary,no,8590,no,no,unknown,no
8809,53,admin.,married,secondary,no,578,no,no,cellular,no
8810,41,blue-collar,married,primary,no,4,no,no,cellular,no
8811,39,management,divorced,tertiary,no,224,no,no,cellular,yes
8812,37,blue-collar,married,primary,no,157,yes,no,unknown,no
8813,60,technician,married,primary,no,4243,yes,no,cellular,no
8814,52,unemployed,married,secondary,no,1416,no,no,cellular,yes
8815,25,blue-collar,married,secondary,no,758,yes,no,unknown,no
8816,41,blue-collar,married,primary,no,-441,yes,no,cellular,no
8817,46,management,married,tertiary,no,110,yes,yes,cellular,no
8818,49,admin.,single,tertiary,no,228,yes,no,cellular,yes
8819,48,services,married,secondary,no,1573,no,no,cellular,no
8820,29,management,single,tertiary,no,2531,no,no,cellular,yes
8821,41,self-employed,married,secondary,yes,0,yes,no,cellular,yes
8822,43,technician,married,secondary,no,3288,yes,no,cellular,yes
8823,31,admin.,single,secondary,no,626,yes,no,unknown,no
8824,26,self-employed,single,tertiary,no,168,no,no,cellular,yes
8825,39,entrepreneur,married,tertiary,yes,-172,yes,no,cellular,yes
8826,41,management,married,tertiary,no,-195,no,yes,cellular,no
8827,32,services,single,secondary,no,0,no,yes,cellular,no
8828,43,blue-collar,married,primary,no,18,yes,no,cellular,no
8829,43,technician,married,primary,no,4844,yes,no,cellular,no
8830,45,management,divorced,secondary,no,644,yes,no,unknown,yes
8831,39,unemployed,single,tertiary,no,7,yes,no,cellular,yes
8832,34,blue-collar,married,secondary,no,496,yes,no,cellular,yes
8833,29,management,single,tertiary,no,265,no,no,cellular,yes
8834,54,management,married,tertiary,no,534,no,no,cellular,yes
8835,32,self-employed,married,tertiary,no,1423,no,no,cellular,yes
8836,43,management,divorced,secondary,no,51,no,no,cellular,yes
8837,47,housemaid,divorced,primary,no,61,no,no,cellular,no
8838,39,management,divorced,tertiary,no,3261,yes,no,unknown,no
8839,38,admin.,married,tertiary,no,1988,no,no,cellular,yes
8840,39,admin.,divorced,secondary,no,1,no,yes,cellular,no
8841,39,management,single,tertiary,no,2454,yes,no,cellular,yes
8842,30,services,single,secondary,no,101,yes,no,cellular,no
8843,32,admin.,married,secondary,no,995,no,no,cellular,yes
8844,60,housemaid,divorced,secondary,no,387,yes,no,unknown,no
8845,35,technician,single,tertiary,no,33,no,no,cellular,no
8846,41,technician,single,tertiary,no,1646,yes,no,cellular,yes
8847,35,blue-collar,married,secondary,no,5639,yes,no,cellular,yes
8848,55,blue-collar,married,primary,no,158,yes,no,unknown,no
8849,32,technician,married,secondary,no,599,no,no,cellular,no
8850,36,services,married,secondary,no,52,yes,no,cellular,yes
8851,68,retired,married,tertiary,no,2820,no,no,cellular,yes
8852,50,technician,married,secondary,no,2218,yes,no,cellular,yes
8853,34,management,married,tertiary,no,3050,yes,no,cellular,yes
8854,56,admin.,single,secondary,no,4118,no,no,telephone,yes
8855,31,admin.,married,secondary,no,535,no,no,unknown,no
8856,21,student,single,unknown,no,1506,no,no,cellular,yes
8857,26,admin.,married,secondary,no,3415,no,no,cellular,yes
8858,44,housemaid,married,primary,yes,-972,yes,yes,unknown,no
8859,45,management,single,tertiary,no,2067,yes,no,cellular,yes
8860,37,self-employed,married,primary,no,0,no,no,unknown,no
8861,28,blue-collar,single,secondary,no,0,no,yes,cellular,no
8862,47,services,married,unknown,no,4822,yes,no,unknown,no
8863,31,technician,married,secondary,no,1173,yes,no,cellular,yes
8864,34,services,single,secondary,no,544,yes,no,unknown,no
8865,44,management,married,tertiary,no,4087,yes,no,unknown,no
8866,27,management,single,tertiary,no,3104,yes,no,unknown,no
8867,63,blue-collar,married,secondary,no,180,no,no,cellular,yes
8868,63,housemaid,married,primary,no,333,no,no,telephone,no
8869,59,blue-collar,married,secondary,no,1376,no,yes,unknown,no
8870,26,services,single,secondary,no,1114,no,no,cellular,no
8871,31,management,single,tertiary,no,2384,yes,no,cellular,no
8872,29,technician,single,secondary,no,1856,yes,yes,cellular,no
8873,49,management,divorced,tertiary,no,178,no,no,cellular,no
8874,40,unemployed,married,secondary,no,1077,yes,yes,cellular,no
8875,55,entrepreneur,divorced,secondary,no,538,yes,no,cellular,yes
8876,43,management,divorced,tertiary,no,388,yes,no,unknown,yes
8877,29,technician,single,tertiary,no,615,yes,no,cellular,yes
8878,47,blue-collar,married,secondary,no,1230,yes,no,cellular,yes
8879,41,entrepreneur,single,primary,no,7264,no,yes,unknown,no
8880,24,student,single,secondary,no,1250,no,no,cellular,yes
8881,47,blue-collar,married,primary,no,2749,yes,no,cellular,yes
8882,38,management,married,tertiary,no,536,yes,no,cellular,yes
8883,33,management,married,tertiary,no,1195,yes,no,telephone,no
8884,54,housemaid,single,secondary,no,1213,no,no,cellular,yes
8885,47,admin.,married,secondary,no,1210,no,no,cellular,yes
8886,46,blue-collar,divorced,secondary,no,1074,yes,no,cellular,no
8887,51,blue-collar,married,primary,no,216,yes,no,cellular,no
8888,49,management,married,tertiary,no,1311,yes,no,cellular,yes
8889,53,admin.,married,secondary,no,53,yes,no,cellular,yes
8890,37,technician,single,secondary,no,-59,yes,no,cellular,no
8891,31,management,married,tertiary,no,459,no,no,cellular,no
8892,49,blue-collar,married,secondary,no,1127,yes,yes,cellular,no
8893,44,management,single,tertiary,no,709,yes,no,cellular,no
8894,48,entrepreneur,married,tertiary,yes,-392,no,no,cellular,yes
8895,31,entrepreneur,divorced,secondary,no,290,yes,no,cellular,no
8896,41,technician,married,secondary,no,0,no,no,cellular,no
8897,24,student,single,secondary,no,493,yes,no,cellular,no
8898,53,admin.,divorced,secondary,no,592,yes,no,unknown,no
8899,32,blue-collar,single,secondary,no,1036,yes,yes,unknown,no
8900,59,technician,divorced,secondary,no,2595,yes,no,cellular,no
8901,31,technician,single,tertiary,no,279,yes,no,unknown,no
8902,53,management,divorced,tertiary,no,2679,no,no,cellular,yes
8903,31,services,single,secondary,no,671,yes,no,unknown,no
8904,61,retired,married,primary,no,296,yes,yes,unknown,no
8905,33,management,single,tertiary,no,2360,yes,no,cellular,no
8906,25,admin.,single,tertiary,no,760,yes,no,cellular,yes
8907,46,admin.,married,secondary,no,660,no,no,cellular,yes
8908,71,retired,married,primary,no,2600,no,no,cellular,yes
8909,35,admin.,married,secondary,no,3854,yes,no,cellular,no
8910,38,admin.,married,secondary,no,47,yes,yes,cellular,no
8911,49,management,married,secondary,no,1623,yes,no,cellular,yes
8912,38,services,divorced,secondary,no,446,yes,no,unknown,no
8913,25,student,single,secondary,no,125,no,no,cellular,yes
8914,42,blue-collar,married,secondary,no,273,no,no,unknown,no
8915,31,services,single,secondary,no,-475,yes,no,telephone,no
8916,58,retired,married,unknown,no,9004,no,no,cellular,yes
8917,47,entrepreneur,married,unknown,no,1481,yes,no,cellular,no
8918,67,retired,married,secondary,no,2048,no,no,cellular,yes
8919,52,technician,married,secondary,no,851,no,no,unknown,no
8920,34,management,single,tertiary,no,9827,yes,no,cellular,yes
8921,27,blue-collar,married,secondary,no,-59,no,yes,cellular,no
8922,54,management,married,tertiary,no,2819,no,no,cellular,no
8923,33,management,married,tertiary,no,455,yes,yes,unknown,no
8924,52,management,single,tertiary,no,4,no,yes,cellular,no
8925,49,management,divorced,tertiary,no,300,no,no,cellular,yes
8926,26,admin.,single,tertiary,no,313,no,yes,cellular,yes
8927,30,management,single,tertiary,no,277,yes,no,cellular,no
8928,40,management,divorced,tertiary,no,205,no,no,cellular,no
8929,36,entrepreneur,married,secondary,no,2971,no,no,cellular,yes
8930,53,services,married,primary,no,8918,yes,no,telephone,no
8931,50,management,divorced,tertiary,no,60,no,no,cellular,no
8932,26,management,single,tertiary,no,114,yes,no,cellular,yes
8933,31,admin.,married,secondary,no,54,yes,no,cellular,no
8934,41,entrepreneur,married,primary,no,0,no,no,cellular,yes
8935,33,technician,married,secondary,no,264,no,no,cellular,no
8936,33,student,married,secondary,no,1536,no,no,cellular,yes
8937,42,management,divorced,unknown,no,7702,no,no,cellular,yes
8938,33,admin.,married,secondary,no,1077,yes,no,cellular,no
8939,34,entrepreneur,married,secondary,no,1368,yes,no,cellular,no
8940,41,blue-collar,married,secondary,no,849,yes,yes,cellular,no
8941,31,services,married,secondary,no,418,yes,yes,cellular,no
8942,31,services,married,secondary,no,1783,yes,yes,cellular,no
8943,39,admin.,single,secondary,no,2749,yes,no,cellular,no
8944,51,management,married,tertiary,no,0,yes,yes,cellular,no
8945,46,self-employed,single,secondary,no,526,no,no,cellular,yes
8946,33,services,married,secondary,no,114,no,yes,unknown,yes
8947,38,unemployed,divorced,secondary,no,189,yes,yes,cellular,no
8948,26,services,single,secondary,no,901,yes,no,unknown,yes
8949,54,admin.,divorced,secondary,no,1693,no,no,cellular,yes
8950,54,management,divorced,tertiary,no,7010,no,no,cellular,no
8951,31,unknown,married,secondary,no,3,no,no,cellular,no
8952,33,management,single,tertiary,no,0,no,no,cellular,no
8953,27,blue-collar,married,secondary,no,0,yes,no,cellular,no
8954,26,management,single,tertiary,no,1438,no,no,cellular,yes
8955,63,technician,married,secondary,no,973,no,no,cellular,yes
8956,45,student,single,unknown,no,1527,no,no,cellular,yes
8957,33,entrepreneur,married,secondary,no,5809,yes,no,cellular,no
8958,52,blue-collar,married,secondary,no,1027,no,no,cellular,no
8959,39,technician,single,unknown,no,75,no,no,unknown,no
8960,65,admin.,married,secondary,no,952,no,no,cellular,yes
8961,33,technician,married,secondary,no,346,yes,yes,cellular,no
8962,42,housemaid,married,primary,yes,16,no,no,unknown,no
8963,26,blue-collar,married,secondary,no,246,yes,no,unknown,yes
8964,80,retired,married,secondary,no,173,no,no,cellular,no
8965,32,blue-collar,married,secondary,no,889,yes,no,cellular,yes
8966,31,unknown,married,tertiary,no,526,no,no,cellular,no
8967,40,technician,married,tertiary,no,1034,yes,no,cellular,no
8968,35,technician,married,tertiary,no,6,yes,no,cellular,no
8969,41,blue-collar,divorced,secondary,no,3,yes,no,cellular,no
8970,58,retired,married,primary,no,1980,no,no,cellular,yes
8971,34,technician,married,secondary,no,260,yes,no,cellular,no
8972,63,admin.,married,secondary,no,0,yes,no,cellular,yes
8973,48,blue-collar,married,primary,no,456,yes,yes,unknown,no
8974,31,technician,divorced,secondary,no,10787,yes,no,unknown,no
8975,26,management,single,tertiary,no,1720,no,no,cellular,no
8976,64,retired,divorced,primary,no,109,no,no,cellular,yes
8977,40,technician,married,secondary,no,-28,yes,yes,unknown,no
8978,55,technician,married,secondary,no,6958,yes,yes,unknown,no
8979,38,admin.,married,primary,no,1487,no,no,unknown,no
8980,45,management,divorced,tertiary,no,854,no,yes,cellular,yes
8981,44,management,married,tertiary,no,1791,no,no,cellular,yes
8982,32,blue-collar,single,primary,no,611,yes,no,unknown,yes
8983,35,technician,married,secondary,no,2201,no,no,telephone,yes
8984,32,admin.,single,secondary,no,555,yes,no,cellular,yes
8985,46,technician,married,secondary,no,792,no,no,unknown,no
8986,72,retired,married,primary,no,2304,no,no,telephone,yes
8987,42,technician,married,tertiary,no,1189,no,no,unknown,no
8988,38,self-employed,single,tertiary,no,605,no,no,telephone,yes
8989,37,blue-collar,single,secondary,no,5024,no,yes,cellular,yes
8990,35,admin.,single,tertiary,no,777,no,yes,cellular,no
8991,29,technician,single,secondary,no,5763,no,yes,cellular,no
8992,40,management,married,secondary,no,4025,yes,no,cellular,no
8993,32,services,married,secondary,no,201,yes,no,unknown,no
8994,48,entrepreneur,divorced,tertiary,no,0,yes,yes,unknown,no
8995,32,services,single,secondary,no,2881,no,no,cellular,yes
8996,28,blue-collar,single,secondary,no,-193,no,no,cellular,no
8997,54,management,married,primary,no,2587,no,no,cellular,yes
8998,30,admin.,married,secondary,no,39,yes,no,cellular,no
8999,34,services,married,secondary,no,1076,no,no,cellular,yes
9000,40,blue-collar,married,secondary,no,280,yes,no,cellular,no
9001,51,entrepreneur,married,unknown,no,606,yes,no,unknown,yes
9002,57,services,married,primary,no,443,no,no,telephone,no
9003,32,technician,married,secondary,no,367,yes,no,cellular,no
9004,43,technician,divorced,tertiary,no,101,no,no,cellular,no
9005,31,technician,single,secondary,no,628,yes,no,unknown,no
9006,37,technician,married,secondary,no,95,no,no,cellular,no
9007,29,admin.,single,secondary,no,3794,no,no,cellular,no
9008,57,housemaid,married,primary,no,2234,no,no,unknown,no
9009,36,entrepreneur,married,tertiary,no,2700,no,no,cellular,no
9010,55,admin.,married,tertiary,no,46,no,no,cellular,no
9011,35,management,married,tertiary,no,109,no,yes,cellular,no
9012,40,blue-collar,married,secondary,no,475,yes,no,unknown,no
9013,27,blue-collar,single,secondary,no,484,yes,no,cellular,no
9014,39,unemployed,married,primary,no,7005,yes,no,cellular,yes
9015,30,unemployed,single,tertiary,no,1159,no,no,telephone,yes
9016,51,technician,single,tertiary,no,11222,yes,no,cellular,no
9017,49,management,married,tertiary,no,3842,no,no,cellular,no
9018,26,student,single,tertiary,no,5169,yes,no,cellular,yes
9019,86,retired,married,primary,no,1255,no,no,telephone,yes
9020,78,retired,divorced,secondary,no,631,no,no,telephone,no
9021,44,blue-collar,single,secondary,no,0,no,no,cellular,yes
9022,51,management,single,tertiary,no,297,yes,no,cellular,yes
9023,55,management,married,tertiary,no,568,no,no,cellular,yes
9024,39,admin.,single,unknown,no,0,yes,no,cellular,no
9025,32,admin.,single,secondary,no,223,yes,yes,unknown,no
9026,48,technician,married,secondary,no,23495,no,no,cellular,no
9027,60,admin.,married,secondary,no,12980,no,no,cellular,yes
9028,38,technician,married,secondary,no,1478,no,no,cellular,yes
9029,33,management,married,tertiary,no,296,no,no,cellular,no
9030,72,retired,married,primary,no,0,no,no,cellular,no
9031,90,retired,divorced,primary,no,712,no,no,telephone,yes
9032,38,self-employed,divorced,secondary,no,2674,yes,no,unknown,no
9033,26,blue-collar,single,secondary,no,5005,no,yes,cellular,yes
9034,58,management,married,tertiary,no,1384,yes,no,cellular,yes
9035,38,blue-collar,single,primary,no,0,yes,no,cellular,no
9036,52,blue-collar,married,primary,no,1624,no,no,unknown,no
9037,30,technician,single,tertiary,no,53,no,no,cellular,yes
9038,33,technician,single,tertiary,no,34,no,no,cellular,no
9039,60,self-employed,married,primary,no,46,yes,no,unknown,no
9040,30,blue-collar,married,secondary,no,1131,yes,yes,cellular,no
9041,37,services,single,secondary,no,934,yes,no,unknown,no
9042,29,technician,married,secondary,no,273,no,no,cellular,yes
9043,31,management,single,tertiary,no,-160,yes,no,unknown,no
9044,48,management,married,tertiary,no,5320,yes,no,unknown,yes
9045,53,services,divorced,primary,no,3107,no,no,unknown,no
9046,54,retired,divorced,tertiary,no,0,no,no,unknown,yes
9047,36,management,divorced,tertiary,yes,36,no,no,cellular,yes
9048,51,technician,married,secondary,no,2937,no,no,telephone,no
9049,54,management,married,secondary,no,0,no,no,cellular,no
9050,53,services,married,unknown,no,257,yes,no,unknown,no
9051,47,management,married,primary,no,4151,yes,no,unknown,no
9052,33,technician,single,secondary,no,3499,yes,no,cellular,no
9053,45,technician,married,secondary,no,2403,no,no,cellular,no
9054,36,admin.,single,secondary,no,191,yes,no,cellular,no
9055,35,blue-collar,married,secondary,no,120,yes,no,unknown,no
9056,38,blue-collar,divorced,secondary,no,0,yes,no,cellular,yes
9057,38,housemaid,single,primary,no,199,yes,no,cellular,yes
9058,46,technician,divorced,secondary,no,1,yes,yes,unknown,no
9059,57,admin.,single,secondary,no,2223,no,no,cellular,yes
9060,42,technician,single,secondary,no,275,no,no,cellular,no
9061,30,unemployed,divorced,secondary,no,7105,no,no,cellular,yes
9062,47,entrepreneur,divorced,secondary,no,392,yes,yes,cellular,no
9063,53,blue-collar,married,secondary,no,25,no,no,cellular,yes
9064,35,management,single,tertiary,no,4348,yes,no,cellular,no
9065,47,blue-collar,married,secondary,no,-337,yes,yes,cellular,no
9066,45,unemployed,single,secondary,no,382,yes,yes,cellular,no
9067,52,technician,married,secondary,no,22755,yes,no,unknown,no
9068,44,services,divorced,secondary,no,206,yes,no,cellular,no
9069,37,self-employed,married,secondary,no,1549,yes,no,unknown,no
9070,57,entrepreneur,married,unknown,no,975,yes,yes,cellular,no
9071,31,admin.,single,secondary,no,4198,no,no,cellular,yes
9072,36,management,married,primary,no,1506,no,no,cellular,yes
9073,51,management,divorced,tertiary,no,119,no,no,cellular,no
9074,39,management,divorced,tertiary,no,1968,no,no,cellular,yes
9075,29,blue-collar,married,primary,no,544,no,yes,cellular,no
9076,31,self-employed,single,tertiary,no,17924,yes,no,cellular,yes
9077,37,student,single,unknown,no,444,no,no,cellular,yes
9078,33,management,single,tertiary,no,23,no,no,cellular,no
9079,44,admin.,single,secondary,no,1534,no,no,cellular,yes
9080,33,services,married,primary,no,6904,no,no,telephone,no
9081,63,self-employed,married,tertiary,no,661,no,no,cellular,no
9082,54,technician,single,tertiary,no,118,no,no,cellular,yes
9083,48,management,married,tertiary,no,2498,no,no,cellular,no
9084,34,admin.,married,secondary,no,79,yes,no,unknown,no
9085,63,housemaid,married,secondary,no,2,no,no,cellular,no
9086,34,technician,single,secondary,no,0,no,no,cellular,no
9087,37,technician,single,secondary,yes,375,no,no,unknown,no
9088,36,admin.,divorced,tertiary,no,4708,no,no,cellular,yes
9089,32,admin.,divorced,secondary,no,-273,yes,no,cellular,no
9090,48,blue-collar,married,primary,no,2227,no,no,cellular,no
9091,23,blue-collar,married,secondary,no,94,yes,no,unknown,no
9092,25,blue-collar,single,secondary,no,76,no,yes,cellular,no
9093,45,blue-collar,married,primary,no,61,no,no,cellular,no
9094,32,technician,married,unknown,no,102,yes,no,unknown,no
9095,72,retired,married,primary,no,2600,no,no,cellular,yes
9096,49,management,married,tertiary,no,2139,no,no,cellular,no
9097,33,management,married,tertiary,no,584,yes,no,cellular,no
9098,32,management,married,tertiary,no,2465,yes,yes,cellular,yes
9099,35,technician,married,secondary,no,0,yes,no,cellular,no
9100,34,management,married,tertiary,no,0,yes,no,unknown,no
9101,40,services,married,secondary,no,471,yes,no,cellular,yes
9102,39,blue-collar,single,secondary,no,1170,no,no,unknown,no
9103,32,admin.,single,secondary,no,1630,yes,no,cellular,no
9104,32,technician,married,secondary,no,616,yes,no,cellular,no
9105,50,management,married,tertiary,no,2366,no,no,cellular,yes
9106,56,entrepreneur,divorced,primary,no,29,no,no,cellular,no
9107,33,technician,single,secondary,no,719,yes,no,cellular,yes
9108,31,blue-collar,married,secondary,no,3364,yes,no,cellular,no
9109,34,technician,married,tertiary,no,127,no,no,cellular,yes
9110,36,blue-collar,divorced,primary,no,17,yes,no,cellular,no
9111,33,management,married,tertiary,no,55,no,no,cellular,yes
9112,25,technician,single,secondary,no,173,yes,no,cellular,no
9113,59,retired,married,secondary,no,374,no,no,cellular,no
9114,52,blue-collar,single,secondary,no,1541,yes,no,unknown,no
9115,59,technician,married,secondary,no,116,no,no,cellular,yes
9116,38,technician,married,secondary,no,183,yes,no,cellular,no
9117,57,management,married,tertiary,no,9103,no,yes,unknown,yes
9118,73,management,married,tertiary,no,1609,no,no,cellular,yes
9119,31,management,married,tertiary,no,84,no,yes,unknown,no
9120,56,blue-collar,married,secondary,no,1602,yes,no,unknown,no
9121,31,technician,married,tertiary,no,636,yes,no,cellular,yes
9122,46,admin.,married,secondary,no,5021,no,no,cellular,yes
9123,54,technician,married,secondary,no,3994,no,yes,cellular,yes
9124,46,technician,married,tertiary,no,0,no,no,cellular,yes
9125,38,technician,single,tertiary,no,25,yes,no,cellular,yes
9126,45,blue-collar,married,secondary,no,61,yes,no,unknown,yes
9127,57,entrepreneur,married,unknown,no,657,no,no,unknown,no
9128,33,admin.,married,secondary,no,1737,no,no,cellular,no
9129,27,admin.,married,tertiary,no,346,no,no,cellular,yes
9130,59,retired,single,secondary,no,351,yes,no,unknown,yes
9131,40,admin.,single,tertiary,no,1248,no,no,unknown,yes
9132,35,blue-collar,married,primary,no,4319,no,no,cellular,no
9133,33,services,married,secondary,no,703,no,no,cellular,no
9134,48,management,married,tertiary,no,291,yes,no,telephone,no
9135,27,admin.,married,secondary,no,16,yes,no,cellular,no
9136,39,services,single,secondary,no,403,yes,no,cellular,yes
9137,40,blue-collar,married,primary,no,104,yes,no,unknown,no
9138,35,admin.,divorced,secondary,no,437,yes,no,unknown,yes
9139,45,management,divorced,tertiary,no,6269,yes,no,cellular,no
9140,43,services,divorced,secondary,no,5571,no,no,unknown,no
9141,25,blue-collar,single,primary,no,-289,yes,no,telephone,no
9142,32,admin.,married,secondary,no,366,no,no,cellular,yes
9143,54,technician,married,secondary,no,114,no,no,cellular,yes
9144,26,admin.,single,secondary,no,712,yes,no,unknown,no
9145,20,student,single,primary,no,6991,no,no,cellular,yes
9146,79,retired,married,secondary,no,723,no,no,telephone,yes
9147,56,retired,married,secondary,no,878,no,no,unknown,no
9148,28,services,single,secondary,no,123,yes,no,cellular,no
9149,45,services,married,primary,no,7811,no,no,unknown,no
9150,30,technician,single,tertiary,no,3291,yes,no,unknown,yes
9151,34,blue-collar,married,secondary,no,320,yes,no,cellular,yes
9152,43,technician,single,unknown,no,11115,no,no,cellular,yes
9153,33,management,married,tertiary,no,0,yes,yes,cellular,no
9154,32,technician,married,secondary,no,2556,no,no,cellular,no
9155,41,blue-collar,married,primary,no,943,yes,no,unknown,no
9156,41,admin.,married,secondary,no,0,no,no,unknown,no
9157,30,technician,single,secondary,no,486,no,no,cellular,no
9158,54,management,single,secondary,no,602,no,no,cellular,no
9159,31,services,single,secondary,no,-45,no,no,unknown,no
9160,33,blue-collar,single,tertiary,no,700,no,no,cellular,yes
9161,51,admin.,divorced,secondary,no,520,no,yes,cellular,no
9162,30,admin.,married,secondary,no,1265,yes,yes,unknown,yes
9163,45,blue-collar,married,primary,no,351,yes,no,unknown,no
9164,60,retired,married,secondary,no,1853,no,no,cellular,yes
9165,60,retired,married,secondary,no,0,yes,no,unknown,no
9166,23,student,single,secondary,no,1298,no,no,cellular,yes
9167,50,management,divorced,tertiary,no,405,no,no,cellular,no
9168,27,admin.,married,secondary,no,710,yes,yes,cellular,yes
9169,32,management,single,tertiary,no,4291,no,no,cellular,yes
9170,54,retired,single,primary,no,767,no,no,unknown,no
9171,27,blue-collar,single,secondary,no,3792,no,no,cellular,yes
9172,49,management,married,tertiary,no,7007,no,no,cellular,no
9173,41,retired,divorced,primary,no,-233,yes,no,unknown,yes
9174,36,blue-collar,married,primary,no,679,yes,yes,cellular,no
9175,52,management,divorced,tertiary,no,2104,no,no,cellular,yes
9176,35,technician,married,secondary,no,149,yes,no,cellular,no
9177,36,admin.,married,secondary,no,96,no,no,cellular,yes
9178,53,management,divorced,tertiary,no,2152,no,no,cellular,yes
9179,47,blue-collar,married,primary,no,304,yes,no,unknown,no
9180,44,management,married,tertiary,no,2383,no,no,cellular,yes
9181,23,technician,single,secondary,no,-782,yes,yes,unknown,no
9182,30,services,single,secondary,no,-100,yes,yes,cellular,no
9183,35,self-employed,married,secondary,no,188,yes,yes,unknown,yes
9184,65,housemaid,married,primary,no,715,no,no,cellular,yes
9185,46,entrepreneur,married,secondary,no,3317,no,no,cellular,no
9186,42,blue-collar,married,secondary,no,3,yes,no,cellular,no
9187,59,management,divorced,tertiary,no,0,no,no,telephone,no
9188,41,services,married,secondary,no,-140,no,yes,unknown,no
9189,50,housemaid,married,secondary,no,388,no,no,cellular,no
9190,32,technician,single,secondary,no,540,no,yes,cellular,yes
9191,39,entrepreneur,married,secondary,no,0,no,no,cellular,no
9192,41,technician,married,secondary,no,871,yes,no,unknown,no
9193,20,student,single,tertiary,no,2764,yes,no,unknown,no
9194,52,management,married,secondary,no,173,no,no,unknown,no
9195,38,blue-collar,married,primary,no,190,yes,no,telephone,yes
9196,60,blue-collar,married,primary,no,5,no,no,cellular,yes
9197,42,blue-collar,married,primary,no,803,yes,no,unknown,no
9198,50,entrepreneur,married,tertiary,no,230,no,no,telephone,yes
9199,47,entrepreneur,married,tertiary,no,0,no,no,cellular,yes
9200,53,admin.,married,secondary,no,10541,no,no,cellular,yes
9201,35,housemaid,married,primary,no,113,yes,no,cellular,yes
9202,30,blue-collar,married,primary,no,5,no,no,cellular,yes
9203,25,technician,single,secondary,no,7103,yes,no,cellular,yes
9204,43,admin.,married,secondary,no,315,no,no,cellular,no
9205,33,student,single,unknown,no,2321,no,no,cellular,no
9206,22,student,single,secondary,no,948,no,no,telephone,yes
9207,31,technician,single,secondary,no,40,no,no,cellular,no
9208,70,retired,married,primary,no,2795,no,no,cellular,yes
9209,43,management,divorced,tertiary,no,1133,yes,no,cellular,no
9210,57,services,divorced,secondary,no,-752,yes,no,unknown,no
9211,52,blue-collar,married,primary,no,4793,yes,no,unknown,no
9212,33,management,married,tertiary,no,250,no,no,cellular,yes
9213,49,services,married,primary,no,1830,yes,no,cellular,yes
9214,42,management,married,tertiary,no,36,no,no,cellular,yes
9215,35,technician,divorced,secondary,no,84,yes,yes,cellular,yes
9216,52,unemployed,married,primary,no,1724,no,no,cellular,no
9217,33,management,single,tertiary,no,576,no,no,cellular,no
9218,33,management,married,tertiary,no,3301,yes,no,cellular,no
9219,47,admin.,single,secondary,no,3696,no,no,cellular,yes
9220,38,unemployed,married,primary,no,7005,yes,no,cellular,yes
9221,30,technician,single,secondary,no,-754,yes,yes,unknown,no
9222,37,technician,married,tertiary,no,549,no,no,cellular,yes
9223,59,blue-collar,married,secondary,no,2605,no,no,cellular,no
9224,49,services,married,secondary,no,1377,yes,no,unknown,no
9225,52,services,married,primary,no,911,no,no,unknown,no
9226,48,blue-collar,married,secondary,no,238,yes,yes,cellular,no
9227,33,self-employed,single,tertiary,no,94,yes,no,cellular,yes
9228,51,management,married,tertiary,no,0,no,no,unknown,yes
9229,27,unemployed,single,tertiary,no,3060,no,no,cellular,no
9230,61,management,single,tertiary,no,2,no,no,cellular,yes
9231,32,blue-collar,married,primary,no,1518,yes,no,telephone,no
9232,42,technician,divorced,tertiary,no,802,no,no,telephone,no
9233,48,blue-collar,married,primary,no,5366,yes,no,unknown,no
9234,40,management,married,tertiary,no,2763,yes,no,cellular,yes
9235,39,services,married,secondary,no,93,yes,no,cellular,no
9236,58,blue-collar,married,primary,no,3109,no,no,cellular,yes
9237,36,management,married,tertiary,no,8564,yes,no,unknown,no
9238,50,management,married,unknown,no,8345,no,no,cellular,yes
9239,28,blue-collar,single,secondary,no,1011,yes,no,cellular,no
9240,31,management,married,tertiary,no,131,no,no,cellular,yes
9241,25,management,single,tertiary,no,1317,no,no,cellular,yes
9242,40,self-employed,married,secondary,no,1516,yes,yes,unknown,no
9243,49,self-employed,married,secondary,no,2061,yes,yes,unknown,no
9244,50,self-employed,married,secondary,no,1138,no,no,cellular,no
9245,39,management,married,tertiary,no,0,no,no,cellular,no
9246,50,technician,married,secondary,no,2497,yes,no,cellular,no
9247,42,technician,divorced,secondary,no,0,yes,no,unknown,no
9248,44,entrepreneur,divorced,secondary,no,1,no,no,cellular,no
9249,43,management,married,tertiary,no,-183,no,no,cellular,no
9250,41,management,married,tertiary,no,0,yes,no,cellular,yes
9251,52,management,married,secondary,no,189,no,no,cellular,no
9252,34,admin.,married,secondary,no,155,no,no,cellular,yes
9253,37,blue-collar,divorced,secondary,no,316,yes,no,unknown,yes
9254,43,management,divorced,tertiary,no,3578,no,no,cellular,no
9255,53,services,married,secondary,no,2925,yes,no,unknown,no
9256,42,management,married,tertiary,no,0,no,no,cellular,no
9257,53,blue-collar,divorced,primary,no,4222,no,no,unknown,no
9258,29,blue-collar,single,tertiary,no,455,no,no,telephone,yes
9259,66,management,married,secondary,no,587,no,no,cellular,yes
9260,49,services,married,unknown,no,463,yes,no,telephone,no
9261,29,admin.,divorced,tertiary,yes,0,no,yes,cellular,yes
9262,46,management,married,secondary,no,0,no,no,unknown,no
9263,47,blue-collar,single,unknown,no,2443,no,no,unknown,no
9264,60,retired,married,secondary,no,5632,yes,no,cellular,no
9265,33,blue-collar,married,secondary,no,0,yes,yes,cellular,no
9266,53,technician,married,unknown,no,2242,no,no,cellular,no
9267,40,services,divorced,secondary,no,694,yes,no,cellular,no
9268,35,management,single,tertiary,no,3544,yes,no,cellular,yes
9269,24,unemployed,single,secondary,no,2573,no,no,cellular,yes
9270,30,blue-collar,married,secondary,no,309,yes,no,unknown,yes
9271,62,retired,married,primary,no,1084,no,no,cellular,yes
9272,38,technician,married,tertiary,no,4383,no,no,cellular,yes
9273,26,technician,single,secondary,no,44,no,no,cellular,yes
9274,31,management,married,tertiary,no,3914,no,yes,cellular,no
9275,41,management,married,tertiary,no,223,yes,no,unknown,no
9276,66,management,married,unknown,no,2149,yes,no,cellular,no
9277,28,student,single,unknown,no,78,no,no,cellular,yes
9278,41,self-employed,married,unknown,no,1377,yes,no,cellular,no
9279,29,admin.,married,secondary,no,252,yes,no,cellular,no
9280,35,blue-collar,single,primary,no,21,yes,no,unknown,no
9281,43,admin.,single,secondary,no,6,no,no,cellular,no
9282,41,technician,married,secondary,no,1043,yes,yes,unknown,no
9283,30,technician,single,secondary,no,3286,yes,no,cellular,yes
9284,41,blue-collar,married,primary,no,865,no,yes,unknown,no
9285,29,student,single,unknown,no,10332,no,no,cellular,yes
9286,38,technician,divorced,secondary,no,-397,yes,yes,cellular,no
9287,36,admin.,married,secondary,no,0,yes,yes,cellular,no
9288,37,management,single,tertiary,no,10269,yes,no,cellular,no
9289,46,blue-collar,married,secondary,no,-27,yes,no,cellular,no
9290,68,retired,married,secondary,no,2469,yes,no,telephone,yes
9291,44,technician,single,tertiary,no,643,no,no,cellular,yes
9292,34,blue-collar,single,primary,no,-109,yes,no,cellular,yes
9293,35,management,single,secondary,no,73,yes,no,unknown,no
9294,59,housemaid,married,secondary,no,454,no,no,cellular,no
9295,26,management,single,tertiary,no,2786,no,no,cellular,yes
9296,70,retired,divorced,primary,no,482,no,no,telephone,yes
9297,40,housemaid,married,primary,no,0,no,no,cellular,no
9298,73,retired,divorced,primary,no,2308,no,no,telephone,yes
9299,59,retired,divorced,primary,no,217,yes,no,unknown,no
9300,32,services,single,tertiary,no,945,no,no,cellular,yes
9301,43,self-employed,married,primary,no,66,yes,no,unknown,no
9302,52,admin.,single,secondary,no,726,yes,no,cellular,yes
9303,23,student,single,tertiary,no,113,no,no,cellular,yes
9304,42,technician,married,unknown,no,1559,no,no,cellular,yes
9305,24,student,single,tertiary,no,235,no,no,cellular,yes
9306,52,management,married,tertiary,no,575,no,no,unknown,no
9307,27,services,single,secondary,no,1820,yes,no,cellular,yes
9308,45,management,married,tertiary,no,226,yes,no,cellular,yes
9309,41,technician,single,tertiary,no,1646,yes,no,cellular,yes
9310,42,management,married,tertiary,no,687,no,no,cellular,no
9311,53,technician,married,secondary,no,6831,no,no,cellular,yes
9312,54,blue-collar,married,primary,no,2933,yes,no,unknown,no
9313,48,self-employed,single,unknown,no,0,no,no,unknown,no
9314,55,services,married,tertiary,no,606,no,yes,cellular,no
9315,40,admin.,divorced,secondary,no,220,yes,no,cellular,no
9316,47,admin.,married,secondary,no,3070,no,no,cellular,yes
9317,31,management,single,tertiary,no,12857,yes,no,telephone,yes
9318,27,technician,single,tertiary,no,11862,no,no,telephone,no
9319,25,student,single,secondary,no,154,no,no,cellular,yes
9320,60,services,divorced,secondary,no,758,no,no,cellular,no
9321,47,blue-collar,married,secondary,no,2128,yes,no,telephone,no
9322,33,admin.,married,secondary,no,920,no,no,cellular,no
9323,44,admin.,married,secondary,no,205,no,no,cellular,yes
9324,30,management,single,tertiary,no,617,no,no,cellular,yes
9325,32,self-employed,single,tertiary,no,1249,yes,no,cellular,yes
9326,27,blue-collar,single,secondary,no,5563,yes,no,unknown,no
9327,41,technician,divorced,secondary,no,1545,no,yes,cellular,no
9328,51,management,married,tertiary,no,656,yes,no,cellular,no
9329,52,housemaid,married,primary,no,256,no,no,cellular,no
9330,54,admin.,married,secondary,no,0,yes,yes,cellular,no
9331,36,admin.,single,tertiary,no,364,no,yes,cellular,yes
9332,31,management,single,tertiary,no,12857,yes,no,cellular,yes
9333,41,retired,single,primary,no,2579,no,no,cellular,no
9334,44,self-employed,married,primary,no,0,no,no,cellular,no
9335,53,management,married,tertiary,no,5261,no,yes,cellular,no
9336,31,admin.,married,secondary,no,8784,yes,no,unknown,no
9337,33,blue-collar,married,secondary,no,370,yes,no,cellular,no
9338,44,management,married,tertiary,no,22,yes,no,cellular,no
9339,46,admin.,married,secondary,no,659,yes,no,telephone,yes
9340,33,services,married,secondary,no,3444,yes,no,telephone,yes
9341,32,admin.,married,secondary,no,684,yes,no,cellular,yes
9342,32,management,married,tertiary,no,141,yes,no,cellular,no
9343,58,services,married,primary,no,65,no,no,unknown,no
9344,38,management,single,tertiary,no,1704,no,no,cellular,no
9345,31,management,single,tertiary,no,0,no,no,cellular,no
9346,50,technician,married,secondary,no,778,no,no,cellular,no
9347,82,retired,married,secondary,no,121,no,no,telephone,yes
9348,42,technician,divorced,secondary,no,1689,yes,no,cellular,no
9349,36,management,divorced,tertiary,no,14930,no,no,cellular,no
9350,56,technician,divorced,secondary,no,1561,no,no,cellular,no
9351,31,admin.,married,secondary,no,941,yes,no,cellular,no
9352,34,services,divorced,secondary,no,1281,no,no,cellular,no
9353,30,blue-collar,single,primary,no,395,no,no,cellular,no
9354,44,unemployed,married,secondary,yes,-505,yes,no,unknown,no
9355,26,technician,single,tertiary,no,11862,no,no,cellular,yes
9356,30,technician,single,tertiary,no,0,yes,no,cellular,yes
9357,33,management,single,tertiary,no,1781,no,no,cellular,yes
9358,34,management,married,tertiary,no,101,no,no,cellular,no
9359,32,management,single,tertiary,no,2536,yes,no,cellular,yes
9360,32,unemployed,married,secondary,no,365,yes,no,cellular,no
9361,69,retired,married,primary,no,2346,no,no,cellular,yes
9362,34,management,married,tertiary,no,63,no,no,cellular,no
9363,53,admin.,divorced,secondary,no,0,yes,yes,cellular,no
9364,44,self-employed,single,tertiary,no,2734,yes,no,cellular,yes
9365,36,admin.,married,secondary,no,1031,no,no,cellular,yes
9366,57,management,married,tertiary,no,372,no,no,cellular,yes
9367,61,blue-collar,divorced,primary,no,1428,yes,no,unknown,no
9368,56,blue-collar,married,secondary,no,1210,no,no,unknown,yes
9369,57,management,married,tertiary,yes,1218,yes,no,cellular,no
9370,46,management,married,tertiary,no,0,no,no,cellular,yes
9371,48,technician,married,primary,no,235,no,no,cellular,yes
9372,48,services,divorced,secondary,no,-276,yes,yes,cellular,yes
9373,45,management,married,tertiary,no,904,yes,yes,unknown,no
9374,85,retired,divorced,primary,no,7613,no,no,cellular,yes
9375,44,blue-collar,married,secondary,no,0,no,no,cellular,yes
9376,49,blue-collar,married,secondary,no,134,yes,yes,unknown,no
9377,31,management,single,tertiary,no,354,no,no,cellular,yes
9378,30,admin.,single,tertiary,no,311,no,no,cellular,yes
9379,33,services,divorced,secondary,no,1117,no,no,cellular,yes
9380,39,unemployed,divorced,secondary,no,265,yes,no,unknown,yes
9381,35,blue-collar,married,primary,no,623,yes,no,cellular,no
9382,40,blue-collar,married,primary,no,2171,yes,no,unknown,no
9383,40,management,married,tertiary,no,423,yes,no,cellular,no
9384,39,blue-collar,single,tertiary,no,172,yes,no,cellular,yes
9385,54,unknown,married,secondary,no,2206,no,no,cellular,yes
9386,24,services,single,secondary,no,11,yes,no,unknown,no
9387,33,admin.,married,secondary,no,30,yes,no,telephone,no
9388,54,retired,married,secondary,no,1371,no,no,telephone,yes
9389,38,self-employed,divorced,secondary,no,0,yes,no,cellular,no
9390,27,management,single,tertiary,no,446,no,no,cellular,no
9391,57,technician,married,primary,no,0,no,no,unknown,no
9392,25,management,single,secondary,no,1272,yes,no,cellular,no
9393,33,management,married,tertiary,no,644,no,no,cellular,no
9394,27,technician,divorced,secondary,no,21,yes,no,cellular,no
9395,42,management,married,tertiary,no,877,yes,no,unknown,no
9396,38,technician,married,primary,no,217,yes,no,unknown,yes
9397,41,blue-collar,divorced,primary,no,0,no,no,cellular,yes
9398,36,admin.,married,unknown,no,991,no,no,cellular,yes
9399,29,management,single,tertiary,no,2955,no,no,cellular,yes
9400,48,management,married,tertiary,no,263,yes,no,unknown,no
9401,25,student,single,secondary,no,469,no,no,cellular,no
9402,45,technician,married,secondary,no,1441,yes,no,cellular,no
9403,43,blue-collar,married,primary,no,377,no,yes,unknown,no
9404,36,blue-collar,married,primary,no,223,yes,no,unknown,no
9405,40,unemployed,married,secondary,no,1960,yes,no,unknown,yes
9406,26,blue-collar,single,tertiary,no,567,no,no,cellular,yes
9407,41,blue-collar,single,secondary,no,925,yes,no,telephone,no
9408,32,technician,married,secondary,no,3271,no,no,cellular,yes
9409,68,retired,married,tertiary,no,2812,no,no,cellular,yes
9410,29,management,married,tertiary,no,2417,yes,no,cellular,no
9411,35,management,single,tertiary,no,0,yes,no,unknown,no
9412,35,admin.,divorced,secondary,no,1085,no,no,cellular,yes
9413,35,technician,single,secondary,no,344,no,no,cellular,yes
9414,46,blue-collar,single,tertiary,no,460,yes,no,unknown,yes
9415,39,management,married,tertiary,no,309,no,no,cellular,no
9416,39,self-employed,married,tertiary,no,-3058,yes,yes,cellular,yes
9417,31,blue-collar,married,secondary,no,625,yes,no,cellular,yes
9418,41,management,married,tertiary,no,254,no,no,cellular,yes
9419,45,technician,married,secondary,no,879,no,no,cellular,yes
9420,41,management,single,tertiary,no,0,no,no,cellular,no
9421,39,management,single,tertiary,no,0,yes,no,cellular,no
9422,26,blue-collar,single,primary,no,409,yes,no,cellular,yes
9423,38,management,married,tertiary,no,0,no,no,cellular,no
9424,50,technician,single,secondary,no,-97,yes,no,cellular,no
9425,38,admin.,married,secondary,no,0,yes,no,cellular,yes
9426,45,admin.,married,secondary,no,231,yes,no,unknown,no
9427,55,technician,divorced,tertiary,no,0,no,no,cellular,yes
9428,34,services,single,secondary,no,-30,no,no,cellular,yes
9429,41,technician,single,secondary,no,5329,no,no,cellular,yes
9430,37,management,married,tertiary,no,156,no,no,cellular,yes
9431,27,technician,single,tertiary,no,393,no,no,cellular,yes
9432,39,admin.,married,secondary,no,1388,yes,no,cellular,no
9433,45,technician,married,unknown,no,886,yes,no,cellular,no
9434,24,technician,married,secondary,no,556,yes,no,cellular,yes
9435,34,admin.,single,tertiary,no,18,yes,yes,cellular,yes
9436,44,blue-collar,married,secondary,no,879,yes,no,cellular,no
9437,31,blue-collar,single,tertiary,no,761,no,no,telephone,yes
9438,42,admin.,single,secondary,no,4253,yes,no,cellular,no
9439,26,unemployed,single,tertiary,no,77,no,no,cellular,yes
9440,34,blue-collar,married,primary,no,425,yes,no,cellular,no
9441,25,services,single,secondary,no,1119,yes,no,cellular,yes
9442,38,management,single,tertiary,no,6836,yes,no,unknown,no
9443,25,self-employed,single,secondary,no,1242,yes,no,unknown,yes
9444,54,retired,married,primary,no,136,yes,no,cellular,no
9445,56,retired,married,primary,no,1906,no,yes,unknown,no
9446,27,blue-collar,single,secondary,yes,-27,no,no,unknown,yes
9447,33,blue-collar,married,secondary,yes,2,no,no,unknown,no
9448,46,management,single,tertiary,no,593,yes,no,cellular,no
9449,41,management,married,tertiary,no,15,no,no,unknown,no
9450,31,management,single,tertiary,no,0,yes,no,cellular,no
9451,32,management,married,tertiary,no,1331,no,no,cellular,yes
9452,50,management,married,secondary,no,2910,no,no,telephone,no
9453,60,retired,married,secondary,no,8332,no,no,cellular,yes
9454,60,management,divorced,secondary,no,0,no,no,cellular,yes
9455,51,blue-collar,divorced,secondary,no,734,yes,yes,cellular,no
9456,63,retired,married,secondary,no,2896,no,no,cellular,yes
9457,34,technician,married,secondary,no,484,no,no,unknown,no
9458,36,entrepreneur,married,tertiary,no,3057,no,no,unknown,yes
9459,26,management,single,tertiary,no,3944,yes,no,cellular,yes
9460,79,retired,married,secondary,no,668,no,no,telephone,yes
9461,34,blue-collar,married,secondary,no,1089,yes,no,cellular,yes
9462,43,services,single,secondary,no,21,no,no,cellular,no
9463,57,management,married,tertiary,no,2845,yes,no,telephone,yes
9464,52,retired,married,secondary,no,0,no,no,cellular,no
9465,49,management,married,tertiary,no,1167,yes,yes,cellular,yes
9466,37,management,married,tertiary,no,5355,no,no,telephone,yes
9467,50,self-employed,divorced,tertiary,no,13,yes,no,cellular,yes
9468,42,blue-collar,married,secondary,no,414,yes,no,cellular,no
9469,25,student,single,secondary,no,358,no,no,cellular,yes
9470,26,services,single,secondary,no,-481,yes,yes,cellular,no
9471,34,blue-collar,divorced,secondary,no,383,yes,no,unknown,yes
9472,31,blue-collar,single,secondary,no,609,yes,no,cellular,no
9473,31,management,married,tertiary,no,325,yes,no,cellular,yes
9474,28,student,single,secondary,no,2351,no,no,telephone,yes
9475,53,housemaid,married,primary,no,70,no,no,cellular,no
9476,43,management,single,tertiary,no,2067,yes,no,unknown,yes
9477,56,technician,married,secondary,no,589,yes,no,unknown,yes
9478,35,management,married,tertiary,no,867,yes,no,unknown,yes
9479,37,management,divorced,tertiary,no,1775,no,no,cellular,yes
9480,45,admin.,married,secondary,no,153,no,no,cellular,yes
9481,34,self-employed,married,secondary,no,-56,yes,no,unknown,no
9482,36,services,married,secondary,no,472,yes,no,unknown,no
9483,24,student,single,secondary,no,4126,no,no,cellular,yes
9484,33,admin.,single,tertiary,no,272,yes,no,cellular,yes
9485,39,blue-collar,married,secondary,no,0,yes,no,unknown,no
9486,26,services,single,secondary,no,397,no,no,cellular,no
9487,27,technician,married,secondary,no,-392,yes,no,cellular,yes
9488,78,retired,married,unknown,no,4807,no,no,telephone,yes
9489,35,blue-collar,married,primary,no,2490,yes,no,cellular,no
9490,29,blue-collar,married,secondary,no,104,yes,no,cellular,yes
9491,43,housemaid,single,primary,no,800,yes,no,cellular,yes
9492,59,retired,divorced,secondary,no,679,no,no,cellular,yes
9493,30,management,single,tertiary,no,552,yes,no,cellular,no
9494,36,technician,married,tertiary,no,571,yes,yes,cellular,no
9495,60,blue-collar,married,primary,no,228,yes,no,unknown,no
9496,34,housemaid,married,tertiary,no,677,no,no,cellular,no
9497,57,blue-collar,single,primary,no,3495,no,yes,cellular,no
9498,28,blue-collar,married,secondary,no,708,yes,no,unknown,no
9499,31,admin.,single,secondary,no,431,yes,yes,unknown,yes
9500,52,unemployed,divorced,secondary,no,230,no,no,cellular,yes
9501,25,management,single,tertiary,no,219,no,no,cellular,yes
9502,37,management,single,secondary,no,792,yes,no,unknown,yes
9503,57,blue-collar,married,secondary,no,6004,yes,no,cellular,no
9504,18,student,single,unknown,no,108,no,no,cellular,yes
9505,38,admin.,single,secondary,no,2470,no,no,telephone,yes
9506,40,blue-collar,married,secondary,no,2158,no,no,cellular,no
9507,43,blue-collar,married,secondary,no,1096,no,yes,unknown,no
9508,38,blue-collar,divorced,primary,no,0,yes,no,cellular,yes
9509,28,admin.,married,secondary,no,5,yes,no,cellular,no
9510,56,admin.,married,secondary,no,45,no,no,unknown,yes
9511,37,management,married,tertiary,no,355,no,no,cellular,no
9512,44,blue-collar,single,secondary,no,36,yes,no,unknown,no
9513,42,blue-collar,single,primary,no,92,no,no,cellular,no
9514,59,management,married,tertiary,no,1585,no,no,telephone,no
9515,34,management,married,tertiary,no,16,yes,no,telephone,yes
9516,45,blue-collar,single,primary,no,999,no,no,cellular,no
9517,38,admin.,married,primary,no,-175,yes,no,telephone,no
9518,33,technician,married,tertiary,no,1699,no,no,cellular,yes
9519,33,admin.,married,secondary,no,177,yes,no,cellular,no
9520,30,student,single,tertiary,no,3026,no,no,cellular,yes
9521,44,management,divorced,tertiary,yes,-411,yes,no,unknown,yes
9522,31,management,married,tertiary,no,156,no,no,cellular,yes
9523,37,technician,married,tertiary,no,88,no,no,cellular,yes
9524,33,admin.,single,tertiary,no,867,yes,no,cellular,no
9525,37,blue-collar,married,primary,no,2120,yes,no,cellular,yes
9526,57,management,married,tertiary,no,1410,yes,no,cellular,no
9527,56,management,married,tertiary,no,2366,yes,yes,cellular,no
9528,56,technician,married,secondary,no,147,no,no,cellular,no
9529,36,unemployed,married,secondary,no,439,yes,no,telephone,no
9530,48,management,divorced,tertiary,no,148,no,no,cellular,no
9531,57,entrepreneur,married,primary,no,1153,yes,yes,unknown,no
9532,28,technician,single,tertiary,no,3623,no,no,cellular,yes
9533,32,management,married,tertiary,no,6138,no,no,cellular,yes
9534,29,management,married,tertiary,no,7832,yes,no,unknown,no
9535,51,retired,married,primary,no,1495,no,no,telephone,yes
9536,35,technician,single,unknown,no,726,yes,no,cellular,no
9537,30,admin.,married,secondary,yes,23,no,yes,cellular,no
9538,36,blue-collar,married,primary,no,599,yes,no,unknown,yes
9539,31,management,married,tertiary,no,256,yes,no,cellular,no
9540,41,blue-collar,married,primary,no,0,yes,yes,unknown,no
9541,51,management,married,primary,no,98,yes,no,unknown,no
9542,41,admin.,divorced,secondary,no,1076,yes,no,cellular,no
9543,49,management,married,unknown,no,0,no,no,cellular,no
9544,53,management,married,tertiary,no,800,no,no,cellular,no
9545,33,technician,married,secondary,no,2044,yes,no,cellular,yes
9546,36,management,single,tertiary,no,1400,yes,no,cellular,yes
9547,32,technician,married,secondary,no,484,yes,no,cellular,yes
9548,40,admin.,single,secondary,no,664,no,no,cellular,yes
9549,53,management,single,tertiary,no,720,yes,no,unknown,no
9550,58,admin.,married,secondary,no,169,no,no,cellular,yes
9551,47,admin.,married,secondary,no,290,yes,no,cellular,yes
9552,47,technician,married,tertiary,yes,-813,yes,yes,unknown,no
9553,53,technician,married,tertiary,no,476,yes,no,cellular,no
9554,47,technician,married,secondary,no,644,no,no,telephone,no
9555,48,management,married,tertiary,no,2266,no,no,cellular,yes
9556,52,admin.,divorced,secondary,no,361,no,yes,cellular,no
9557,36,management,single,tertiary,no,538,no,no,cellular,yes
9558,50,admin.,married,secondary,no,4117,no,no,cellular,yes
9559,32,admin.,single,secondary,no,-32,no,no,cellular,no
9560,44,blue-collar,single,primary,no,287,no,no,cellular,no
9561,84,retired,married,secondary,no,81204,no,no,telephone,yes
9562,60,technician,married,secondary,no,259,no,no,cellular,yes
9563,35,services,married,secondary,no,0,yes,no,cellular,no
9564,38,management,married,unknown,no,1349,yes,no,unknown,no
9565,52,technician,married,tertiary,no,7,no,yes,unknown,no
9566,29,admin.,single,secondary,no,3528,no,no,cellular,yes
9567,31,admin.,single,tertiary,no,676,yes,no,cellular,yes
9568,71,retired,divorced,primary,no,275,no,no,cellular,yes
9569,40,admin.,married,secondary,no,0,yes,no,unknown,no
9570,54,services,married,unknown,no,386,no,yes,cellular,no
9571,32,technician,single,secondary,no,29,no,no,cellular,no
9572,44,entrepreneur,married,tertiary,no,624,no,no,telephone,yes
9573,45,services,married,secondary,no,27,yes,yes,cellular,no
9574,25,technician,single,secondary,no,139,no,yes,cellular,yes
9575,37,services,married,secondary,no,6089,yes,no,cellular,yes
9576,31,management,single,tertiary,no,147,no,no,cellular,yes
9577,34,admin.,married,tertiary,no,899,yes,no,unknown,yes
9578,32,technician,single,tertiary,no,703,yes,no,cellular,no
9579,36,blue-collar,single,primary,no,2176,yes,no,unknown,no
9580,33,technician,married,tertiary,no,4401,no,no,cellular,yes
9581,32,management,single,tertiary,no,41,no,no,cellular,yes
9582,31,blue-collar,single,secondary,no,33,yes,no,unknown,no
9583,25,technician,single,secondary,no,505,no,yes,cellular,yes
9584,32,technician,single,tertiary,no,550,no,no,cellular,yes
9585,35,management,single,tertiary,no,1228,no,no,cellular,yes
9586,27,student,single,tertiary,no,311,no,no,cellular,yes
9587,31,blue-collar,single,secondary,no,1205,yes,no,cellular,no
9588,61,retired,married,secondary,no,86,no,no,cellular,yes
9589,35,unemployed,single,tertiary,no,415,no,no,cellular,yes
9590,40,management,married,tertiary,no,1598,yes,yes,cellular,yes
9591,39,management,married,tertiary,no,756,yes,no,unknown,no
9592,53,blue-collar,married,primary,yes,-462,no,no,cellular,yes
9593,31,management,married,tertiary,no,81,yes,no,cellular,yes
9594,48,technician,divorced,tertiary,no,113,no,yes,cellular,no
9595,38,management,married,unknown,no,76,no,no,cellular,yes
9596,38,management,married,tertiary,no,119,yes,no,unknown,yes
9597,36,management,married,tertiary,no,-547,yes,no,cellular,no
9598,50,blue-collar,married,primary,no,71,yes,no,unknown,no
9599,42,unemployed,married,tertiary,no,0,no,no,cellular,no
9600,35,management,single,tertiary,no,5958,yes,no,cellular,yes
9601,26,technician,married,secondary,no,744,no,no,cellular,no
9602,31,management,single,tertiary,no,518,yes,no,cellular,no
9603,32,management,married,tertiary,no,393,no,no,cellular,no
9604,32,self-employed,married,tertiary,no,102,no,no,cellular,no
9605,48,management,married,tertiary,no,1147,no,no,cellular,yes
9606,43,management,married,tertiary,no,2987,no,no,cellular,yes
9607,55,management,married,tertiary,no,171,yes,no,cellular,no
9608,42,technician,single,tertiary,no,35,yes,yes,cellular,no
9609,44,blue-collar,married,primary,no,-101,yes,no,cellular,yes
9610,42,admin.,single,secondary,no,243,yes,no,unknown,no
9611,43,management,single,tertiary,no,1304,no,no,cellular,yes
9612,35,management,divorced,tertiary,no,434,yes,no,cellular,yes
9613,45,admin.,married,secondary,no,0,no,no,cellular,no
9614,41,blue-collar,married,secondary,no,203,no,no,cellular,yes
9615,53,technician,married,secondary,no,287,no,no,telephone,no
9616,41,unemployed,married,tertiary,no,0,no,no,cellular,yes
9617,54,management,married,secondary,yes,5249,yes,no,cellular,no
9618,35,technician,single,tertiary,no,670,no,no,cellular,yes
9619,50,admin.,divorced,secondary,yes,2405,yes,no,cellular,no
9620,34,management,single,tertiary,no,2555,yes,no,cellular,no
9621,30,admin.,married,secondary,no,590,no,no,cellular,no
9622,36,management,married,tertiary,no,4069,no,no,cellular,yes
9623,42,services,divorced,secondary,no,466,no,no,cellular,no
9624,57,retired,divorced,primary,no,720,no,no,telephone,yes
9625,36,blue-collar,divorced,secondary,no,719,yes,no,unknown,no
9626,40,technician,single,secondary,no,153,no,no,cellular,no
9627,39,management,married,tertiary,no,-190,no,yes,unknown,yes
9628,75,retired,married,primary,no,358,no,no,cellular,yes
9629,31,blue-collar,married,primary,no,292,yes,yes,unknown,no
9630,82,retired,married,primary,no,8603,no,no,cellular,yes
9631,28,services,single,secondary,no,340,yes,no,cellular,yes
9632,27,admin.,married,secondary,no,1293,yes,no,cellular,yes
9633,52,admin.,married,secondary,no,1113,no,yes,cellular,no
9634,33,blue-collar,married,primary,no,934,yes,no,unknown,no
9635,44,technician,married,secondary,no,1901,no,no,cellular,no
9636,33,technician,married,tertiary,no,6843,no,no,cellular,yes
9637,33,technician,single,secondary,no,1429,yes,no,cellular,yes
9638,43,blue-collar,married,primary,yes,1202,no,no,unknown,no
9639,55,blue-collar,married,secondary,no,3917,yes,no,cellular,yes
9640,26,student,single,secondary,no,0,no,no,cellular,yes
9641,53,management,divorced,tertiary,no,2894,yes,no,cellular,no
9642,24,blue-collar,single,secondary,yes,-203,yes,no,unknown,yes
9643,50,management,married,tertiary,no,0,no,no,cellular,no
9644,22,student,single,secondary,no,185,no,no,cellular,yes
9645,43,unemployed,married,secondary,no,0,yes,yes,cellular,yes
9646,45,management,married,tertiary,no,31472,no,no,cellular,yes
9647,46,technician,divorced,secondary,no,3455,yes,no,unknown,no
9648,57,management,married,tertiary,no,10583,no,no,cellular,yes
9649,35,technician,married,secondary,no,410,yes,no,cellular,no
9650,25,technician,single,secondary,no,102,no,yes,cellular,yes
9651,78,retired,married,unknown,no,4807,no,no,telephone,yes
9652,40,blue-collar,married,secondary,no,95,no,yes,unknown,no
9653,51,self-employed,married,secondary,no,95,yes,no,cellular,yes
9654,58,retired,divorced,unknown,no,5920,yes,no,cellular,no
9655,74,retired,divorced,secondary,no,4079,no,no,cellular,yes
9656,31,management,married,tertiary,no,10884,no,no,cellular,yes
9657,60,admin.,married,unknown,no,478,no,no,cellular,yes
9658,64,retired,married,primary,no,440,no,no,cellular,yes
9659,36,blue-collar,single,secondary,no,40,yes,no,cellular,yes
9660,37,technician,single,tertiary,no,0,no,no,unknown,yes
9661,33,technician,married,secondary,yes,72,yes,no,unknown,no
9662,34,self-employed,single,tertiary,no,5462,no,no,cellular,yes
9663,48,management,divorced,tertiary,no,17964,yes,no,cellular,yes
9664,52,technician,married,secondary,no,195,yes,no,cellular,yes
9665,63,retired,married,secondary,no,18016,no,no,cellular,yes
9666,60,management,divorced,primary,no,21,no,yes,telephone,no
9667,30,admin.,married,secondary,no,0,no,no,cellular,yes
9668,50,management,married,tertiary,no,67,no,yes,unknown,no
9669,62,management,married,secondary,no,4562,yes,no,cellular,yes
9670,37,management,married,tertiary,no,6771,no,no,cellular,yes
9671,55,entrepreneur,married,secondary,no,814,no,yes,cellular,no
9672,78,retired,married,primary,no,8556,no,no,telephone,yes
9673,48,management,married,tertiary,no,190,no,no,cellular,no
9674,50,management,married,tertiary,no,253,no,no,cellular,yes
9675,38,student,married,unknown,no,0,no,no,cellular,yes
9676,42,blue-collar,single,primary,no,4930,no,no,unknown,yes
9677,54,admin.,married,tertiary,no,59,yes,no,cellular,no
9678,54,technician,single,tertiary,no,467,yes,no,cellular,yes
9679,22,student,single,primary,no,3472,no,no,cellular,yes
9680,30,management,single,tertiary,no,502,no,no,cellular,yes
9681,30,management,single,tertiary,no,7845,yes,no,unknown,no
9682,29,management,single,tertiary,no,572,no,no,cellular,yes
9683,41,housemaid,married,primary,no,46,no,no,cellular,no
9684,32,management,married,secondary,no,1477,yes,no,cellular,no
9685,35,self-employed,married,secondary,no,347,no,no,unknown,no
9686,63,admin.,divorced,secondary,no,4680,no,no,cellular,yes
9687,32,self-employed,divorced,tertiary,no,3695,yes,no,cellular,no
9688,27,self-employed,single,tertiary,no,347,no,no,cellular,yes
9689,35,management,divorced,tertiary,no,859,yes,yes,cellular,yes
9690,29,technician,single,secondary,no,1395,yes,no,unknown,no
9691,46,management,single,tertiary,no,2223,no,no,unknown,no
9692,49,technician,single,secondary,no,-188,yes,yes,cellular,yes
9693,31,services,married,secondary,no,-414,yes,no,cellular,no
9694,51,management,married,tertiary,no,1394,yes,no,cellular,no
9695,51,admin.,divorced,secondary,no,2195,yes,no,unknown,no
9696,54,self-employed,single,tertiary,no,384,no,yes,cellular,yes
9697,42,unemployed,married,secondary,no,-165,yes,yes,unknown,no
9698,44,management,married,tertiary,no,17361,no,no,unknown,no
9699,43,blue-collar,married,primary,no,0,yes,no,unknown,no
9700,45,management,married,tertiary,no,242,no,no,cellular,yes
9701,28,technician,single,tertiary,no,2489,yes,no,telephone,yes
9702,77,retired,married,secondary,no,9601,no,no,telephone,yes
9703,32,management,single,tertiary,no,3,yes,no,cellular,yes
9704,27,unemployed,single,secondary,no,771,no,no,cellular,yes
9705,45,admin.,married,secondary,no,5346,yes,yes,unknown,yes
9706,34,management,married,tertiary,no,557,yes,no,cellular,no
9707,62,retired,married,secondary,no,1495,no,no,cellular,yes
9708,58,technician,married,secondary,no,86,no,no,cellular,no
9709,57,self-employed,married,secondary,no,2109,no,no,cellular,no
9710,28,technician,single,secondary,no,922,yes,no,cellular,no
9711,37,technician,married,primary,no,0,yes,no,unknown,no
9712,59,retired,divorced,tertiary,no,3444,no,no,cellular,yes
9713,36,technician,single,secondary,no,7503,yes,no,telephone,no
9714,40,blue-collar,married,unknown,no,87,yes,no,cellular,yes
9715,54,unknown,married,unknown,no,895,no,no,cellular,yes
9716,35,management,married,tertiary,no,2957,yes,yes,cellular,yes
9717,33,blue-collar,single,secondary,no,45,no,no,unknown,no
9718,48,blue-collar,married,secondary,no,558,yes,no,telephone,no
9719,39,management,married,tertiary,no,0,yes,no,cellular,yes
9720,35,admin.,single,secondary,no,-32,no,yes,cellular,yes
9721,48,blue-collar,married,primary,no,-254,no,yes,cellular,no
9722,32,blue-collar,single,tertiary,no,700,no,no,unknown,yes
9723,55,admin.,married,secondary,no,1662,no,no,cellular,yes
9724,42,technician,divorced,secondary,no,19,no,no,cellular,yes
9725,39,management,divorced,tertiary,no,2193,yes,yes,unknown,no
9726,41,management,married,tertiary,no,1468,yes,no,cellular,yes
9727,28,technician,married,secondary,no,742,no,no,cellular,yes
9728,34,blue-collar,married,primary,no,-78,yes,no,unknown,no
9729,34,services,married,secondary,no,40,yes,no,cellular,no
9730,39,management,single,secondary,no,2644,no,no,cellular,no
9731,35,technician,divorced,secondary,no,0,no,no,cellular,no
9732,52,services,divorced,primary,no,130,yes,no,unknown,no
9733,40,self-employed,married,secondary,no,0,yes,no,cellular,yes
9734,42,admin.,married,primary,no,-466,no,yes,telephone,no
9735,45,blue-collar,married,primary,no,1794,yes,no,unknown,no
9736,39,blue-collar,married,primary,no,332,yes,no,unknown,no
9737,36,management,single,tertiary,no,2944,no,no,cellular,yes
9738,39,entrepreneur,married,primary,no,437,yes,no,unknown,yes
9739,45,admin.,married,secondary,no,67,no,no,cellular,no
9740,26,student,single,tertiary,no,641,yes,no,cellular,no
9741,51,blue-collar,married,secondary,no,0,yes,no,unknown,no
9742,34,services,married,secondary,no,-315,yes,no,unknown,no
9743,45,management,married,secondary,yes,237,yes,no,cellular,no
9744,46,technician,married,secondary,no,3434,no,yes,cellular,yes
9745,46,admin.,married,tertiary,no,2552,no,no,cellular,yes
9746,38,services,married,secondary,no,-762,yes,yes,unknown,no
9747,37,admin.,married,secondary,no,0,yes,no,cellular,no
9748,42,technician,married,tertiary,no,446,no,no,cellular,no
9749,34,technician,married,unknown,no,4053,yes,no,unknown,no
9750,67,retired,single,tertiary,no,2144,no,no,telephone,yes
9751,59,services,married,secondary,no,-22,yes,no,unknown,yes
9752,45,services,married,unknown,no,318,no,no,cellular,no
9753,31,management,single,tertiary,no,2734,yes,no,cellular,yes
9754,47,management,divorced,tertiary,no,4556,yes,no,unknown,no
9755,41,self-employed,single,tertiary,no,-94,yes,no,cellular,yes
9756,29,blue-collar,married,secondary,no,-493,yes,no,cellular,yes
9757,41,admin.,married,secondary,no,14968,no,no,cellular,yes
9758,77,retired,married,primary,no,29340,no,no,cellular,yes
9759,38,blue-collar,divorced,secondary,no,0,yes,no,telephone,yes
9760,35,management,single,tertiary,no,2306,no,no,cellular,no
9761,37,technician,married,secondary,no,261,no,no,cellular,no
9762,56,services,married,secondary,no,9,no,yes,cellular,no
9763,60,retired,married,secondary,no,523,no,no,cellular,yes
9764,59,retired,married,secondary,no,5744,no,no,unknown,no
9765,30,self-employed,married,tertiary,no,2666,no,no,cellular,yes
9766,54,unknown,married,secondary,no,2206,no,no,cellular,yes
9767,59,management,married,secondary,no,1321,no,no,unknown,yes
9768,40,retired,married,secondary,no,102,no,no,cellular,no
9769,40,admin.,married,secondary,no,2574,yes,no,cellular,yes
9770,36,management,married,tertiary,no,1257,no,no,cellular,no
9771,25,blue-collar,single,primary,no,-221,yes,no,unknown,no
9772,42,management,married,tertiary,no,372,yes,no,cellular,yes
9773,52,management,married,tertiary,no,3634,no,no,cellular,yes
9774,25,blue-collar,single,secondary,no,-247,yes,no,cellular,yes
9775,35,management,single,tertiary,no,681,no,no,cellular,yes
9776,24,management,single,secondary,no,86,no,no,unknown,no
9777,29,admin.,single,secondary,no,1992,no,no,cellular,no
9778,41,blue-collar,married,secondary,no,1459,no,no,unknown,no
9779,28,technician,single,secondary,no,2000,no,no,telephone,no
9780,38,technician,married,unknown,no,573,yes,no,unknown,no
9781,60,management,married,tertiary,no,5041,no,no,telephone,yes
9782,45,entrepreneur,married,primary,no,488,yes,no,telephone,no
9783,28,student,single,tertiary,no,3733,yes,no,cellular,no
9784,52,blue-collar,married,primary,no,1271,no,no,cellular,no
9785,45,admin.,married,secondary,no,805,yes,no,unknown,no
9786,38,services,married,secondary,no,8876,no,no,cellular,no
9787,55,management,divorced,tertiary,no,2037,no,no,cellular,yes
9788,28,services,single,secondary,no,339,no,no,cellular,yes
9789,33,blue-collar,married,secondary,no,1464,yes,no,unknown,yes
9790,33,services,married,secondary,no,7,yes,no,unknown,no
9791,30,management,single,tertiary,no,147,no,no,cellular,yes
9792,49,services,married,tertiary,no,306,yes,no,cellular,no
9793,46,management,married,tertiary,no,349,no,no,cellular,yes
9794,35,admin.,married,secondary,no,-488,yes,no,unknown,no
9795,27,technician,married,secondary,no,876,yes,no,cellular,no
9796,40,management,married,tertiary,no,4381,no,no,telephone,no
9797,47,unemployed,married,secondary,no,312,no,no,cellular,yes
9798,31,blue-collar,married,secondary,no,435,yes,no,unknown,no
9799,36,services,single,secondary,no,-253,yes,no,cellular,yes
9800,54,housemaid,married,tertiary,no,2473,no,no,cellular,yes
9801,33,management,married,tertiary,no,1808,no,no,cellular,yes
9802,47,management,married,tertiary,no,274,no,yes,cellular,no
9803,33,technician,married,tertiary,no,1699,no,no,cellular,yes
9804,32,technician,single,secondary,no,483,no,no,cellular,yes
9805,29,technician,single,tertiary,no,2489,yes,no,cellular,yes
9806,59,blue-collar,married,primary,no,625,no,no,cellular,no
9807,47,admin.,married,secondary,no,3480,no,no,cellular,yes
9808,50,blue-collar,married,primary,no,106,no,no,cellular,no
9809,32,management,divorced,tertiary,no,294,yes,no,cellular,yes
9810,38,management,single,tertiary,no,8669,yes,no,telephone,no
9811,42,services,divorced,secondary,no,257,yes,no,cellular,yes
9812,28,technician,single,secondary,no,593,yes,no,unknown,no
9813,30,technician,married,secondary,no,384,no,no,cellular,no
9814,41,technician,married,secondary,no,1819,no,no,cellular,yes
9815,28,blue-collar,single,secondary,no,517,no,yes,cellular,yes
9816,25,services,married,secondary,no,10,yes,no,cellular,no
9817,50,technician,married,secondary,no,103,yes,no,unknown,no
9818,37,management,single,tertiary,no,600,yes,no,cellular,no
9819,55,management,single,tertiary,no,797,no,no,cellular,no
9820,34,services,single,tertiary,no,3119,no,no,cellular,yes
9821,54,management,married,secondary,no,1660,no,no,cellular,no
9822,46,management,married,tertiary,no,16,yes,no,cellular,no
9823,27,blue-collar,single,secondary,no,87,no,no,telephone,no
9824,33,services,married,secondary,no,403,yes,no,unknown,no
9825,23,technician,single,secondary,no,283,yes,no,cellular,yes
9826,50,entrepreneur,married,primary,no,199,no,no,cellular,no
9827,33,management,single,tertiary,no,1240,yes,no,cellular,no
9828,48,management,divorced,tertiary,no,700,yes,no,cellular,no
9829,42,admin.,married,secondary,no,12,yes,no,cellular,no
9830,43,blue-collar,married,secondary,no,1324,yes,no,telephone,no
9831,68,retired,married,secondary,no,19317,yes,no,cellular,yes
9832,44,admin.,divorced,secondary,no,777,yes,no,cellular,no
9833,28,unemployed,single,primary,no,236,no,no,cellular,yes
9834,36,admin.,single,unknown,no,1815,no,no,unknown,no
9835,30,management,single,tertiary,no,114,no,no,cellular,no
9836,54,services,married,unknown,no,386,no,yes,unknown,yes
9837,53,housemaid,married,primary,yes,945,no,no,cellular,no
9838,24,admin.,single,tertiary,no,-61,no,no,cellular,yes
9839,37,blue-collar,divorced,secondary,no,719,yes,no,cellular,no
9840,46,admin.,married,secondary,no,3098,yes,no,telephone,no
9841,27,blue-collar,single,secondary,no,3145,no,no,cellular,yes
9842,59,retired,married,primary,no,1115,no,no,unknown,yes
9843,25,blue-collar,single,secondary,no,84,yes,no,cellular,no
9844,79,retired,married,secondary,no,8304,no,no,cellular,yes
9845,34,management,divorced,secondary,no,291,no,no,cellular,no
9846,22,student,single,secondary,no,2488,no,no,cellular,yes
9847,45,admin.,married,secondary,no,6971,no,no,cellular,no
9848,31,student,single,secondary,no,1776,no,no,cellular,yes
9849,44,admin.,single,secondary,no,275,yes,no,cellular,no
9850,43,management,married,tertiary,no,8,no,no,cellular,no
9851,25,technician,single,tertiary,no,1231,no,no,cellular,yes
9852,46,self-employed,married,secondary,no,706,no,no,cellular,yes
9853,38,technician,married,secondary,no,20,no,no,cellular,no
9854,36,blue-collar,married,primary,no,871,yes,yes,telephone,no
9855,34,technician,married,secondary,no,0,yes,no,cellular,yes
9856,56,retired,married,secondary,no,5879,no,no,unknown,no
9857,29,blue-collar,married,primary,no,258,yes,no,unknown,no
9858,47,admin.,married,secondary,no,1265,no,no,cellular,no
9859,39,technician,single,secondary,no,15,yes,no,cellular,yes
9860,52,blue-collar,divorced,primary,yes,-183,yes,no,unknown,no
9861,51,blue-collar,married,secondary,no,7180,yes,no,unknown,yes
9862,37,technician,married,tertiary,no,127,yes,no,cellular,yes
9863,48,admin.,married,secondary,no,1131,no,yes,cellular,no
9864,50,unemployed,married,primary,no,705,no,no,unknown,yes
9865,37,admin.,married,secondary,no,2061,yes,yes,cellular,yes
9866,56,retired,divorced,tertiary,no,13094,no,no,cellular,yes
9867,30,admin.,single,secondary,no,69,yes,no,cellular,yes
9868,37,management,married,tertiary,no,393,yes,no,cellular,no
9869,44,services,divorced,secondary,no,51,yes,yes,unknown,yes
9870,35,management,married,tertiary,no,36,no,yes,cellular,yes
9871,28,student,single,tertiary,no,2306,no,no,cellular,no
9872,40,services,married,secondary,no,113,yes,no,unknown,no
9873,36,services,married,secondary,no,1177,yes,yes,cellular,no
9874,60,technician,married,secondary,no,316,no,no,cellular,yes
9875,49,self-employed,married,tertiary,no,503,yes,no,cellular,no
9876,49,blue-collar,married,secondary,no,102,no,no,cellular,no
9877,41,blue-collar,married,secondary,no,167,no,no,unknown,no
9878,30,management,single,tertiary,no,222,yes,no,cellular,no
9879,32,blue-collar,married,primary,no,388,yes,no,cellular,no
9880,37,technician,single,secondary,no,4,no,no,cellular,yes
9881,45,blue-collar,married,secondary,no,10252,no,no,cellular,yes
9882,39,technician,married,tertiary,no,11766,yes,no,cellular,no
9883,47,management,married,tertiary,no,1147,no,no,cellular,yes
9884,35,management,single,tertiary,no,671,yes,no,cellular,yes
9885,48,technician,divorced,tertiary,no,2328,no,no,cellular,no
9886,32,housemaid,married,tertiary,no,10,yes,no,unknown,no
9887,29,services,single,secondary,no,9,no,yes,cellular,no
9888,35,technician,single,tertiary,no,144,yes,yes,cellular,no
9889,44,housemaid,single,secondary,no,299,no,no,cellular,no
9890,48,technician,married,secondary,no,256,yes,no,unknown,no
9891,57,admin.,married,unknown,no,2038,no,no,cellular,yes
9892,36,admin.,single,secondary,no,2556,yes,no,cellular,no
9893,28,student,single,secondary,no,67,no,no,cellular,yes
9894,34,management,married,tertiary,no,179,yes,no,cellular,no
9895,37,management,married,tertiary,no,3556,no,no,cellular,yes
9896,61,retired,married,primary,no,8729,no,no,cellular,yes
9897,23,management,single,tertiary,no,2143,no,no,cellular,yes
9898,39,admin.,married,secondary,no,3047,yes,no,cellular,no
9899,87,retired,married,primary,no,2190,no,no,telephone,yes
9900,37,blue-collar,married,primary,no,240,yes,no,cellular,no
9901,25,blue-collar,single,secondary,no,303,no,no,cellular,yes
9902,88,retired,married,primary,no,648,no,no,telephone,no
9903,48,blue-collar,married,secondary,no,741,yes,no,cellular,no
9904,50,management,married,tertiary,no,5108,yes,no,cellular,yes
9905,46,housemaid,married,secondary,no,38,no,no,cellular,yes
9906,53,management,married,tertiary,no,7067,no,no,unknown,no
9907,32,services,single,tertiary,no,0,no,no,cellular,no
9908,34,blue-collar,married,unknown,no,391,yes,yes,unknown,no
9909,57,blue-collar,divorced,primary,no,5041,yes,no,cellular,no
9910,36,entrepreneur,single,secondary,no,866,yes,no,cellular,yes
9911,51,unemployed,divorced,tertiary,no,0,no,no,cellular,yes
9912,48,blue-collar,married,primary,no,1080,yes,no,cellular,no
9913,38,entrepreneur,married,tertiary,no,170,yes,no,cellular,yes
9914,29,blue-collar,single,secondary,no,908,yes,no,unknown,yes
9915,30,management,single,secondary,no,186,yes,no,cellular,no
9916,51,management,married,tertiary,no,4917,no,no,cellular,yes
9917,34,self-employed,married,tertiary,no,1972,yes,no,cellular,no
9918,28,technician,single,tertiary,no,75,yes,yes,cellular,no
9919,47,blue-collar,married,primary,no,3038,yes,no,cellular,no
9920,36,technician,divorced,secondary,no,160,yes,no,unknown,no
9921,35,self-employed,married,tertiary,no,1178,yes,yes,cellular,no
9922,47,blue-collar,married,primary,no,4040,no,no,cellular,no
9923,42,technician,single,secondary,no,1364,yes,no,unknown,yes
9924,39,admin.,single,secondary,no,0,no,yes,unknown,no
9925,32,management,single,tertiary,no,728,yes,no,unknown,no
9926,50,self-employed,married,tertiary,no,202,yes,no,cellular,no
9927,33,management,single,tertiary,no,62,yes,no,cellular,yes
9928,42,admin.,married,primary,no,-306,yes,no,cellular,yes
9929,29,management,single,tertiary,no,92,no,no,cellular,yes
9930,38,services,married,primary,no,175,no,no,unknown,no
9931,30,technician,single,secondary,no,458,no,no,cellular,no
9932,54,admin.,married,secondary,no,602,no,no,cellular,yes
9933,24,student,single,primary,no,0,no,no,unknown,no
9934,48,management,married,tertiary,no,3842,no,no,cellular,no
9935,72,retired,married,secondary,no,1129,no,no,cellular,yes
9936,42,management,married,primary,no,5310,yes,no,cellular,yes
9937,58,technician,married,secondary,no,589,yes,no,cellular,yes
9938,50,management,married,tertiary,no,469,no,no,cellular,yes
9939,29,technician,married,secondary,no,95,no,yes,cellular,yes
9940,30,self-employed,single,tertiary,no,655,no,no,cellular,yes
9941,40,technician,married,secondary,no,503,yes,no,unknown,no
9942,42,management,married,primary,no,5310,yes,no,cellular,yes
9943,42,technician,married,secondary,no,3082,no,no,cellular,yes
9944,27,management,single,tertiary,no,831,no,no,cellular,yes
9945,33,management,single,tertiary,no,2667,yes,no,cellular,no
9946,43,entrepreneur,married,tertiary,no,13342,yes,no,cellular,no
9947,36,blue-collar,married,secondary,no,1797,yes,yes,cellular,no
9948,48,management,married,tertiary,no,1808,yes,no,cellular,yes
9949,32,technician,single,secondary,no,0,no,no,cellular,yes
9950,45,blue-collar,married,primary,yes,-443,yes,yes,cellular,yes
9951,42,blue-collar,married,primary,no,250,yes,no,unknown,no
9952,33,management,single,tertiary,no,1271,yes,no,cellular,yes
9953,49,entrepreneur,married,tertiary,no,313,yes,no,cellular,no
9954,45,unemployed,married,secondary,no,891,yes,no,unknown,yes
9955,63,retired,married,primary,no,48,no,no,cellular,yes
9956,59,blue-collar,married,secondary,yes,-918,yes,no,unknown,no
9957,47,technician,married,secondary,no,2283,yes,no,cellular,no
9958,53,retired,married,secondary,no,303,yes,no,unknown,no
9959,30,services,single,tertiary,no,1788,no,no,cellular,yes
9960,34,blue-collar,single,secondary,no,215,no,no,cellular,yes
9961,42,blue-collar,married,secondary,no,160,yes,yes,unknown,no
9962,30,technician,single,tertiary,no,655,no,no,cellular,yes
9963,50,unknown,married,unknown,no,558,no,no,cellular,yes
9964,30,admin.,single,tertiary,no,0,yes,no,cellular,yes
9965,29,management,single,tertiary,no,307,yes,no,cellular,yes
9966,46,unknown,married,unknown,no,2911,no,no,telephone,no
9967,26,services,single,tertiary,no,0,no,yes,telephone,yes
9968,36,management,married,tertiary,no,909,yes,yes,cellular,no
9969,30,technician,single,secondary,no,816,yes,no,unknown,yes
9970,40,admin.,single,tertiary,no,27,no,no,cellular,yes
9971,57,admin.,married,secondary,no,2120,no,no,cellular,yes
9972,36,admin.,single,secondary,no,0,yes,no,cellular,no
9973,29,services,single,secondary,no,146,yes,no,unknown,no
9974,24,student,single,unknown,no,782,no,no,cellular,no
9975,36,blue-collar,married,secondary,no,218,yes,no,cellular,yes
9976,33,unemployed,single,tertiary,no,1974,no,no,cellular,yes
9977,35,services,married,secondary,no,142,yes,no,cellular,no
9978,67,retired,married,primary,no,1430,no,no,cellular,yes
9979,45,blue-collar,married,secondary,no,603,no,no,cellular,no
9980,39,technician,single,secondary,no,201,no,yes,unknown,no
9981,46,management,divorced,tertiary,no,461,no,no,cellular,yes
9982,46,management,divorced,tertiary,no,558,no,no,cellular,yes
9983,33,management,married,tertiary,no,0,no,no,cellular,no
9984,54,blue-collar,married,unknown,no,-361,yes,no,unknown,no
9985,43,management,divorced,unknown,no,7702,no,no,cellular,no
9986,73,retired,single,secondary,no,1050,no,no,cellular,yes
9987,33,management,divorced,tertiary,no,2240,no,no,cellular,yes
9988,57,retired,married,unknown,no,-157,no,no,cellular,no
9989,55,management,married,unknown,no,179,no,no,unknown,no
9990,30,admin.,single,secondary,no,523,no,yes,cellular,no
9991,56,technician,married,tertiary,no,73,no,no,cellular,yes
9992,30,management,single,tertiary,no,697,no,no,cellular,yes
9993,33,technician,single,tertiary,no,538,yes,no,unknown,no
9994,48,blue-collar,married,secondary,no,1405,yes,no,unknown,yes
9995,29,management,single,tertiary,no,1445,no,no,cellular,yes
9996,36,management,married,tertiary,no,1604,yes,no,unknown,no
9997,46,technician,married,secondary,no,2149,yes,no,cellular,yes
9998,68,retired,single,tertiary,no,2144,no,no,cellular,yes
9999,51,technician,married,unknown,no,573,yes,yes,unknown,no
10000,72,retired,married,secondary,no,951,no,yes,cellular,yes
